{"Time":"2026-09-17T17:12:07.64893+08:00","Action":"start","Package":"github.com/TokenFlux/TokenRouter/internal/server"}
{"Time":"2026-09-17T17:12:07.649074+08:00","Action":"output","Package":"github.com/TokenFlux/TokenRouter/internal/server","Output":"?   \tgithub.com/TokenFlux/TokenRouter/internal/server\t[no test files]\n"}
{"Time":"2026-09-17T17:12:07.649092+08:00","Action":"start","Package":"github.com/TokenFlux/TokenRouter/internal/server/clientip"}
{"Time":"2026-09-17T17:12:07.649094+08:00","Action":"skip","Package":"github.com/TokenFlux/TokenRouter/internal/server","Elapsed":0}
{"Time":"2026-09-17T17:12:07.649119+08:00","Action":"output","Package":"github.com/TokenFlux/TokenRouter/internal/server/clientip","Output":"?   \tgithub.com/TokenFlux/TokenRouter/internal/server/clientip\t[no test files]\n"}
{"Time":"2026-09-17T17:12:07.649134+08:00","Action":"skip","Package":"github.com/TokenFlux/TokenRouter/internal/server/clientip","Elapsed":0}
{"Time":"2026-09-17T17:12:07.649139+08:00","Action":"start","Package":"github.com/TokenFlux/TokenRouter/internal/server/httpx"}
{"Time":"2026-09-17T17:12:08.615948+08:00","Action":"start","Package":"github.com/TokenFlux/TokenRouter/internal/server/middleware"}
{"Time":"2026-09-17T17:12:08.772306+08:00","Action":"start","Package":"github.com/TokenFlux/TokenRouter/internal/server/routes"}
{"Time":"2026-09-17T17:12:08.772363+08:00","Action":"start","Package":"github.com/TokenFlux/TokenRouter/internal/settings"}
{"Time":"2026-09-17T17:12:08.772411+08:00","Action":"start","Package":"github.com/TokenFlux/TokenRouter/internal/settings/postgres"}
{"Time":"2026-09-17T17:12:08.772441+08:00","Action":"output","Package":"github.com/TokenFlux/TokenRouter/internal/settings/postgres","Output":"?   \tgithub.com/TokenFlux/TokenRouter/internal/settings/postgres\t[no test files]\n"}
{"Time":"2026-09-17T17:12:08.772458+08:00","Action":"skip","Package":"github.com/TokenFlux/TokenRouter/internal/settings/postgres","Elapsed":0}
{"Time":"2026-09-17T17:12:08.772462+08:00","Action":"start","Package":"github.com/TokenFlux/TokenRouter/internal/settings/preaggregation"}
{"Time":"2026-09-17T17:12:08.772493+08:00","Action":"output","Package":"github.com/TokenFlux/TokenRouter/internal/settings/preaggregation","Output":"?   \tgithub.com/TokenFlux/TokenRouter/internal/settings/preaggregation\t[no test files]\n"}
{"Time":"2026-09-17T17:12:08.772498+08:00","Action":"start","Package":"github.com/TokenFlux/TokenRouter/internal/site/httpapi"}
{"Time":"2026-09-17T17:12:08.772503+08:00","Action":"skip","Package":"github.com/TokenFlux/TokenRouter/internal/settings/preaggregation","Elapsed":0}
{"Time":"2026-09-17T17:12:08.772519+08:00","Action":"start","Package":"github.com/TokenFlux/TokenRouter/internal/site/httpapi/dto"}
{"Time":"2026-09-17T17:12:08.772554+08:00","Action":"output","Package":"github.com/TokenFlux/TokenRouter/internal/site/httpapi/dto","Output":"?   \tgithub.com/TokenFlux/TokenRouter/internal/site/httpapi/dto\t[no test files]\n"}
{"Time":"2026-09-17T17:12:08.772563+08:00","Action":"skip","Package":"github.com/TokenFlux/TokenRouter/internal/site/httpapi/dto","Elapsed":0}
{"Time":"2026-09-17T17:12:08.772573+08:00","Action":"start","Package":"github.com/TokenFlux/TokenRouter/internal/pkg/errors"}
{"Time":"2026-09-17T17:12:08.772625+08:00","Action":"start","Package":"github.com/TokenFlux/TokenRouter/internal/pkg/response"}
{"Time":"2026-09-17T17:12:08.772638+08:00","Action":"output","Package":"github.com/TokenFlux/TokenRouter/internal/pkg/response","Output":"?   \tgithub.com/TokenFlux/TokenRouter/internal/pkg/response\t[no test files]\n"}
{"Time":"2026-09-17T17:12:08.772803+08:00","Action":"skip","Package":"github.com/TokenFlux/TokenRouter/internal/pkg/response","Elapsed":0}
{"Time":"2026-09-17T17:12:08.912735+08:00","Action":"run","Package":"github.com/TokenFlux/TokenRouter/internal/server/httpx","Test":"TestCompressedRequestRetainsReadBoundary"}
{"Time":"2026-09-17T17:12:08.912996+08:00","Action":"output","Package":"github.com/TokenFlux/TokenRouter/internal/server/httpx","Test":"TestCompressedRequestRetainsReadBoundary","Output":"=== RUN   TestCompressedRequestRetainsReadBoundary\n","OutputType":"frame"}
{"Time":"2026-09-17T17:12:09.00022+08:00","Action":"output","Package":"github.com/TokenFlux/TokenRouter/internal/server/httpx","Test":"TestCompressedRequestRetainsReadBoundary","Output":"--- PASS: TestCompressedRequestRetainsReadBoundary (0.09s)\n","OutputType":"frame"}
{"Time":"2026-09-17T17:12:09.000261+08:00","Action":"pass","Package":"github.com/TokenFlux/TokenRouter/internal/server/httpx","Test":"TestCompressedRequestRetainsReadBoundary","Elapsed":0.09}
{"Time":"2026-09-17T17:12:09.00029+08:00","Action":"run","Package":"github.com/TokenFlux/TokenRouter/internal/server/httpx","Test":"TestRequestBodyPreservesOuterLimit"}
{"Time":"2026-09-17T17:12:09.000294+08:00","Action":"output","Package":"github.com/TokenFlux/TokenRouter/internal/server/httpx","Test":"TestRequestBodyPreservesOuterLimit","Output":"=== RUN   TestRequestBodyPreservesOuterLimit\n","OutputType":"frame"}
{"Time":"2026-09-17T17:12:09.000301+08:00","Action":"output","Package":"github.com/TokenFlux/TokenRouter/internal/server/httpx","Test":"TestRequestBodyPreservesOuterLimit","Output":"--- PASS: TestRequestBodyPreservesOuterLimit (0.00s)\n","OutputType":"frame"}
{"Time":"2026-09-17T17:12:09.000304+08:00","Action":"pass","Package":"github.com/TokenFlux/TokenRouter/internal/server/httpx","Test":"TestRequestBodyPreservesOuterLimit","Elapsed":0}
{"Time":"2026-09-17T17:12:09.000307+08:00","Action":"run","Package":"github.com/TokenFlux/TokenRouter/internal/server/httpx","Test":"TestReadRequestBodyWithPrealloc_PassesThroughIdentity"}
{"Time":"2026-09-17T17:12:09.000309+08:00","Action":"output","Package":"github.com/TokenFlux/TokenRouter/internal/server/httpx","Test":"TestReadRequestBodyWithPrealloc_PassesThroughIdentity","Output":"=== RUN   TestReadRequestBodyWithPrealloc_PassesThroughIdentity\n","OutputType":"frame"}
{"Time":"2026-09-17T17:12:09.00032+08:00","Action":"output","Package":"github.com/TokenFlux/TokenRouter/internal/server/httpx","Test":"TestReadRequestBodyWithPrealloc_PassesThroughIdentity","Output":"--- PASS: TestReadRequestBodyWithPrealloc_PassesThroughIdentity (0.00s)\n","OutputType":"frame"}
{"Time":"2026-09-17T17:12:09.000323+08:00","Action":"pass","Package":"github.com/TokenFlux/TokenRouter/internal/server/httpx","Test":"TestReadRequestBodyWithPrealloc_PassesThroughIdentity","Elapsed":0}
{"Time":"2026-09-17T17:12:09.000333+08:00","Action":"run","Package":"github.com/TokenFlux/TokenRouter/internal/server/httpx","Test":"TestReadRequestBodyWithPrealloc_DecodesZstd"}
{"Time":"2026-09-17T17:12:09.000335+08:00","Action":"output","Package":"github.com/TokenFlux/TokenRouter/internal/server/httpx","Test":"TestReadRequestBodyWithPrealloc_DecodesZstd","Output":"=== RUN   TestReadRequestBodyWithPrealloc_DecodesZstd\n","OutputType":"frame"}
{"Time":"2026-09-17T17:12:09.000599+08:00","Action":"output","Package":"github.com/TokenFlux/TokenRouter/internal/server/httpx","Test":"TestReadRequestBodyWithPrealloc_DecodesZstd","Output":"--- PASS: TestReadRequestBodyWithPrealloc_DecodesZstd (0.00s)\n","OutputType":"frame"}
{"Time":"2026-09-17T17:12:09.000607+08:00","Action":"pass","Package":"github.com/TokenFlux/TokenRouter/internal/server/httpx","Test":"TestReadRequestBodyWithPrealloc_DecodesZstd","Elapsed":0}
{"Time":"2026-09-17T17:12:09.00061+08:00","Action":"run","Package":"github.com/TokenFlux/TokenRouter/internal/server/httpx","Test":"TestReadRequestBodyWithPrealloc_DecodesGzip"}
{"Time":"2026-09-17T17:12:09.000612+08:00","Action":"output","Package":"github.com/TokenFlux/TokenRouter/internal/server/httpx","Test":"TestReadRequestBodyWithPrealloc_DecodesGzip","Output":"=== RUN   TestReadRequestBodyWithPrealloc_DecodesGzip\n","OutputType":"frame"}
{"Time":"2026-09-17T17:12:09.000682+08:00","Action":"output","Package":"github.com/TokenFlux/TokenRouter/internal/server/httpx","Test":"TestReadRequestBodyWithPrealloc_DecodesGzip","Output":"--- PASS: TestReadRequestBodyWithPrealloc_DecodesGzip (0.00s)\n","OutputType":"frame"}
{"Time":"2026-09-17T17:12:09.000686+08:00","Action":"pass","Package":"github.com/TokenFlux/TokenRouter/internal/server/httpx","Test":"TestReadRequestBodyWithPrealloc_DecodesGzip","Elapsed":0}
{"Time":"2026-09-17T17:12:09.000701+08:00","Action":"run","Package":"github.com/TokenFlux/TokenRouter/internal/server/httpx","Test":"TestReadRequestBodyWithPrealloc_DecodesDeflate"}
{"Time":"2026-09-17T17:12:09.000703+08:00","Action":"output","Package":"github.com/TokenFlux/TokenRouter/internal/server/httpx","Test":"TestReadRequestBodyWithPrealloc_DecodesDeflate","Output":"=== RUN   TestReadRequestBodyWithPrealloc_DecodesDeflate\n","OutputType":"frame"}
{"Time":"2026-09-17T17:12:09.000742+08:00","Action":"output","Package":"github.com/TokenFlux/TokenRouter/internal/server/httpx","Test":"TestReadRequestBodyWithPrealloc_DecodesDeflate","Output":"--- PASS: TestReadRequestBodyWithPrealloc_DecodesDeflate (0.00s)\n","OutputType":"frame"}
{"Time":"2026-09-17T17:12:09.000746+08:00","Action":"pass","Package":"github.com/TokenFlux/TokenRouter/internal/server/httpx","Test":"TestReadRequestBodyWithPrealloc_DecodesDeflate","Elapsed":0}
{"Time":"2026-09-17T17:12:09.000747+08:00","Action":"run","Package":"github.com/TokenFlux/TokenRouter/internal/server/httpx","Test":"TestReadRequestBodyWithPrealloc_RejectsUnsupportedEncoding"}
{"Time":"2026-09-17T17:12:09.000749+08:00","Action":"output","Package":"github.com/TokenFlux/TokenRouter/internal/server/httpx","Test":"TestReadRequestBodyWithPrealloc_RejectsUnsupportedEncoding","Output":"=== RUN   TestReadRequestBodyWithPrealloc_RejectsUnsupportedEncoding\n","OutputType":"frame"}
{"Time":"2026-09-17T17:12:09.000763+08:00","Action":"output","Package":"github.com/TokenFlux/TokenRouter/internal/server/httpx","Test":"TestReadRequestBodyWithPrealloc_RejectsUnsupportedEncoding","Output":"--- PASS: TestReadRequestBodyWithPrealloc_RejectsUnsupportedEncoding (0.00s)\n","OutputType":"frame"}
{"Time":"2026-09-17T17:12:09.000766+08:00","Action":"pass","Package":"github.com/TokenFlux/TokenRouter/internal/server/httpx","Test":"TestReadRequestBodyWithPrealloc_RejectsUnsupportedEncoding","Elapsed":0}
{"Time":"2026-09-17T17:12:09.000788+08:00","Action":"run","Package":"github.com/TokenFlux/TokenRouter/internal/server/httpx","Test":"TestReadRequestBodyWithPrealloc_RejectsCorruptZstd"}
{"Time":"2026-09-17T17:12:09.00079+08:00","Action":"output","Package":"github.com/TokenFlux/TokenRouter/internal/server/httpx","Test":"TestReadRequestBodyWithPrealloc_RejectsCorruptZstd","Output":"=== RUN   TestReadRequestBodyWithPrealloc_RejectsCorruptZstd\n","OutputType":"frame"}
{"Time":"2026-09-17T17:12:09.000792+08:00","Action":"output","Package":"github.com/TokenFlux/TokenRouter/internal/server/httpx","Test":"TestReadRequestBodyWithPrealloc_RejectsCorruptZstd","Output":"--- PASS: TestReadRequestBodyWithPrealloc_RejectsCorruptZstd (0.00s)\n","OutputType":"frame"}
{"Time":"2026-09-17T17:12:09.000794+08:00","Action":"pass","Package":"github.com/TokenFlux/TokenRouter/internal/server/httpx","Test":"TestReadRequestBodyWithPrealloc_RejectsCorruptZstd","Elapsed":0}
{"Time":"2026-09-17T17:12:09.000796+08:00","Action":"run","Package":"github.com/TokenFlux/TokenRouter/internal/server/httpx","Test":"TestReadRequestBodyWithPrealloc_NilBody"}
{"Time":"2026-09-17T17:12:09.000798+08:00","Action":"output","Package":"github.com/TokenFlux/TokenRouter/internal/server/httpx","Test":"TestReadRequestBodyWithPrealloc_NilBody","Output":"=== RUN   TestReadRequestBodyWithPrealloc_NilBody\n","OutputType":"frame"}
{"Time":"2026-09-17T17:12:09.0008+08:00","Action":"output","Package":"github.com/TokenFlux/TokenRouter/internal/server/httpx","Test":"TestReadRequestBodyWithPrealloc_NilBody","Output":"--- PASS: TestReadRequestBodyWithPrealloc_NilBody (0.00s)\n","OutputType":"frame"}
{"Time":"2026-09-17T17:12:09.000801+08:00","Action":"pass","Package":"github.com/TokenFlux/TokenRouter/internal/server/httpx","Test":"TestReadRequestBodyWithPrealloc_NilBody","Elapsed":0}
{"Time":"2026-09-17T17:12:09.000803+08:00","Action":"run","Package":"github.com/TokenFlux/TokenRouter/internal/server/httpx","Test":"TestReadRequestBodyWithPrealloc_RespectsIdentityEncoding"}
{"Time":"2026-09-17T17:12:09.000807+08:00","Action":"output","Package":"github.com/TokenFlux/TokenRouter/internal/server/httpx","Test":"TestReadRequestBodyWithPrealloc_RespectsIdentityEncoding","Output":"=== RUN   TestReadRequestBodyWithPrealloc_RespectsIdentityEncoding\n","OutputType":"frame"}
{"Time":"2026-09-17T17:12:09.00081+08:00","Action":"output","Package":"github.com/TokenFlux/TokenRouter/internal/server/httpx","Test":"TestReadRequestBodyWithPrealloc_RespectsIdentityEncoding","Output":"--- PASS: TestReadRequestBodyWithPrealloc_RespectsIdentityEncoding (0.00s)\n","OutputType":"frame"}
{"Time":"2026-09-17T17:12:09.000812+08:00","Action":"pass","Package":"github.com/TokenFlux/TokenRouter/internal/server/httpx","Test":"TestReadRequestBodyWithPrealloc_RespectsIdentityEncoding","Elapsed":0}
{"Time":"2026-09-17T17:12:09.000813+08:00","Action":"output","Package":"github.com/TokenFlux/TokenRouter/internal/server/httpx","Output":"PASS\n","OutputType":"frame"}
{"Time":"2026-09-17T17:12:09.003932+08:00","Action":"output","Package":"github.com/TokenFlux/TokenRouter/internal/server/httpx","Output":"ok  \tgithub.com/TokenFlux/TokenRouter/internal/server/httpx\t1.355s\n"}
{"Time":"2026-09-17T17:12:09.004099+08:00","Action":"pass","Package":"github.com/TokenFlux/TokenRouter/internal/server/httpx","Elapsed":1.355}
{"Time":"2026-09-17T17:12:09.99438+08:00","Action":"run","Package":"github.com/TokenFlux/TokenRouter/internal/server/middleware","Test":"TestGoogleAPIKeyAuthRejectsOversizedCredentialsBeforeLookup"}
{"Time":"2026-09-17T17:12:09.994443+08:00","Action":"output","Package":"github.com/TokenFlux/TokenRouter/internal/server/middleware","Test":"TestGoogleAPIKeyAuthRejectsOversizedCredentialsBeforeLookup","Output":"=== RUN   TestGoogleAPIKeyAuthRejectsOversizedCredentialsBeforeLookup\n","OutputType":"frame"}
{"Time":"2026-09-17T17:12:09.994844+08:00","Action":"output","Package":"github.com/TokenFlux/TokenRouter/internal/server/middleware","Test":"TestGoogleAPIKeyAuthRejectsOversizedCredentialsBeforeLookup","Output":"--- PASS: TestGoogleAPIKeyAuthRejectsOversizedCredentialsBeforeLookup (0.00s)\n","OutputType":"frame"}
{"Time":"2026-09-17T17:12:09.994861+08:00","Action":"pass","Package":"github.com/TokenFlux/TokenRouter/internal/server/middleware","Test":"TestGoogleAPIKeyAuthRejectsOversizedCredentialsBeforeLookup","Elapsed":0}
{"Time":"2026-09-17T17:12:09.994872+08:00","Action":"run","Package":"github.com/TokenFlux/TokenRouter/internal/server/middleware","Test":"TestGoogleAPIKeyAuthMarksLookupBulkheadRejection"}
{"Time":"2026-09-17T17:12:09.994889+08:00","Action":"output","Package":"github.com/TokenFlux/TokenRouter/internal/server/middleware","Test":"TestGoogleAPIKeyAuthMarksLookupBulkheadRejection","Output":"=== RUN   TestGoogleAPIKeyAuthMarksLookupBulkheadRejection\n","OutputType":"frame"}
{"Time":"2026-09-17T17:12:09.994982+08:00","Action":"output","Package":"github.com/TokenFlux/TokenRouter/internal/server/middleware","Test":"TestGoogleAPIKeyAuthMarksLookupBulkheadRejection","Output":"--- PASS: TestGoogleAPIKeyAuthMarksLookupBulkheadRejection (0.00s)\n","OutputType":"frame"}
{"Time":"2026-09-17T17:12:09.994988+08:00","Action":"pass","Package":"github.com/TokenFlux/TokenRouter/internal/server/middleware","Test":"TestGoogleAPIKeyAuthMarksLookupBulkheadRejection","Elapsed":0}
{"Time":"2026-09-17T17:12:09.994991+08:00","Action":"run","Package":"github.com/TokenFlux/TokenRouter/internal/server/middleware","Test":"TestGoogleAPIKeyAuthCompositeModelListStillChecksQuota"}
{"Time":"2026-09-17T17:12:09.994993+08:00","Action":"output","Package":"github.com/TokenFlux/TokenRouter/internal/server/middleware","Test":"TestGoogleAPIKeyAuthCompositeModelListStillChecksQuota","Output":"=== RUN   TestGoogleAPIKeyAuthCompositeModelListStillChecksQuota\n","OutputType":"frame"}
{"Time":"2026-09-17T17:12:09.995169+08:00","Action":"output","Package":"github.com/TokenFlux/TokenRouter/internal/server/middleware","Test":"TestGoogleAPIKeyAuthCompositeModelListStillChecksQuota","Output":"--- PASS: TestGoogleAPIKeyAuthCompositeModelListStillChecksQuota (0.00s)\n","OutputType":"frame"}
{"Time":"2026-09-17T17:12:09.995186+08:00","Action":"pass","Package":"github.com/TokenFlux/TokenRouter/internal/server/middleware","Test":"TestGoogleAPIKeyAuthCompositeModelListStillChecksQuota","Elapsed":0}
{"Time":"2026-09-17T17:12:09.995188+08:00","Action":"run","Package":"github.com/TokenFlux/TokenRouter/internal/server/middleware","Test":"TestAPIKeyAuthWithSubscriptionGoogle_UsageKeepsUnavailablePreferredSubscription"}
{"Time":"2026-09-17T17:12:09.995191+08:00","Action":"output","Package":"github.com/TokenFlux/TokenRouter/internal/server/middleware","Test":"TestAPIKeyAuthWithSubscriptionGoogle_UsageKeepsUnavailablePreferredSubscription","Output":"=== RUN   TestAPIKeyAuthWithSubscriptionGoogle_UsageKeepsUnavailablePreferredSubscription\n","OutputType":"frame"}
{"Time":"2026-09-17T17:12:09.995352+08:00","Action":"output","Package":"github.com/TokenFlux/TokenRouter/internal/server/middleware","Test":"TestAPIKeyAuthWithSubscriptionGoogle_UsageKeepsUnavailablePreferredSubscription","Output":"--- PASS: TestAPIKeyAuthWithSubscriptionGoogle_UsageKeepsUnavailablePreferredSubscription (0.00s)\n","OutputType":"frame"}
{"Time":"2026-09-17T17:12:09.99537+08:00","Action":"pass","Package":"github.com/TokenFlux/TokenRouter/internal/server/middleware","Test":"TestAPIKeyAuthWithSubscriptionGoogle_UsageKeepsUnavailablePreferredSubscription","Elapsed":0}
{"Time":"2026-09-17T17:12:09.995377+08:00","Action":"run","Package":"github.com/TokenFlux/TokenRouter/internal/server/middleware","Test":"TestApiKeyAuthWithSubscriptionGoogle_MissingKey"}
{"Time":"2026-09-17T17:12:09.995379+08:00","Action":"output","Package":"github.com/TokenFlux/TokenRouter/internal/server/middleware","Test":"TestApiKeyAuthWithSubscriptionGoogle_MissingKey","Output":"=== RUN   TestApiKeyAuthWithSubscriptionGoogle_MissingKey\n","OutputType":"frame"}
{"Time":"2026-09-17T17:12:09.995383+08:00","Action":"output","Package":"github.com/TokenFlux/TokenRouter/internal/server/middleware","Test":"TestApiKeyAuthWithSubscriptionGoogle_MissingKey","Output":"--- PASS: TestApiKeyAuthWithSubscriptionGoogle_MissingKey (0.00s)\n","OutputType":"frame"}
{"Time":"2026-09-17T17:12:09.995385+08:00","Action":"pass","Package":"github.com/TokenFlux/TokenRouter/internal/server/middleware","Test":"TestApiKeyAuthWithSubscriptionGoogle_MissingKey","Elapsed":0}
{"Time":"2026-09-17T17:12:09.995387+08:00","Action":"run","Package":"github.com/TokenFlux/TokenRouter/internal/server/middleware","Test":"TestApiKeyAuthWithSubscriptionGoogle_QueryApiKeyRejected"}
{"Time":"2026-09-17T17:12:09.995388+08:00","Action":"output","Package":"github.com/TokenFlux/TokenRouter/internal/server/middleware","Test":"TestApiKeyAuthWithSubscriptionGoogle_QueryApiKeyRejected","Output":"=== RUN   TestApiKeyAuthWithSubscriptionGoogle_QueryApiKeyRejected\n","OutputType":"frame"}
{"Time":"2026-09-17T17:12:09.995391+08:00","Action":"output","Package":"github.com/TokenFlux/TokenRouter/internal/server/middleware","Test":"TestApiKeyAuthWithSubscriptionGoogle_QueryApiKeyRejected","Output":"--- PASS: TestApiKeyAuthWithSubscriptionGoogle_QueryApiKeyRejected (0.00s)\n","OutputType":"frame"}
{"Time":"2026-09-17T17:12:09.995393+08:00","Action":"pass","Package":"github.com/TokenFlux/TokenRouter/internal/server/middleware","Test":"TestApiKeyAuthWithSubscriptionGoogle_QueryApiKeyRejected","Elapsed":0}
{"Time":"2026-09-17T17:12:09.995395+08:00","Action":"run","Package":"github.com/TokenFlux/TokenRouter/internal/server/middleware","Test":"TestApiKeyAuthWithSubscriptionGoogleSetsGroupContext"}
{"Time":"2026-09-17T17:12:09.995397+08:00","Action":"output","Package":"github.com/TokenFlux/TokenRouter/internal/server/middleware","Test":"TestApiKeyAuthWithSubscriptionGoogleSetsGroupContext","Output":"=== RUN   TestApiKeyAuthWithSubscriptionGoogleSetsGroupContext\n","OutputType":"frame"}
{"Time":"2026-09-17T17:12:09.995401+08:00","Action":"output","Package":"github.com/TokenFlux/TokenRouter/internal/server/middleware","Test":"TestApiKeyAuthWithSubscriptionGoogleSetsGroupContext","Output":"--- PASS: TestApiKeyAuthWithSubscriptionGoogleSetsGroupContext (0.00s)\n","OutputType":"frame"}
{"Time":"2026-09-17T17:12:09.995406+08:00","Action":"pass","Package":"github.com/TokenFlux/TokenRouter/internal/server/middleware","Test":"TestApiKeyAuthWithSubscriptionGoogleSetsGroupContext","Elapsed":0}
{"Time":"2026-09-17T17:12:09.995408+08:00","Action":"run","Package":"github.com/TokenFlux/TokenRouter/internal/server/middleware","Test":"TestApiKeyAuthWithSubscriptionGoogle_QueryKeyAllowedOnV1Beta"}
{"Time":"2026-09-17T17:12:09.99541+08:00","Action":"output","Package":"github.com/TokenFlux/TokenRouter/internal/server/middleware","Test":"TestApiKeyAuthWithSubscriptionGoogle_QueryKeyAllowedOnV1Beta","Output":"=== RUN   TestApiKeyAuthWithSubscriptionGoogle_QueryKeyAllowedOnV1Beta\n","OutputType":"frame"}
{"Time":"2026-09-17T17:12:09.995417+08:00","Action":"output","Package":"github.com/TokenFlux/TokenRouter/internal/server/middleware","Test":"TestApiKeyAuthWithSubscriptionGoogle_QueryKeyAllowedOnV1Beta","Output":"--- PASS: TestApiKeyAuthWithSubscriptionGoogle_QueryKeyAllowedOnV1Beta (0.00s)\n","OutputType":"frame"}
{"Time":"2026-09-17T17:12:09.995419+08:00","Action":"pass","Package":"github.com/TokenFlux/TokenRouter/internal/server/middleware","Test":"TestApiKeyAuthWithSubscriptionGoogle_QueryKeyAllowedOnV1Beta","Elapsed":0}
{"Time":"2026-09-17T17:12:09.995421+08:00","Action":"run","Package":"github.com/TokenFlux/TokenRouter/internal/server/middleware","Test":"TestApiKeyAuthWithSubscriptionGoogle_InvalidKey"}
{"Time":"2026-09-17T17:12:09.995423+08:00","Action":"output","Package":"github.com/TokenFlux/TokenRouter/internal/server/middleware","Test":"TestApiKeyAuthWithSubscriptionGoogle_InvalidKey","Output":"=== RUN   TestApiKeyAuthWithSubscriptionGoogle_InvalidKey\n","OutputType":"frame"}
{"Time":"2026-09-17T17:12:09.995436+08:00","Action":"output","Package":"github.com/TokenFlux/TokenRouter/internal/server/middleware","Test":"TestApiKeyAuthWithSubscriptionGoogle_InvalidKey","Output":"--- PASS: TestApiKeyAuthWithSubscriptionGoogle_InvalidKey (0.00s)\n","OutputType":"frame"}
{"Time":"2026-09-17T17:12:09.995438+08:00","Action":"pass","Package":"github.com/TokenFlux/TokenRouter/internal/server/middleware","Test":"TestApiKeyAuthWithSubscriptionGoogle_InvalidKey","Elapsed":0}
{"Time":"2026-09-17T17:12:09.99544+08:00","Action":"run","Package":"github.com/TokenFlux/TokenRouter/internal/server/middleware","Test":"TestApiKeyAuthWithSubscriptionGoogle_MarksUnavailableGroupBusinessLimited"}
{"Time":"2026-09-17T17:12:09.995441+08:00","Action":"output","Package":"github.com/TokenFlux/TokenRouter/internal/server/middleware","Test":"TestApiKeyAuthWithSubscriptionGoogle_MarksUnavailableGroupBusinessLimited","Output":"=== RUN   TestApiKeyAuthWithSubscriptionGoogle_MarksUnavailableGroupBusinessLimited\n","OutputType":"frame"}
{"Time":"2026-09-17T17:12:09.995468+08:00","Action":"output","Package":"github.com/TokenFlux/TokenRouter/internal/server/middleware","Test":"TestApiKeyAuthWithSubscriptionGoogle_MarksUnavailableGroupBusinessLimited","Output":"--- PASS: TestApiKeyAuthWithSubscriptionGoogle_MarksUnavailableGroupBusinessLimited (0.00s)\n","OutputType":"frame"}
{"Time":"2026-09-17T17:12:09.995478+08:00","Action":"pass","Package":"github.com/TokenFlux/TokenRouter/internal/server/middleware","Test":"TestApiKeyAuthWithSubscriptionGoogle_MarksUnavailableGroupBusinessLimited","Elapsed":0}
{"Time":"2026-09-17T17:12:09.995482+08:00","Action":"run","Package":"github.com/TokenFlux/TokenRouter/internal/server/middleware","Test":"TestApiKeyAuthWithSubscriptionGoogle_RepoError"}
{"Time":"2026-09-17T17:12:09.995485+08:00","Action":"output","Package":"github.com/TokenFlux/TokenRouter/internal/server/middleware","Test":"TestApiKeyAuthWithSubscriptionGoogle_RepoError","Output":"=== RUN   TestApiKeyAuthWithSubscriptionGoogle_RepoError\n","OutputType":"frame"}
{"Time":"2026-09-17T17:12:09.995489+08:00","Action":"output","Package":"github.com/TokenFlux/TokenRouter/internal/server/middleware","Test":"TestApiKeyAuthWithSubscriptionGoogle_RepoError","Output":"--- PASS: TestApiKeyAuthWithSubscriptionGoogle_RepoError (0.00s)\n","OutputType":"frame"}
{"Time":"2026-09-17T17:12:09.9955+08:00","Action":"pass","Package":"github.com/TokenFlux/TokenRouter/internal/server/middleware","Test":"TestApiKeyAuthWithSubscriptionGoogle_RepoError","Elapsed":0}
{"Time":"2026-09-17T17:12:09.995503+08:00","Action":"run","Package":"github.com/TokenFlux/TokenRouter/internal/server/middleware","Test":"TestApiKeyAuthWithSubscriptionGoogle_DisabledKey"}
{"Time":"2026-09-17T17:12:09.995505+08:00","Action":"output","Package":"github.com/TokenFlux/TokenRouter/internal/server/middleware","Test":"TestApiKeyAuthWithSubscriptionGoogle_DisabledKey","Output":"=== RUN   TestApiKeyAuthWithSubscriptionGoogle_DisabledKey\n","OutputType":"frame"}
{"Time":"2026-09-17T17:12:09.995514+08:00","Action":"output","Package":"github.com/TokenFlux/TokenRouter/internal/server/middleware","Test":"TestApiKeyAuthWithSubscriptionGoogle_DisabledKey","Output":"--- PASS: TestApiKeyAuthWithSubscriptionGoogle_DisabledKey (0.00s)\n","OutputType":"frame"}
{"Time":"2026-09-17T17:12:09.995516+08:00","Action":"pass","Package":"github.com/TokenFlux/TokenRouter/internal/server/middleware","Test":"TestApiKeyAuthWithSubscriptionGoogle_DisabledKey","Elapsed":0}
{"Time":"2026-09-17T17:12:09.995518+08:00","Action":"run","Package":"github.com/TokenFlux/TokenRouter/internal/server/middleware","Test":"TestApiKeyAuthWithSubscriptionGoogle_RejectsRuntimeKeyRestrictions"}
{"Time":"2026-09-17T17:12:09.995521+08:00","Action":"output","Package":"github.com/TokenFlux/TokenRouter/internal/server/middleware","Test":"TestApiKeyAuthWithSubscriptionGoogle_RejectsRuntimeKeyRestrictions","Output":"=== RUN   TestApiKeyAuthWithSubscriptionGoogle_RejectsRuntimeKeyRestrictions\n","OutputType":"frame"}
{"Time":"2026-09-17T17:12:09.995535+08:00","Action":"run","Package":"github.com/TokenFlux/TokenRouter/internal/server/middleware","Test":"TestApiKeyAuthWithSubscriptionGoogle_RejectsRuntimeKeyRestrictions/expired_at"}
{"Time":"2026-09-17T17:12:09.995538+08:00","Action":"output","Package":"github.com/TokenFlux/TokenRouter/internal/server/middleware","Test":"TestApiKeyAuthWithSubscriptionGoogle_RejectsRuntimeKeyRestrictions/expired_at","Output":"=== RUN   TestApiKeyAuthWithSubscriptionGoogle_RejectsRuntimeKeyRestrictions/expired_at\n","OutputType":"frame"}
{"Time":"2026-09-17T17:12:09.995551+08:00","Action":"output","Package":"github.com/TokenFlux/TokenRouter/internal/server/middleware","Test":"TestApiKeyAuthWithSubscriptionGoogle_RejectsRuntimeKeyRestrictions/expired_at","Output":"--- PASS: TestApiKeyAuthWithSubscriptionGoogle_RejectsRuntimeKeyRestrictions/expired_at (0.00s)\n","OutputType":"frame"}
{"Time":"2026-09-17T17:12:09.995556+08:00","Action":"pass","Package":"github.com/TokenFlux/TokenRouter/internal/server/middleware","Test":"TestApiKeyAuthWithSubscriptionGoogle_RejectsRuntimeKeyRestrictions/expired_at","Elapsed":0}
{"Time":"2026-09-17T17:12:09.995558+08:00","Action":"run","Package":"github.com/TokenFlux/TokenRouter/internal/server/middleware","Test":"TestApiKeyAuthWithSubscriptionGoogle_RejectsRuntimeKeyRestrictions/quota_exhausted"}
{"Time":"2026-09-17T17:12:09.99556+08:00","Action":"output","Package":"github.com/TokenFlux/TokenRouter/internal/server/middleware","Test":"TestApiKeyAuthWithSubscriptionGoogle_RejectsRuntimeKeyRestrictions/quota_exhausted","Output":"=== RUN   TestApiKeyAuthWithSubscriptionGoogle_RejectsRuntimeKeyRestrictions/quota_exhausted\n","OutputType":"frame"}
{"Time":"2026-09-17T17:12:09.995564+08:00","Action":"output","Package":"github.com/TokenFlux/TokenRouter/internal/server/middleware","Test":"TestApiKeyAuthWithSubscriptionGoogle_RejectsRuntimeKeyRestrictions/quota_exhausted","Output":"--- PASS: TestApiKeyAuthWithSubscriptionGoogle_RejectsRuntimeKeyRestrictions/quota_exhausted (0.00s)\n","OutputType":"frame"}
{"Time":"2026-09-17T17:12:09.995567+08:00","Action":"pass","Package":"github.com/TokenFlux/TokenRouter/internal/server/middleware","Test":"TestApiKeyAuthWithSubscriptionGoogle_RejectsRuntimeKeyRestrictions/quota_exhausted","Elapsed":0}
{"Time":"2026-09-17T17:12:09.995572+08:00","Action":"output","Package":"github.com/TokenFlux/TokenRouter/internal/server/middleware","Test":"TestApiKeyAuthWithSubscriptionGoogle_RejectsRuntimeKeyRestrictions","Output":"--- PASS: TestApiKeyAuthWithSubscriptionGoogle_RejectsRuntimeKeyRestrictions (0.00s)\n","OutputType":"frame"}
{"Time":"2026-09-17T17:12:09.995573+08:00","Action":"pass","Package":"github.com/TokenFlux/TokenRouter/internal/server/middleware","Test":"TestApiKeyAuthWithSubscriptionGoogle_RejectsRuntimeKeyRestrictions","Elapsed":0}
{"Time":"2026-09-17T17:12:09.995583+08:00","Action":"run","Package":"github.com/TokenFlux/TokenRouter/internal/server/middleware","Test":"TestApiKeyAuthWithSubscriptionGoogle_IPRestrictionDoesNotTrustForwardedClientIPByDefault"}
{"Time":"2026-09-17T17:12:09.995585+08:00","Action":"output","Package":"github.com/TokenFlux/TokenRouter/internal/server/middleware","Test":"TestApiKeyAuthWithSubscriptionGoogle_IPRestrictionDoesNotTrustForwardedClientIPByDefault","Output":"=== RUN   TestApiKeyAuthWithSubscriptionGoogle_IPRestrictionDoesNotTrustForwardedClientIPByDefault\n","OutputType":"frame"}
{"Time":"2026-09-17T17:12:09.995605+08:00","Action":"output","Package":"github.com/TokenFlux/TokenRouter/internal/server/middleware","Test":"TestApiKeyAuthWithSubscriptionGoogle_IPRestrictionDoesNotTrustForwardedClientIPByDefault","Output":"--- PASS: TestApiKeyAuthWithSubscriptionGoogle_IPRestrictionDoesNotTrustForwardedClientIPByDefault (0.00s)\n","OutputType":"frame"}
{"Time":"2026-09-17T17:12:09.995608+08:00","Action":"pass","Package":"github.com/TokenFlux/TokenRouter/internal/server/middleware","Test":"TestApiKeyAuthWithSubscriptionGoogle_IPRestrictionDoesNotTrustForwardedClientIPByDefault","Elapsed":0}
{"Time":"2026-09-17T17:12:09.99561+08:00","Action":"run","Package":"github.com/TokenFlux/TokenRouter/internal/server/middleware","Test":"TestApiKeyAuthWithSubscriptionGoogle_InsufficientBalance"}
{"Time":"2026-09-17T17:12:09.995612+08:00","Action":"output","Package":"github.com/TokenFlux/TokenRouter/internal/server/middleware","Test":"TestApiKeyAuthWithSubscriptionGoogle_InsufficientBalance","Output":"=== RUN   TestApiKeyAuthWithSubscriptionGoogle_InsufficientBalance\n","OutputType":"frame"}
{"Time":"2026-09-17T17:12:09.995636+08:00","Action":"output","Package":"github.com/TokenFlux/TokenRouter/internal/server/middleware","Test":"TestApiKeyAuthWithSubscriptionGoogle_InsufficientBalance","Output":"--- PASS: TestApiKeyAuthWithSubscriptionGoogle_InsufficientBalance (0.00s)\n","OutputType":"frame"}
{"Time":"2026-09-17T17:12:09.99564+08:00","Action":"pass","Package":"github.com/TokenFlux/TokenRouter/internal/server/middleware","Test":"TestApiKeyAuthWithSubscriptionGoogle_InsufficientBalance","Elapsed":0}
{"Time":"2026-09-17T17:12:09.995652+08:00","Action":"run","Package":"github.com/TokenFlux/TokenRouter/internal/server/middleware","Test":"TestApiKeyAuthWithSubscriptionGoogle_BalanceBelowMinimumReserve"}
{"Time":"2026-09-17T17:12:09.995654+08:00","Action":"output","Package":"github.com/TokenFlux/TokenRouter/internal/server/middleware","Test":"TestApiKeyAuthWithSubscriptionGoogle_BalanceBelowMinimumReserve","Output":"=== RUN   TestApiKeyAuthWithSubscriptionGoogle_BalanceBelowMinimumReserve\n","OutputType":"frame"}
{"Time":"2026-09-17T17:12:09.995656+08:00","Action":"output","Package":"github.com/TokenFlux/TokenRouter/internal/server/middleware","Test":"TestApiKeyAuthWithSubscriptionGoogle_BalanceBelowMinimumReserve","Output":"--- PASS: TestApiKeyAuthWithSubscriptionGoogle_BalanceBelowMinimumReserve (0.00s)\n","OutputType":"frame"}
{"Time":"2026-09-17T17:12:09.995658+08:00","Action":"pass","Package":"github.com/TokenFlux/TokenRouter/internal/server/middleware","Test":"TestApiKeyAuthWithSubscriptionGoogle_BalanceBelowMinimumReserve","Elapsed":0}
{"Time":"2026-09-17T17:12:09.99566+08:00","Action":"run","Package":"github.com/TokenFlux/TokenRouter/internal/server/middleware","Test":"TestApiKeyAuthWithSubscriptionGoogle_RejectsExhaustedBalance"}
{"Time":"2026-09-17T17:12:09.995662+08:00","Action":"output","Package":"github.com/TokenFlux/TokenRouter/internal/server/middleware","Test":"TestApiKeyAuthWithSubscriptionGoogle_RejectsExhaustedBalance","Output":"=== RUN   TestApiKeyAuthWithSubscriptionGoogle_RejectsExhaustedBalance\n","OutputType":"frame"}
{"Time":"2026-09-17T17:12:09.995669+08:00","Action":"output","Package":"github.com/TokenFlux/TokenRouter/internal/server/middleware","Test":"TestApiKeyAuthWithSubscriptionGoogle_RejectsExhaustedBalance","Output":"--- PASS: TestApiKeyAuthWithSubscriptionGoogle_RejectsExhaustedBalance (0.00s)\n","OutputType":"frame"}
{"Time":"2026-09-17T17:12:09.995671+08:00","Action":"pass","Package":"github.com/TokenFlux/TokenRouter/internal/server/middleware","Test":"TestApiKeyAuthWithSubscriptionGoogle_RejectsExhaustedBalance","Elapsed":0}
{"Time":"2026-09-17T17:12:09.995675+08:00","Action":"run","Package":"github.com/TokenFlux/TokenRouter/internal/server/middleware","Test":"TestApiKeyAuthWithSubscriptionGoogle_TouchesLastUsedOnSuccess"}
{"Time":"2026-09-17T17:12:09.995677+08:00","Action":"output","Package":"github.com/TokenFlux/TokenRouter/internal/server/middleware","Test":"TestApiKeyAuthWithSubscriptionGoogle_TouchesLastUsedOnSuccess","Output":"=== RUN   TestApiKeyAuthWithSubscriptionGoogle_TouchesLastUsedOnSuccess\n","OutputType":"frame"}
{"Time":"2026-09-17T17:12:09.99569+08:00","Action":"output","Package":"github.com/TokenFlux/TokenRouter/internal/server/middleware","Test":"TestApiKeyAuthWithSubscriptionGoogle_TouchesLastUsedOnSuccess","Output":"--- PASS: TestApiKeyAuthWithSubscriptionGoogle_TouchesLastUsedOnSuccess (0.00s)\n","OutputType":"frame"}
{"Time":"2026-09-17T17:12:09.995696+08:00","Action":"pass","Package":"github.com/TokenFlux/TokenRouter/internal/server/middleware","Test":"TestApiKeyAuthWithSubscriptionGoogle_TouchesLastUsedOnSuccess","Elapsed":0}
{"Time":"2026-09-17T17:12:09.995697+08:00","Action":"run","Package":"github.com/TokenFlux/TokenRouter/internal/server/middleware","Test":"TestApiKeyAuthWithSubscriptionGoogle_TouchFailureDoesNotBlock"}
{"Time":"2026-09-17T17:12:09.995699+08:00","Action":"output","Package":"github.com/TokenFlux/TokenRouter/internal/server/middleware","Test":"TestApiKeyAuthWithSubscriptionGoogle_TouchFailureDoesNotBlock","Output":"=== RUN   TestApiKeyAuthWithSubscriptionGoogle_TouchFailureDoesNotBlock\n","OutputType":"frame"}
{"Time":"2026-09-17T17:12:09.995702+08:00","Action":"output","Package":"github.com/TokenFlux/TokenRouter/internal/server/middleware","Test":"TestApiKeyAuthWithSubscriptionGoogle_TouchFailureDoesNotBlock","Output":"--- PASS: TestApiKeyAuthWithSubscriptionGoogle_TouchFailureDoesNotBlock (0.00s)\n","OutputType":"frame"}
{"Time":"2026-09-17T17:12:09.995704+08:00","Action":"pass","Package":"github.com/TokenFlux/TokenRouter/internal/server/middleware","Test":"TestApiKeyAuthWithSubscriptionGoogle_TouchFailureDoesNotBlock","Elapsed":0}
{"Time":"2026-09-17T17:12:09.995706+08:00","Action":"run","Package":"github.com/TokenFlux/TokenRouter/internal/server/middleware","Test":"TestApiKeyAuthWithSubscriptionGoogle_TouchesLastUsedInStandardMode"}
{"Time":"2026-09-17T17:12:09.995707+08:00","Action":"output","Package":"github.com/TokenFlux/TokenRouter/internal/server/middleware","Test":"TestApiKeyAuthWithSubscriptionGoogle_TouchesLastUsedInStandardMode","Output":"=== RUN   TestApiKeyAuthWithSubscriptionGoogle_TouchesLastUsedInStandardMode\n","OutputType":"frame"}
{"Time":"2026-09-17T17:12:09.99573+08:00","Action":"output","Package":"github.com/TokenFlux/TokenRouter/internal/server/middleware","Test":"TestApiKeyAuthWithSubscriptionGoogle_TouchesLastUsedInStandardMode","Output":"--- PASS: TestApiKeyAuthWithSubscriptionGoogle_TouchesLastUsedInStandardMode (0.00s)\n","OutputType":"frame"}
{"Time":"2026-09-17T17:12:09.995733+08:00","Action":"pass","Package":"github.com/TokenFlux/TokenRouter/internal/server/middleware","Test":"TestApiKeyAuthWithSubscriptionGoogle_TouchesLastUsedInStandardMode","Elapsed":0}
{"Time":"2026-09-17T17:12:09.995735+08:00","Action":"run","Package":"github.com/TokenFlux/TokenRouter/internal/server/middleware","Test":"TestApiKeyAuthWithSubscriptionGoogle_ExhaustedSubscriptionFallsBackToBalance"}
{"Time":"2026-09-17T17:12:09.99574+08:00","Action":"output","Package":"github.com/TokenFlux/TokenRouter/internal/server/middleware","Test":"TestApiKeyAuthWithSubscriptionGoogle_ExhaustedSubscriptionFallsBackToBalance","Output":"=== RUN   TestApiKeyAuthWithSubscriptionGoogle_ExhaustedSubscriptionFallsBackToBalance\n","OutputType":"frame"}
{"Time":"2026-09-17T17:12:09.995757+08:00","Action":"output","Package":"github.com/TokenFlux/TokenRouter/internal/server/middleware","Test":"TestApiKeyAuthWithSubscriptionGoogle_ExhaustedSubscriptionFallsBackToBalance","Output":"--- PASS: TestApiKeyAuthWithSubscriptionGoogle_ExhaustedSubscriptionFallsBackToBalance (0.00s)\n","OutputType":"frame"}
{"Time":"2026-09-17T17:12:09.99576+08:00","Action":"pass","Package":"github.com/TokenFlux/TokenRouter/internal/server/middleware","Test":"TestApiKeyAuthWithSubscriptionGoogle_ExhaustedSubscriptionFallsBackToBalance","Elapsed":0}
{"Time":"2026-09-17T17:12:09.995762+08:00","Action":"run","Package":"github.com/TokenFlux/TokenRouter/internal/server/middleware","Test":"TestResolveCompositeAPIKeyRequestJSON"}
{"Time":"2026-09-17T17:12:09.995764+08:00","Action":"output","Package":"github.com/TokenFlux/TokenRouter/internal/server/middleware","Test":"TestResolveCompositeAPIKeyRequestJSON","Output":"=== RUN   TestResolveCompositeAPIKeyRequestJSON\n","OutputType":"frame"}
{"Time":"2026-09-17T17:12:09.995818+08:00","Action":"output","Package":"github.com/TokenFlux/TokenRouter/internal/server/middleware","Test":"TestResolveCompositeAPIKeyRequestJSON","Output":"--- PASS: TestResolveCompositeAPIKeyRequestJSON (0.00s)\n","OutputType":"frame"}
{"Time":"2026-09-17T17:12:09.995821+08:00","Action":"pass","Package":"github.com/TokenFlux/TokenRouter/internal/server/middleware","Test":"TestResolveCompositeAPIKeyRequestJSON","Elapsed":0}
{"Time":"2026-09-17T17:12:09.995823+08:00","Action":"run","Package":"github.com/TokenFlux/TokenRouter/internal/server/middleware","Test":"TestResolveCompositeAPIKeyRequestMultipart"}
{"Time":"2026-09-17T17:12:09.995825+08:00","Action":"output","Package":"github.com/TokenFlux/TokenRouter/internal/server/middleware","Test":"TestResolveCompositeAPIKeyRequestMultipart","Output":"=== RUN   TestResolveCompositeAPIKeyRequestMultipart\n","OutputType":"frame"}
{"Time":"2026-09-17T17:12:09.995941+08:00","Action":"output","Package":"github.com/TokenFlux/TokenRouter/internal/server/middleware","Test":"TestResolveCompositeAPIKeyRequestMultipart","Output":"--- PASS: TestResolveCompositeAPIKeyRequestMultipart (0.00s)\n","OutputType":"frame"}
{"Time":"2026-09-17T17:12:09.995945+08:00","Action":"pass","Package":"github.com/TokenFlux/TokenRouter/internal/server/middleware","Test":"TestResolveCompositeAPIKeyRequestMultipart","Elapsed":0}
{"Time":"2026-09-17T17:12:09.995947+08:00","Action":"run","Package":"github.com/TokenFlux/TokenRouter/internal/server/middleware","Test":"TestResolveCompositeAPIKeyRequestGeminiURL"}
{"Time":"2026-09-17T17:12:09.995949+08:00","Action":"output","Package":"github.com/TokenFlux/TokenRouter/internal/server/middleware","Test":"TestResolveCompositeAPIKeyRequestGeminiURL","Output":"=== RUN   TestResolveCompositeAPIKeyRequestGeminiURL\n","OutputType":"frame"}
{"Time":"2026-09-17T17:12:09.99596+08:00","Action":"output","Package":"github.com/TokenFlux/TokenRouter/internal/server/middleware","Test":"TestResolveCompositeAPIKeyRequestGeminiURL","Output":"--- PASS: TestResolveCompositeAPIKeyRequestGeminiURL (0.00s)\n","OutputType":"frame"}
{"Time":"2026-09-17T17:12:09.995962+08:00","Action":"pass","Package":"github.com/TokenFlux/TokenRouter/internal/server/middleware","Test":"TestResolveCompositeAPIKeyRequestGeminiURL","Elapsed":0}
{"Time":"2026-09-17T17:12:09.995965+08:00","Action":"run","Package":"github.com/TokenFlux/TokenRouter/internal/server/middleware","Test":"TestResolveCompositeAPIKeyRequestAdditionalModels"}
{"Time":"2026-09-17T17:12:09.995967+08:00","Action":"output","Package":"github.com/TokenFlux/TokenRouter/internal/server/middleware","Test":"TestResolveCompositeAPIKeyRequestAdditionalModels","Output":"=== RUN   TestResolveCompositeAPIKeyRequestAdditionalModels\n","OutputType":"frame"}
{"Time":"2026-09-17T17:12:09.995972+08:00","Action":"run","Package":"github.com/TokenFlux/TokenRouter/internal/server/middleware","Test":"TestResolveCompositeAPIKeyRequestAdditionalModels/rewrites_additional_model_from_selected_group"}
{"Time":"2026-09-17T17:12:09.995974+08:00","Action":"output","Package":"github.com/TokenFlux/TokenRouter/internal/server/middleware","Test":"TestResolveCompositeAPIKeyRequestAdditionalModels/rewrites_additional_model_from_selected_group","Output":"=== RUN   TestResolveCompositeAPIKeyRequestAdditionalModels/rewrites_additional_model_from_selected_group\n","OutputType":"frame"}
{"Time":"2026-09-17T17:12:09.996073+08:00","Action":"output","Package":"github.com/TokenFlux/TokenRouter/internal/server/middleware","Test":"TestResolveCompositeAPIKeyRequestAdditionalModels/rewrites_additional_model_from_selected_group","Output":"--- PASS: TestResolveCompositeAPIKeyRequestAdditionalModels/rewrites_additional_model_from_selected_group (0.00s)\n","OutputType":"frame"}
{"Time":"2026-09-17T17:12:09.996076+08:00","Action":"pass","Package":"github.com/TokenFlux/TokenRouter/internal/server/middleware","Test":"TestResolveCompositeAPIKeyRequestAdditionalModels/rewrites_additional_model_from_selected_group","Elapsed":0}
{"Time":"2026-09-17T17:12:09.996078+08:00","Action":"run","Package":"github.com/TokenFlux/TokenRouter/internal/server/middleware","Test":"TestResolveCompositeAPIKeyRequestAdditionalModels/rejects_additional_model_from_another_group"}
{"Time":"2026-09-17T17:12:09.99608+08:00","Action":"output","Package":"github.com/TokenFlux/TokenRouter/internal/server/middleware","Test":"TestResolveCompositeAPIKeyRequestAdditionalModels/rejects_additional_model_from_another_group","Output":"=== RUN   TestResolveCompositeAPIKeyRequestAdditionalModels/rejects_additional_model_from_another_group\n","OutputType":"frame"}
{"Time":"2026-09-17T17:12:09.996083+08:00","Action":"output","Package":"github.com/TokenFlux/TokenRouter/internal/server/middleware","Test":"TestResolveCompositeAPIKeyRequestAdditionalModels/rejects_additional_model_from_another_group","Output":"--- PASS: TestResolveCompositeAPIKeyRequestAdditionalModels/rejects_additional_model_from_another_group (0.00s)\n","OutputType":"frame"}
{"Time":"2026-09-17T17:12:09.996085+08:00","Action":"pass","Package":"github.com/TokenFlux/TokenRouter/internal/server/middleware","Test":"TestResolveCompositeAPIKeyRequestAdditionalModels/rejects_additional_model_from_another_group","Elapsed":0}
{"Time":"2026-09-17T17:12:09.996087+08:00","Action":"output","Package":"github.com/TokenFlux/TokenRouter/internal/server/middleware","Test":"TestResolveCompositeAPIKeyRequestAdditionalModels","Output":"--- PASS: TestResolveCompositeAPIKeyRequestAdditionalModels (0.00s)\n","OutputType":"frame"}
{"Time":"2026-09-17T17:12:09.996088+08:00","Action":"pass","Package":"github.com/TokenFlux/TokenRouter/internal/server/middleware","Test":"TestResolveCompositeAPIKeyRequestAdditionalModels","Elapsed":0}
{"Time":"2026-09-17T17:12:09.99609+08:00","Action":"run","Package":"github.com/TokenFlux/TokenRouter/internal/server/middleware","Test":"TestResolveCompositeAPIKeyRequestSpecialEndpoints"}
{"Time":"2026-09-17T17:12:09.996092+08:00","Action":"output","Package":"github.com/TokenFlux/TokenRouter/internal/server/middleware","Test":"TestResolveCompositeAPIKeyRequestSpecialEndpoints","Output":"=== RUN   TestResolveCompositeAPIKeyRequestSpecialEndpoints\n","OutputType":"frame"}
{"Time":"2026-09-17T17:12:09.996104+08:00","Action":"output","Package":"github.com/TokenFlux/TokenRouter/internal/server/middleware","Test":"TestResolveCompositeAPIKeyRequestSpecialEndpoints","Output":"--- PASS: TestResolveCompositeAPIKeyRequestSpecialEndpoints (0.00s)\n","OutputType":"frame"}
{"Time":"2026-09-17T17:12:09.996108+08:00","Action":"pass","Package":"github.com/TokenFlux/TokenRouter/internal/server/middleware","Test":"TestResolveCompositeAPIKeyRequestSpecialEndpoints","Elapsed":0}
{"Time":"2026-09-17T17:12:09.996112+08:00","Action":"run","Package":"github.com/TokenFlux/TokenRouter/internal/server/middleware","Test":"TestReplaceCompositeResponseModel"}
{"Time":"2026-09-17T17:12:09.996117+08:00","Action":"output","Package":"github.com/TokenFlux/TokenRouter/internal/server/middleware","Test":"TestReplaceCompositeResponseModel","Output":"=== RUN   TestReplaceCompositeResponseModel\n","OutputType":"frame"}
{"Time":"2026-09-17T17:12:09.996126+08:00","Action":"output","Package":"github.com/TokenFlux/TokenRouter/internal/server/middleware","Test":"TestReplaceCompositeResponseModel","Output":"--- PASS: TestReplaceCompositeResponseModel (0.00s)\n","OutputType":"frame"}
{"Time":"2026-09-17T17:12:09.996129+08:00","Action":"pass","Package":"github.com/TokenFlux/TokenRouter/internal/server/middleware","Test":"TestReplaceCompositeResponseModel","Elapsed":0}
{"Time":"2026-09-17T17:12:09.996131+08:00","Action":"run","Package":"github.com/TokenFlux/TokenRouter/internal/server/middleware","Test":"TestAbortCompositeKeyErrorPreservesProtocolShape"}
{"Time":"2026-09-17T17:12:09.996133+08:00","Action":"output","Package":"github.com/TokenFlux/TokenRouter/internal/server/middleware","Test":"TestAbortCompositeKeyErrorPreservesProtocolShape","Output":"=== RUN   TestAbortCompositeKeyErrorPreservesProtocolShape\n","OutputType":"frame"}
{"Time":"2026-09-17T17:12:09.996149+08:00","Action":"output","Package":"github.com/TokenFlux/TokenRouter/internal/server/middleware","Test":"TestAbortCompositeKeyErrorPreservesProtocolShape","Output":"--- PASS: TestAbortCompositeKeyErrorPreservesProtocolShape (0.00s)\n","OutputType":"frame"}
{"Time":"2026-09-17T17:12:09.996155+08:00","Action":"pass","Package":"github.com/TokenFlux/TokenRouter/internal/server/middleware","Test":"TestAbortCompositeKeyErrorPreservesProtocolShape","Elapsed":0}
{"Time":"2026-09-17T17:12:09.996158+08:00","Action":"run","Package":"github.com/TokenFlux/TokenRouter/internal/server/middleware","Test":"TestApplyAPIKeyModelRedirectRewritesJSONAndRestoresMetadataOnly"}
{"Time":"2026-09-17T17:12:09.996159+08:00","Action":"output","Package":"github.com/TokenFlux/TokenRouter/internal/server/middleware","Test":"TestApplyAPIKeyModelRedirectRewritesJSONAndRestoresMetadataOnly","Output":"=== RUN   TestApplyAPIKeyModelRedirectRewritesJSONAndRestoresMetadataOnly\n","OutputType":"frame"}
{"Time":"2026-09-17T17:12:09.996176+08:00","Action":"output","Package":"github.com/TokenFlux/TokenRouter/internal/server/middleware","Test":"TestApplyAPIKeyModelRedirectRewritesJSONAndRestoresMetadataOnly","Output":"--- PASS: TestApplyAPIKeyModelRedirectRewritesJSONAndRestoresMetadataOnly (0.00s)\n","OutputType":"frame"}
{"Time":"2026-09-17T17:12:09.996179+08:00","Action":"pass","Package":"github.com/TokenFlux/TokenRouter/internal/server/middleware","Test":"TestApplyAPIKeyModelRedirectRewritesJSONAndRestoresMetadataOnly","Elapsed":0}
{"Time":"2026-09-17T17:12:09.996181+08:00","Action":"run","Package":"github.com/TokenFlux/TokenRouter/internal/server/middleware","Test":"TestApplyAPIKeyModelRedirectDiscoversStreamingUpstreamModel"}
{"Time":"2026-09-17T17:12:09.996183+08:00","Action":"output","Package":"github.com/TokenFlux/TokenRouter/internal/server/middleware","Test":"TestApplyAPIKeyModelRedirectDiscoversStreamingUpstreamModel","Output":"=== RUN   TestApplyAPIKeyModelRedirectDiscoversStreamingUpstreamModel\n","OutputType":"frame"}
{"Time":"2026-09-17T17:12:09.996233+08:00","Action":"output","Package":"github.com/TokenFlux/TokenRouter/internal/server/middleware","Test":"TestApplyAPIKeyModelRedirectDiscoversStreamingUpstreamModel","Output":"--- PASS: TestApplyAPIKeyModelRedirectDiscoversStreamingUpstreamModel (0.00s)\n","OutputType":"frame"}
{"Time":"2026-09-17T17:12:09.996237+08:00","Action":"pass","Package":"github.com/TokenFlux/TokenRouter/internal/server/middleware","Test":"TestApplyAPIKeyModelRedirectDiscoversStreamingUpstreamModel","Elapsed":0}
{"Time":"2026-09-17T17:12:09.996239+08:00","Action":"run","Package":"github.com/TokenFlux/TokenRouter/internal/server/middleware","Test":"TestApplyAPIKeyModelRedirectRewritesCompressedJSON"}
{"Time":"2026-09-17T17:12:09.996244+08:00","Action":"output","Package":"github.com/TokenFlux/TokenRouter/internal/server/middleware","Test":"TestApplyAPIKeyModelRedirectRewritesCompressedJSON","Output":"=== RUN   TestApplyAPIKeyModelRedirectRewritesCompressedJSON\n","OutputType":"frame"}
{"Time":"2026-09-17T17:12:09.996389+08:00","Action":"output","Package":"github.com/TokenFlux/TokenRouter/internal/server/middleware","Test":"TestApplyAPIKeyModelRedirectRewritesCompressedJSON","Output":"--- PASS: TestApplyAPIKeyModelRedirectRewritesCompressedJSON (0.00s)\n","OutputType":"frame"}
{"Time":"2026-09-17T17:12:09.996392+08:00","Action":"pass","Package":"github.com/TokenFlux/TokenRouter/internal/server/middleware","Test":"TestApplyAPIKeyModelRedirectRewritesCompressedJSON","Elapsed":0}
{"Time":"2026-09-17T17:12:09.996394+08:00","Action":"run","Package":"github.com/TokenFlux/TokenRouter/internal/server/middleware","Test":"TestApplyAPIKeyModelRedirectRewritesMultipartModel"}
{"Time":"2026-09-17T17:12:09.996396+08:00","Action":"output","Package":"github.com/TokenFlux/TokenRouter/internal/server/middleware","Test":"TestApplyAPIKeyModelRedirectRewritesMultipartModel","Output":"=== RUN   TestApplyAPIKeyModelRedirectRewritesMultipartModel\n","OutputType":"frame"}
{"Time":"2026-09-17T17:12:09.996456+08:00","Action":"output","Package":"github.com/TokenFlux/TokenRouter/internal/server/middleware","Test":"TestApplyAPIKeyModelRedirectRewritesMultipartModel","Output":"--- PASS: TestApplyAPIKeyModelRedirectRewritesMultipartModel (0.00s)\n","OutputType":"frame"}
{"Time":"2026-09-17T17:12:09.99646+08:00","Action":"pass","Package":"github.com/TokenFlux/TokenRouter/internal/server/middleware","Test":"TestApplyAPIKeyModelRedirectRewritesMultipartModel","Elapsed":0}
{"Time":"2026-09-17T17:12:09.996461+08:00","Action":"run","Package":"github.com/TokenFlux/TokenRouter/internal/server/middleware","Test":"TestApplyAPIKeyModelRedirectRewritesGeminiURLModel"}
{"Time":"2026-09-17T17:12:09.996463+08:00","Action":"output","Package":"github.com/TokenFlux/TokenRouter/internal/server/middleware","Test":"TestApplyAPIKeyModelRedirectRewritesGeminiURLModel","Output":"=== RUN   TestApplyAPIKeyModelRedirectRewritesGeminiURLModel\n","OutputType":"frame"}
{"Time":"2026-09-17T17:12:09.996465+08:00","Action":"output","Package":"github.com/TokenFlux/TokenRouter/internal/server/middleware","Test":"TestApplyAPIKeyModelRedirectRewritesGeminiURLModel","Output":"--- PASS: TestApplyAPIKeyModelRedirectRewritesGeminiURLModel (0.00s)\n","OutputType":"frame"}
{"Time":"2026-09-17T17:12:09.996467+08:00","Action":"pass","Package":"github.com/TokenFlux/TokenRouter/internal/server/middleware","Test":"TestApplyAPIKeyModelRedirectRewritesGeminiURLModel","Elapsed":0}
{"Time":"2026-09-17T17:12:09.996469+08:00","Action":"run","Package":"github.com/TokenFlux/TokenRouter/internal/server/middleware","Test":"TestApplyAPIKeyModelRedirectRewritesAdditionalToolModelsWithoutMainMatch"}
{"Time":"2026-09-17T17:12:09.99647+08:00","Action":"output","Package":"github.com/TokenFlux/TokenRouter/internal/server/middleware","Test":"TestApplyAPIKeyModelRedirectRewritesAdditionalToolModelsWithoutMainMatch","Output":"=== RUN   TestApplyAPIKeyModelRedirectRewritesAdditionalToolModelsWithoutMainMatch\n","OutputType":"frame"}
{"Time":"2026-09-17T17:12:09.99649+08:00","Action":"output","Package":"github.com/TokenFlux/TokenRouter/internal/server/middleware","Test":"TestApplyAPIKeyModelRedirectRewritesAdditionalToolModelsWithoutMainMatch","Output":"--- PASS: TestApplyAPIKeyModelRedirectRewritesAdditionalToolModelsWithoutMainMatch (0.00s)\n","OutputType":"frame"}
{"Time":"2026-09-17T17:12:09.996493+08:00","Action":"pass","Package":"github.com/TokenFlux/TokenRouter/internal/server/middleware","Test":"TestApplyAPIKeyModelRedirectRewritesAdditionalToolModelsWithoutMainMatch","Elapsed":0}
{"Time":"2026-09-17T17:12:09.996495+08:00","Action":"run","Package":"github.com/TokenFlux/TokenRouter/internal/server/middleware","Test":"TestApplyAPIKeyModelRedirectComposesWithCompositeResponseRestore"}
{"Time":"2026-09-17T17:12:09.996499+08:00","Action":"output","Package":"github.com/TokenFlux/TokenRouter/internal/server/middleware","Test":"TestApplyAPIKeyModelRedirectComposesWithCompositeResponseRestore","Output":"=== RUN   TestApplyAPIKeyModelRedirectComposesWithCompositeResponseRestore\n","OutputType":"frame"}
{"Time":"2026-09-17T17:12:09.996502+08:00","Action":"output","Package":"github.com/TokenFlux/TokenRouter/internal/server/middleware","Test":"TestApplyAPIKeyModelRedirectComposesWithCompositeResponseRestore","Output":"--- PASS: TestApplyAPIKeyModelRedirectComposesWithCompositeResponseRestore (0.00s)\n","OutputType":"frame"}
{"Time":"2026-09-17T17:12:09.996507+08:00","Action":"pass","Package":"github.com/TokenFlux/TokenRouter/internal/server/middleware","Test":"TestApplyAPIKeyModelRedirectComposesWithCompositeResponseRestore","Elapsed":0}
{"Time":"2026-09-17T17:12:09.996509+08:00","Action":"run","Package":"github.com/TokenFlux/TokenRouter/internal/server/middleware","Test":"TestCORS_DisallowedOrigin_NoAllowHeaders"}
{"Time":"2026-09-17T17:12:09.996511+08:00","Action":"output","Package":"github.com/TokenFlux/TokenRouter/internal/server/middleware","Test":"TestCORS_DisallowedOrigin_NoAllowHeaders","Output":"=== RUN   TestCORS_DisallowedOrigin_NoAllowHeaders\n","OutputType":"frame"}
{"Time":"2026-09-17T17:12:09.996519+08:00","Action":"run","Package":"github.com/TokenFlux/TokenRouter/internal/server/middleware","Test":"TestCORS_DisallowedOrigin_NoAllowHeaders/preflight_disallowed_origin"}
{"Time":"2026-09-17T17:12:09.996524+08:00","Action":"output","Package":"github.com/TokenFlux/TokenRouter/internal/server/middleware","Test":"TestCORS_DisallowedOrigin_NoAllowHeaders/preflight_disallowed_origin","Output":"=== RUN   TestCORS_DisallowedOrigin_NoAllowHeaders/preflight_disallowed_origin\n","OutputType":"frame"}
{"Time":"2026-09-17T17:12:09.996528+08:00","Action":"output","Package":"github.com/TokenFlux/TokenRouter/internal/server/middleware","Test":"TestCORS_DisallowedOrigin_NoAllowHeaders/preflight_disallowed_origin","Output":"--- PASS: TestCORS_DisallowedOrigin_NoAllowHeaders/preflight_disallowed_origin (0.00s)\n","OutputType":"frame"}
{"Time":"2026-09-17T17:12:09.99653+08:00","Action":"pass","Package":"github.com/TokenFlux/TokenRouter/internal/server/middleware","Test":"TestCORS_DisallowedOrigin_NoAllowHeaders/preflight_disallowed_origin","Elapsed":0}
{"Time":"2026-09-17T17:12:09.996532+08:00","Action":"run","Package":"github.com/TokenFlux/TokenRouter/internal/server/middleware","Test":"TestCORS_DisallowedOrigin_NoAllowHeaders/get_disallowed_origin"}
{"Time":"2026-09-17T17:12:09.996533+08:00","Action":"output","Package":"github.com/TokenFlux/TokenRouter/internal/server/middleware","Test":"TestCORS_DisallowedOrigin_NoAllowHeaders/get_disallowed_origin","Output":"=== RUN   TestCORS_DisallowedOrigin_NoAllowHeaders/get_disallowed_origin\n","OutputType":"frame"}
{"Time":"2026-09-17T17:12:09.996536+08:00","Action":"output","Package":"github.com/TokenFlux/TokenRouter/internal/server/middleware","Test":"TestCORS_DisallowedOrigin_NoAllowHeaders/get_disallowed_origin","Output":"--- PASS: TestCORS_DisallowedOrigin_NoAllowHeaders/get_disallowed_origin (0.00s)\n","OutputType":"frame"}
{"Time":"2026-09-17T17:12:09.996538+08:00","Action":"pass","Package":"github.com/TokenFlux/TokenRouter/internal/server/middleware","Test":"TestCORS_DisallowedOrigin_NoAllowHeaders/get_disallowed_origin","Elapsed":0}
{"Time":"2026-09-17T17:12:09.99654+08:00","Action":"run","Package":"github.com/TokenFlux/TokenRouter/internal/server/middleware","Test":"TestCORS_DisallowedOrigin_NoAllowHeaders/post_disallowed_origin"}
{"Time":"2026-09-17T17:12:09.996542+08:00","Action":"output","Package":"github.com/TokenFlux/TokenRouter/internal/server/middleware","Test":"TestCORS_DisallowedOrigin_NoAllowHeaders/post_disallowed_origin","Output":"=== RUN   TestCORS_DisallowedOrigin_NoAllowHeaders/post_disallowed_origin\n","OutputType":"frame"}
{"Time":"2026-09-17T17:12:09.996548+08:00","Action":"output","Package":"github.com/TokenFlux/TokenRouter/internal/server/middleware","Test":"TestCORS_DisallowedOrigin_NoAllowHeaders/post_disallowed_origin","Output":"--- PASS: TestCORS_DisallowedOrigin_NoAllowHeaders/post_disallowed_origin (0.00s)\n","OutputType":"frame"}
{"Time":"2026-09-17T17:12:09.996554+08:00","Action":"pass","Package":"github.com/TokenFlux/TokenRouter/internal/server/middleware","Test":"TestCORS_DisallowedOrigin_NoAllowHeaders/post_disallowed_origin","Elapsed":0}
{"Time":"2026-09-17T17:12:09.996556+08:00","Action":"run","Package":"github.com/TokenFlux/TokenRouter/internal/server/middleware","Test":"TestCORS_DisallowedOrigin_NoAllowHeaders/preflight_no_origin"}
{"Time":"2026-09-17T17:12:09.996558+08:00","Action":"output","Package":"github.com/TokenFlux/TokenRouter/internal/server/middleware","Test":"TestCORS_DisallowedOrigin_NoAllowHeaders/preflight_no_origin","Output":"=== RUN   TestCORS_DisallowedOrigin_NoAllowHeaders/preflight_no_origin\n","OutputType":"frame"}
{"Time":"2026-09-17T17:12:09.99656+08:00","Action":"output","Package":"github.com/TokenFlux/TokenRouter/internal/server/middleware","Test":"TestCORS_DisallowedOrigin_NoAllowHeaders/preflight_no_origin","Output":"--- PASS: TestCORS_DisallowedOrigin_NoAllowHeaders/preflight_no_origin (0.00s)\n","OutputType":"frame"}
{"Time":"2026-09-17T17:12:09.996562+08:00","Action":"pass","Package":"github.com/TokenFlux/TokenRouter/internal/server/middleware","Test":"TestCORS_DisallowedOrigin_NoAllowHeaders/preflight_no_origin","Elapsed":0}
{"Time":"2026-09-17T17:12:09.996564+08:00","Action":"output","Package":"github.com/TokenFlux/TokenRouter/internal/server/middleware","Test":"TestCORS_DisallowedOrigin_NoAllowHeaders","Output":"--- PASS: TestCORS_DisallowedOrigin_NoAllowHeaders (0.00s)\n","OutputType":"frame"}
{"Time":"2026-09-17T17:12:09.996566+08:00","Action":"pass","Package":"github.com/TokenFlux/TokenRouter/internal/server/middleware","Test":"TestCORS_DisallowedOrigin_NoAllowHeaders","Elapsed":0}
{"Time":"2026-09-17T17:12:09.996567+08:00","Action":"run","Package":"github.com/TokenFlux/TokenRouter/internal/server/middleware","Test":"TestCORS_AllowedOrigin_HasAllowHeaders"}
{"Time":"2026-09-17T17:12:09.996569+08:00","Action":"output","Package":"github.com/TokenFlux/TokenRouter/internal/server/middleware","Test":"TestCORS_AllowedOrigin_HasAllowHeaders","Output":"=== RUN   TestCORS_AllowedOrigin_HasAllowHeaders\n","OutputType":"frame"}
{"Time":"2026-09-17T17:12:09.996571+08:00","Action":"run","Package":"github.com/TokenFlux/TokenRouter/internal/server/middleware","Test":"TestCORS_AllowedOrigin_HasAllowHeaders/preflight_OPTIONS"}
{"Time":"2026-09-17T17:12:09.996573+08:00","Action":"output","Package":"github.com/TokenFlux/TokenRouter/internal/server/middleware","Test":"TestCORS_AllowedOrigin_HasAllowHeaders/preflight_OPTIONS","Output":"=== RUN   TestCORS_AllowedOrigin_HasAllowHeaders/preflight_OPTIONS\n","OutputType":"frame"}
{"Time":"2026-09-17T17:12:09.99659+08:00","Action":"output","Package":"github.com/TokenFlux/TokenRouter/internal/server/middleware","Test":"TestCORS_AllowedOrigin_HasAllowHeaders/preflight_OPTIONS","Output":"--- PASS: TestCORS_AllowedOrigin_HasAllowHeaders/preflight_OPTIONS (0.00s)\n","OutputType":"frame"}
{"Time":"2026-09-17T17:12:09.996592+08:00","Action":"pass","Package":"github.com/TokenFlux/TokenRouter/internal/server/middleware","Test":"TestCORS_AllowedOrigin_HasAllowHeaders/preflight_OPTIONS","Elapsed":0}
{"Time":"2026-09-17T17:12:09.996609+08:00","Action":"run","Package":"github.com/TokenFlux/TokenRouter/internal/server/middleware","Test":"TestCORS_AllowedOrigin_HasAllowHeaders/normal_GET"}
{"Time":"2026-09-17T17:12:09.996611+08:00","Action":"output","Package":"github.com/TokenFlux/TokenRouter/internal/server/middleware","Test":"TestCORS_AllowedOrigin_HasAllowHeaders/normal_GET","Output":"=== RUN   TestCORS_AllowedOrigin_HasAllowHeaders/normal_GET\n","OutputType":"frame"}
{"Time":"2026-09-17T17:12:09.996613+08:00","Action":"output","Package":"github.com/TokenFlux/TokenRouter/internal/server/middleware","Test":"TestCORS_AllowedOrigin_HasAllowHeaders/normal_GET","Output":"--- PASS: TestCORS_AllowedOrigin_HasAllowHeaders/normal_GET (0.00s)\n","OutputType":"frame"}
{"Time":"2026-09-17T17:12:09.996617+08:00","Action":"pass","Package":"github.com/TokenFlux/TokenRouter/internal/server/middleware","Test":"TestCORS_AllowedOrigin_HasAllowHeaders/normal_GET","Elapsed":0}
{"Time":"2026-09-17T17:12:09.996624+08:00","Action":"run","Package":"github.com/TokenFlux/TokenRouter/internal/server/middleware","Test":"TestCORS_AllowedOrigin_HasAllowHeaders/normal_POST"}
{"Time":"2026-09-17T17:12:09.996626+08:00","Action":"output","Package":"github.com/TokenFlux/TokenRouter/internal/server/middleware","Test":"TestCORS_AllowedOrigin_HasAllowHeaders/normal_POST","Output":"=== RUN   TestCORS_AllowedOrigin_HasAllowHeaders/normal_POST\n","OutputType":"frame"}
{"Time":"2026-09-17T17:12:09.996628+08:00","Action":"output","Package":"github.com/TokenFlux/TokenRouter/internal/server/middleware","Test":"TestCORS_AllowedOrigin_HasAllowHeaders/normal_POST","Output":"--- PASS: TestCORS_AllowedOrigin_HasAllowHeaders/normal_POST (0.00s)\n","OutputType":"frame"}
{"Time":"2026-09-17T17:12:09.996629+08:00","Action":"pass","Package":"github.com/TokenFlux/TokenRouter/internal/server/middleware","Test":"TestCORS_AllowedOrigin_HasAllowHeaders/normal_POST","Elapsed":0}
{"Time":"2026-09-17T17:12:09.996631+08:00","Action":"output","Package":"github.com/TokenFlux/TokenRouter/internal/server/middleware","Test":"TestCORS_AllowedOrigin_HasAllowHeaders","Output":"--- PASS: TestCORS_AllowedOrigin_HasAllowHeaders (0.00s)\n","OutputType":"frame"}
{"Time":"2026-09-17T17:12:09.996634+08:00","Action":"pass","Package":"github.com/TokenFlux/TokenRouter/internal/server/middleware","Test":"TestCORS_AllowedOrigin_HasAllowHeaders","Elapsed":0}
{"Time":"2026-09-17T17:12:09.996636+08:00","Action":"run","Package":"github.com/TokenFlux/TokenRouter/internal/server/middleware","Test":"TestCORS_PreflightDisallowedOrigin_ReturnsForbidden"}
{"Time":"2026-09-17T17:12:09.996637+08:00","Action":"output","Package":"github.com/TokenFlux/TokenRouter/internal/server/middleware","Test":"TestCORS_PreflightDisallowedOrigin_ReturnsForbidden","Output":"=== RUN   TestCORS_PreflightDisallowedOrigin_ReturnsForbidden\n","OutputType":"frame"}
{"Time":"2026-09-17T17:12:09.996653+08:00","Action":"output","Package":"github.com/TokenFlux/TokenRouter/internal/server/middleware","Test":"TestCORS_PreflightDisallowedOrigin_ReturnsForbidden","Output":"--- PASS: TestCORS_PreflightDisallowedOrigin_ReturnsForbidden (0.00s)\n","OutputType":"frame"}
{"Time":"2026-09-17T17:12:09.996655+08:00","Action":"pass","Package":"github.com/TokenFlux/TokenRouter/internal/server/middleware","Test":"TestCORS_PreflightDisallowedOrigin_ReturnsForbidden","Elapsed":0}
{"Time":"2026-09-17T17:12:09.996657+08:00","Action":"run","Package":"github.com/TokenFlux/TokenRouter/internal/server/middleware","Test":"TestCORS_PreflightAllowedOrigin_ReturnsNoContent"}
{"Time":"2026-09-17T17:12:09.996658+08:00","Action":"output","Package":"github.com/TokenFlux/TokenRouter/internal/server/middleware","Test":"TestCORS_PreflightAllowedOrigin_ReturnsNoContent","Output":"=== RUN   TestCORS_PreflightAllowedOrigin_ReturnsNoContent\n","OutputType":"frame"}
{"Time":"2026-09-17T17:12:09.99666+08:00","Action":"output","Package":"github.com/TokenFlux/TokenRouter/internal/server/middleware","Test":"TestCORS_PreflightAllowedOrigin_ReturnsNoContent","Output":"--- PASS: TestCORS_PreflightAllowedOrigin_ReturnsNoContent (0.00s)\n","OutputType":"frame"}
{"Time":"2026-09-17T17:12:09.996662+08:00","Action":"pass","Package":"github.com/TokenFlux/TokenRouter/internal/server/middleware","Test":"TestCORS_PreflightAllowedOrigin_ReturnsNoContent","Elapsed":0}
{"Time":"2026-09-17T17:12:09.996664+08:00","Action":"run","Package":"github.com/TokenFlux/TokenRouter/internal/server/middleware","Test":"TestCORS_WildcardOrigin_AllowsAny"}
{"Time":"2026-09-17T17:12:09.996666+08:00","Action":"output","Package":"github.com/TokenFlux/TokenRouter/internal/server/middleware","Test":"TestCORS_WildcardOrigin_AllowsAny","Output":"=== RUN   TestCORS_WildcardOrigin_AllowsAny\n","OutputType":"frame"}
{"Time":"2026-09-17T17:12:09.996671+08:00","Action":"output","Package":"github.com/TokenFlux/TokenRouter/internal/server/middleware","Test":"TestCORS_WildcardOrigin_AllowsAny","Output":"--- PASS: TestCORS_WildcardOrigin_AllowsAny (0.00s)\n","OutputType":"frame"}
{"Time":"2026-09-17T17:12:09.996672+08:00","Action":"pass","Package":"github.com/TokenFlux/TokenRouter/internal/server/middleware","Test":"TestCORS_WildcardOrigin_AllowsAny","Elapsed":0}
{"Time":"2026-09-17T17:12:09.996674+08:00","Action":"run","Package":"github.com/TokenFlux/TokenRouter/internal/server/middleware","Test":"TestCORS_AllowCredentials_SetCorrectly"}
{"Time":"2026-09-17T17:12:09.996676+08:00","Action":"output","Package":"github.com/TokenFlux/TokenRouter/internal/server/middleware","Test":"TestCORS_AllowCredentials_SetCorrectly","Output":"=== RUN   TestCORS_AllowCredentials_SetCorrectly\n","OutputType":"frame"}
{"Time":"2026-09-17T17:12:09.996677+08:00","Action":"run","Package":"github.com/TokenFlux/TokenRouter/internal/server/middleware","Test":"TestCORS_AllowCredentials_SetCorrectly/allowed_origin_gets_credentials"}
{"Time":"2026-09-17T17:12:09.996679+08:00","Action":"output","Package":"github.com/TokenFlux/TokenRouter/internal/server/middleware","Test":"TestCORS_AllowCredentials_SetCorrectly/allowed_origin_gets_credentials","Output":"=== RUN   TestCORS_AllowCredentials_SetCorrectly/allowed_origin_gets_credentials\n","OutputType":"frame"}
{"Time":"2026-09-17T17:12:09.996681+08:00","Action":"output","Package":"github.com/TokenFlux/TokenRouter/internal/server/middleware","Test":"TestCORS_AllowCredentials_SetCorrectly/allowed_origin_gets_credentials","Output":"--- PASS: TestCORS_AllowCredentials_SetCorrectly/allowed_origin_gets_credentials (0.00s)\n","OutputType":"frame"}
{"Time":"2026-09-17T17:12:09.996682+08:00","Action":"pass","Package":"github.com/TokenFlux/TokenRouter/internal/server/middleware","Test":"TestCORS_AllowCredentials_SetCorrectly/allowed_origin_gets_credentials","Elapsed":0}
{"Time":"2026-09-17T17:12:09.996684+08:00","Action":"run","Package":"github.com/TokenFlux/TokenRouter/internal/server/middleware","Test":"TestCORS_AllowCredentials_SetCorrectly/disallowed_origin_no_credentials"}
{"Time":"2026-09-17T17:12:09.996686+08:00","Action":"output","Package":"github.com/TokenFlux/TokenRouter/internal/server/middleware","Test":"TestCORS_AllowCredentials_SetCorrectly/disallowed_origin_no_credentials","Output":"=== RUN   TestCORS_AllowCredentials_SetCorrectly/disallowed_origin_no_credentials\n","OutputType":"frame"}
{"Time":"2026-09-17T17:12:09.996689+08:00","Action":"output","Package":"github.com/TokenFlux/TokenRouter/internal/server/middleware","Test":"TestCORS_AllowCredentials_SetCorrectly/disallowed_origin_no_credentials","Output":"--- PASS: TestCORS_AllowCredentials_SetCorrectly/disallowed_origin_no_credentials (0.00s)\n","OutputType":"frame"}
{"Time":"2026-09-17T17:12:09.99669+08:00","Action":"pass","Package":"github.com/TokenFlux/TokenRouter/internal/server/middleware","Test":"TestCORS_AllowCredentials_SetCorrectly/disallowed_origin_no_credentials","Elapsed":0}
{"Time":"2026-09-17T17:12:09.996692+08:00","Action":"output","Package":"github.com/TokenFlux/TokenRouter/internal/server/middleware","Test":"TestCORS_AllowCredentials_SetCorrectly","Output":"--- PASS: TestCORS_AllowCredentials_SetCorrectly (0.00s)\n","OutputType":"frame"}
{"Time":"2026-09-17T17:12:09.9967+08:00","Action":"pass","Package":"github.com/TokenFlux/TokenRouter/internal/server/middleware","Test":"TestCORS_AllowCredentials_SetCorrectly","Elapsed":0}
{"Time":"2026-09-17T17:12:09.996701+08:00","Action":"run","Package":"github.com/TokenFlux/TokenRouter/internal/server/middleware","Test":"TestCORS_WildcardWithCredentials_DisablesCredentials"}
{"Time":"2026-09-17T17:12:09.996703+08:00","Action":"output","Package":"github.com/TokenFlux/TokenRouter/internal/server/middleware","Test":"TestCORS_WildcardWithCredentials_DisablesCredentials","Output":"=== RUN   TestCORS_WildcardWithCredentials_DisablesCredentials\n","OutputType":"frame"}
{"Time":"2026-09-17T17:12:09.996705+08:00","Action":"output","Package":"github.com/TokenFlux/TokenRouter/internal/server/middleware","Test":"TestCORS_WildcardWithCredentials_DisablesCredentials","Output":"--- PASS: TestCORS_WildcardWithCredentials_DisablesCredentials (0.00s)\n","OutputType":"frame"}
{"Time":"2026-09-17T17:12:09.996709+08:00","Action":"pass","Package":"github.com/TokenFlux/TokenRouter/internal/server/middleware","Test":"TestCORS_WildcardWithCredentials_DisablesCredentials","Elapsed":0}
{"Time":"2026-09-17T17:12:09.996711+08:00","Action":"run","Package":"github.com/TokenFlux/TokenRouter/internal/server/middleware","Test":"TestCORS_MultipleAllowedOrigins"}
{"Time":"2026-09-17T17:12:09.996712+08:00","Action":"output","Package":"github.com/TokenFlux/TokenRouter/internal/server/middleware","Test":"TestCORS_MultipleAllowedOrigins","Output":"=== RUN   TestCORS_MultipleAllowedOrigins\n","OutputType":"frame"}
{"Time":"2026-09-17T17:12:09.996715+08:00","Action":"run","Package":"github.com/TokenFlux/TokenRouter/internal/server/middleware","Test":"TestCORS_MultipleAllowedOrigins/first_origin_allowed"}
{"Time":"2026-09-17T17:12:09.996716+08:00","Action":"output","Package":"github.com/TokenFlux/TokenRouter/internal/server/middleware","Test":"TestCORS_MultipleAllowedOrigins/first_origin_allowed","Output":"=== RUN   TestCORS_MultipleAllowedOrigins/first_origin_allowed\n","OutputType":"frame"}
{"Time":"2026-09-17T17:12:09.996719+08:00","Action":"output","Package":"github.com/TokenFlux/TokenRouter/internal/server/middleware","Test":"TestCORS_MultipleAllowedOrigins/first_origin_allowed","Output":"--- PASS: TestCORS_MultipleAllowedOrigins/first_origin_allowed (0.00s)\n","OutputType":"frame"}
{"Time":"2026-09-17T17:12:09.996721+08:00","Action":"pass","Package":"github.com/TokenFlux/TokenRouter/internal/server/middleware","Test":"TestCORS_MultipleAllowedOrigins/first_origin_allowed","Elapsed":0}
{"Time":"2026-09-17T17:12:09.996723+08:00","Action":"run","Package":"github.com/TokenFlux/TokenRouter/internal/server/middleware","Test":"TestCORS_MultipleAllowedOrigins/second_origin_allowed"}
{"Time":"2026-09-17T17:12:09.996724+08:00","Action":"output","Package":"github.com/TokenFlux/TokenRouter/internal/server/middleware","Test":"TestCORS_MultipleAllowedOrigins/second_origin_allowed","Output":"=== RUN   TestCORS_MultipleAllowedOrigins/second_origin_allowed\n","OutputType":"frame"}
{"Time":"2026-09-17T17:12:09.996727+08:00","Action":"output","Package":"github.com/TokenFlux/TokenRouter/internal/server/middleware","Test":"TestCORS_MultipleAllowedOrigins/second_origin_allowed","Output":"--- PASS: TestCORS_MultipleAllowedOrigins/second_origin_allowed (0.00s)\n","OutputType":"frame"}
{"Time":"2026-09-17T17:12:09.996729+08:00","Action":"pass","Package":"github.com/TokenFlux/TokenRouter/internal/server/middleware","Test":"TestCORS_MultipleAllowedOrigins/second_origin_allowed","Elapsed":0}
{"Time":"2026-09-17T17:12:09.99673+08:00","Action":"run","Package":"github.com/TokenFlux/TokenRouter/internal/server/middleware","Test":"TestCORS_MultipleAllowedOrigins/unlisted_origin_rejected"}
{"Time":"2026-09-17T17:12:09.996732+08:00","Action":"output","Package":"github.com/TokenFlux/TokenRouter/internal/server/middleware","Test":"TestCORS_MultipleAllowedOrigins/unlisted_origin_rejected","Output":"=== RUN   TestCORS_MultipleAllowedOrigins/unlisted_origin_rejected\n","OutputType":"frame"}
{"Time":"2026-09-17T17:12:09.996734+08:00","Action":"output","Package":"github.com/TokenFlux/TokenRouter/internal/server/middleware","Test":"TestCORS_MultipleAllowedOrigins/unlisted_origin_rejected","Output":"--- PASS: TestCORS_MultipleAllowedOrigins/unlisted_origin_rejected (0.00s)\n","OutputType":"frame"}
{"Time":"2026-09-17T17:12:09.996736+08:00","Action":"pass","Package":"github.com/TokenFlux/TokenRouter/internal/server/middleware","Test":"TestCORS_MultipleAllowedOrigins/unlisted_origin_rejected","Elapsed":0}
{"Time":"2026-09-17T17:12:09.99674+08:00","Action":"output","Package":"github.com/TokenFlux/TokenRouter/internal/server/middleware","Test":"TestCORS_MultipleAllowedOrigins","Output":"--- PASS: TestCORS_MultipleAllowedOrigins (0.00s)\n","OutputType":"frame"}
{"Time":"2026-09-17T17:12:09.996743+08:00","Action":"pass","Package":"github.com/TokenFlux/TokenRouter/internal/server/middleware","Test":"TestCORS_MultipleAllowedOrigins","Elapsed":0}
{"Time":"2026-09-17T17:12:09.996744+08:00","Action":"run","Package":"github.com/TokenFlux/TokenRouter/internal/server/middleware","Test":"TestCORS_VaryHeader_SetForSpecificOrigin"}
{"Time":"2026-09-17T17:12:09.996746+08:00","Action":"output","Package":"github.com/TokenFlux/TokenRouter/internal/server/middleware","Test":"TestCORS_VaryHeader_SetForSpecificOrigin","Output":"=== RUN   TestCORS_VaryHeader_SetForSpecificOrigin\n","OutputType":"frame"}
{"Time":"2026-09-17T17:12:09.996748+08:00","Action":"output","Package":"github.com/TokenFlux/TokenRouter/internal/server/middleware","Test":"TestCORS_VaryHeader_SetForSpecificOrigin","Output":"--- PASS: TestCORS_VaryHeader_SetForSpecificOrigin (0.00s)\n","OutputType":"frame"}
{"Time":"2026-09-17T17:12:09.99675+08:00","Action":"pass","Package":"github.com/TokenFlux/TokenRouter/internal/server/middleware","Test":"TestCORS_VaryHeader_SetForSpecificOrigin","Elapsed":0}
{"Time":"2026-09-17T17:12:09.996752+08:00","Action":"run","Package":"github.com/TokenFlux/TokenRouter/internal/server/middleware","Test":"TestNormalizeOrigins"}
{"Time":"2026-09-17T17:12:09.996754+08:00","Action":"output","Package":"github.com/TokenFlux/TokenRouter/internal/server/middleware","Test":"TestNormalizeOrigins","Output":"=== RUN   TestNormalizeOrigins\n","OutputType":"frame"}
{"Time":"2026-09-17T17:12:09.996756+08:00","Action":"run","Package":"github.com/TokenFlux/TokenRouter/internal/server/middleware","Test":"TestNormalizeOrigins/nil_input"}
{"Time":"2026-09-17T17:12:09.996757+08:00","Action":"output","Package":"github.com/TokenFlux/TokenRouter/internal/server/middleware","Test":"TestNormalizeOrigins/nil_input","Output":"=== RUN   TestNormalizeOrigins/nil_input\n","OutputType":"frame"}
{"Time":"2026-09-17T17:12:09.996763+08:00","Action":"output","Package":"github.com/TokenFlux/TokenRouter/internal/server/middleware","Test":"TestNormalizeOrigins/nil_input","Output":"--- PASS: TestNormalizeOrigins/nil_input (0.00s)\n","OutputType":"frame"}
{"Time":"2026-09-17T17:12:09.996774+08:00","Action":"pass","Package":"github.com/TokenFlux/TokenRouter/internal/server/middleware","Test":"TestNormalizeOrigins/nil_input","Elapsed":0}
{"Time":"2026-09-17T17:12:09.996776+08:00","Action":"run","Package":"github.com/TokenFlux/TokenRouter/internal/server/middleware","Test":"TestNormalizeOrigins/empty_input"}
{"Time":"2026-09-17T17:12:09.996778+08:00","Action":"output","Package":"github.com/TokenFlux/TokenRouter/internal/server/middleware","Test":"TestNormalizeOrigins/empty_input","Output":"=== RUN   TestNormalizeOrigins/empty_input\n","OutputType":"frame"}
{"Time":"2026-09-17T17:12:09.99678+08:00","Action":"output","Package":"github.com/TokenFlux/TokenRouter/internal/server/middleware","Test":"TestNormalizeOrigins/empty_input","Output":"--- PASS: TestNormalizeOrigins/empty_input (0.00s)\n","OutputType":"frame"}
{"Time":"2026-09-17T17:12:09.996781+08:00","Action":"pass","Package":"github.com/TokenFlux/TokenRouter/internal/server/middleware","Test":"TestNormalizeOrigins/empty_input","Elapsed":0}
{"Time":"2026-09-17T17:12:09.996783+08:00","Action":"run","Package":"github.com/TokenFlux/TokenRouter/internal/server/middleware","Test":"TestNormalizeOrigins/trims_whitespace"}
{"Time":"2026-09-17T17:12:09.996785+08:00","Action":"output","Package":"github.com/TokenFlux/TokenRouter/internal/server/middleware","Test":"TestNormalizeOrigins/trims_whitespace","Output":"=== RUN   TestNormalizeOrigins/trims_whitespace\n","OutputType":"frame"}
{"Time":"2026-09-17T17:12:09.996787+08:00","Action":"output","Package":"github.com/TokenFlux/TokenRouter/internal/server/middleware","Test":"TestNormalizeOrigins/trims_whitespace","Output":"--- PASS: TestNormalizeOrigins/trims_whitespace (0.00s)\n","OutputType":"frame"}
{"Time":"2026-09-17T17:12:09.996789+08:00","Action":"pass","Package":"github.com/TokenFlux/TokenRouter/internal/server/middleware","Test":"TestNormalizeOrigins/trims_whitespace","Elapsed":0}
{"Time":"2026-09-17T17:12:09.99679+08:00","Action":"run","Package":"github.com/TokenFlux/TokenRouter/internal/server/middleware","Test":"TestNormalizeOrigins/removes_empty_strings"}
{"Time":"2026-09-17T17:12:09.996792+08:00","Action":"output","Package":"github.com/TokenFlux/TokenRouter/internal/server/middleware","Test":"TestNormalizeOrigins/removes_empty_strings","Output":"=== RUN   TestNormalizeOrigins/removes_empty_strings\n","OutputType":"frame"}
{"Time":"2026-09-17T17:12:09.996794+08:00","Action":"output","Package":"github.com/TokenFlux/TokenRouter/internal/server/middleware","Test":"TestNormalizeOrigins/removes_empty_strings","Output":"--- PASS: TestNormalizeOrigins/removes_empty_strings (0.00s)\n","OutputType":"frame"}
{"Time":"2026-09-17T17:12:09.996796+08:00","Action":"pass","Package":"github.com/TokenFlux/TokenRouter/internal/server/middleware","Test":"TestNormalizeOrigins/removes_empty_strings","Elapsed":0}
{"Time":"2026-09-17T17:12:09.996797+08:00","Action":"output","Package":"github.com/TokenFlux/TokenRouter/internal/server/middleware","Test":"TestNormalizeOrigins","Output":"--- PASS: TestNormalizeOrigins (0.00s)\n","OutputType":"frame"}
{"Time":"2026-09-17T17:12:09.996799+08:00","Action":"pass","Package":"github.com/TokenFlux/TokenRouter/internal/server/middleware","Test":"TestNormalizeOrigins","Elapsed":0}
{"Time":"2026-09-17T17:12:09.996801+08:00","Action":"run","Package":"github.com/TokenFlux/TokenRouter/internal/server/middleware","Test":"TestIngressRejectAccessSamplerConcurrentGlobalLimit"}
{"Time":"2026-09-17T17:12:09.996803+08:00","Action":"output","Package":"github.com/TokenFlux/TokenRouter/internal/server/middleware","Test":"TestIngressRejectAccessSamplerConcurrentGlobalLimit","Output":"=== RUN   TestIngressRejectAccessSamplerConcurrentGlobalLimit\n","OutputType":"frame"}
{"Time":"2026-09-17T17:12:09.996877+08:00","Action":"output","Package":"github.com/TokenFlux/TokenRouter/internal/server/middleware","Test":"TestIngressRejectAccessSamplerConcurrentGlobalLimit","Output":"--- PASS: TestIngressRejectAccessSamplerConcurrentGlobalLimit (0.00s)\n","OutputType":"frame"}
{"Time":"2026-09-17T17:12:09.996881+08:00","Action":"pass","Package":"github.com/TokenFlux/TokenRouter/internal/server/middleware","Test":"TestIngressRejectAccessSamplerConcurrentGlobalLimit","Elapsed":0}
{"Time":"2026-09-17T17:12:09.996883+08:00","Action":"run","Package":"github.com/TokenFlux/TokenRouter/internal/server/middleware","Test":"TestLoggerIngressRejectSamplingIsBoundedAndSummarySkipsOpsSink"}
{"Time":"2026-09-17T17:12:09.996884+08:00","Action":"output","Package":"github.com/TokenFlux/TokenRouter/internal/server/middleware","Test":"TestLoggerIngressRejectSamplingIsBoundedAndSummarySkipsOpsSink","Output":"=== RUN   TestLoggerIngressRejectSamplingIsBoundedAndSummarySkipsOpsSink\n","OutputType":"frame"}
{"Time":"2026-09-17T17:12:09.996995+08:00","Action":"output","Package":"github.com/TokenFlux/TokenRouter/internal/server/middleware","Test":"TestLoggerIngressRejectSamplingIsBoundedAndSummarySkipsOpsSink","Output":"{\"level\":\"INFO\",\"time\":\"2026-09-17T17:12:09.996+0800\",\"msg\":\"http request completed\",\"service\":\"sub2api\",\"env\":\"test\",\"component\":\"http.access\",\"status_code\":401,\"latency_ms\":0,\"client_ip\":\"192.0.2.1\",\"protocol\":\"HTTP/1.1\",\"method\":\"GET\",\"path\":\"/v1/messages\",\"ingress_reject_reason\":\"invalid_api_key\",\"ops_system_log_skip\":true,\"request_content_length\":0,\"completed_at\":\"2026-09-17T17:12:09.996+0800\"}\n"}
{"Time":"2026-09-17T17:12:09.997001+08:00","Action":"output","Package":"github.com/TokenFlux/TokenRouter/internal/server/middleware","Test":"TestLoggerIngressRejectSamplingIsBoundedAndSummarySkipsOpsSink","Output":"{\"level\":\"INFO\",\"time\":\"2026-09-17T17:12:09.996+0800\",\"msg\":\"http request completed\",\"service\":\"sub2api\",\"env\":\"test\",\"component\":\"http.access\",\"status_code\":401,\"latency_ms\":0,\"client_ip\":\"192.0.2.1\",\"protocol\":\"HTTP/1.1\",\"method\":\"GET\",\"path\":\"/v1/messages\",\"ingress_reject_reason\":\"invalid_api_key\",\"ops_system_log_skip\":true,\"request_content_length\":0,\"completed_at\":\"2026-09-17T17:12:09.996+0800\"}\n"}
{"Time":"2026-09-17T17:12:09.997005+08:00","Action":"output","Package":"github.com/TokenFlux/TokenRouter/internal/server/middleware","Test":"TestLoggerIngressRejectSamplingIsBoundedAndSummarySkipsOpsSink","Output":"{\"level\":\"INFO\",\"time\":\"2026-09-17T17:12:09.996+0800\",\"msg\":\"ingress rejection access logs dropped\",\"service\":\"sub2api\",\"env\":\"test\",\"component\":\"http.access\",\"dropped_count\":1,\"ops_system_log_skip\":true}\n"}
{"Time":"2026-09-17T17:12:09.99704+08:00","Action":"output","Package":"github.com/TokenFlux/TokenRouter/internal/server/middleware","Test":"TestLoggerIngressRejectSamplingIsBoundedAndSummarySkipsOpsSink","Output":"--- PASS: TestLoggerIngressRejectSamplingIsBoundedAndSummarySkipsOpsSink (0.00s)\n","OutputType":"frame"}
{"Time":"2026-09-17T17:12:09.997043+08:00","Action":"pass","Package":"github.com/TokenFlux/TokenRouter/internal/server/middleware","Test":"TestLoggerIngressRejectSamplingIsBoundedAndSummarySkipsOpsSink","Elapsed":0}
{"Time":"2026-09-17T17:12:09.997045+08:00","Action":"run","Package":"github.com/TokenFlux/TokenRouter/internal/server/middleware","Test":"TestIngressRejectAccessSamplerDroppedSummaryIsLowFrequency"}
{"Time":"2026-09-17T17:12:09.997047+08:00","Action":"output","Package":"github.com/TokenFlux/TokenRouter/internal/server/middleware","Test":"TestIngressRejectAccessSamplerDroppedSummaryIsLowFrequency","Output":"=== RUN   TestIngressRejectAccessSamplerDroppedSummaryIsLowFrequency\n","OutputType":"frame"}
{"Time":"2026-09-17T17:12:09.99706+08:00","Action":"output","Package":"github.com/TokenFlux/TokenRouter/internal/server/middleware","Test":"TestIngressRejectAccessSamplerDroppedSummaryIsLowFrequency","Output":"--- PASS: TestIngressRejectAccessSamplerDroppedSummaryIsLowFrequency (0.00s)\n","OutputType":"frame"}
{"Time":"2026-09-17T17:12:09.997063+08:00","Action":"pass","Package":"github.com/TokenFlux/TokenRouter/internal/server/middleware","Test":"TestIngressRejectAccessSamplerDroppedSummaryIsLowFrequency","Elapsed":0}
{"Time":"2026-09-17T17:12:09.997065+08:00","Action":"run","Package":"github.com/TokenFlux/TokenRouter/internal/server/middleware","Test":"TestNormalizeIngressRejectIP"}
{"Time":"2026-09-17T17:12:09.997067+08:00","Action":"output","Package":"github.com/TokenFlux/TokenRouter/internal/server/middleware","Test":"TestNormalizeIngressRejectIP","Output":"=== RUN   TestNormalizeIngressRejectIP\n","OutputType":"frame"}
{"Time":"2026-09-17T17:12:09.997087+08:00","Action":"output","Package":"github.com/TokenFlux/TokenRouter/internal/server/middleware","Test":"TestNormalizeIngressRejectIP","Output":"--- PASS: TestNormalizeIngressRejectIP (0.00s)\n","OutputType":"frame"}
{"Time":"2026-09-17T17:12:09.997089+08:00","Action":"pass","Package":"github.com/TokenFlux/TokenRouter/internal/server/middleware","Test":"TestNormalizeIngressRejectIP","Elapsed":0}
{"Time":"2026-09-17T17:12:09.997091+08:00","Action":"run","Package":"github.com/TokenFlux/TokenRouter/internal/server/middleware","Test":"TestLoggerRecordsIngressRejectOnce"}
{"Time":"2026-09-17T17:12:09.997099+08:00","Action":"output","Package":"github.com/TokenFlux/TokenRouter/internal/server/middleware","Test":"TestLoggerRecordsIngressRejectOnce","Output":"=== RUN   TestLoggerRecordsIngressRejectOnce\n","OutputType":"frame"}
{"Time":"2026-09-17T17:12:09.99713+08:00","Action":"output","Package":"github.com/TokenFlux/TokenRouter/internal/server/middleware","Test":"TestLoggerRecordsIngressRejectOnce","Output":"{\"level\":\"INFO\",\"time\":\"2026-09-17T17:12:09.997+0800\",\"msg\":\"http request completed\",\"service\":\"sub2api\",\"env\":\"test\",\"component\":\"http.access\",\"status_code\":401,\"latency_ms\":0,\"client_ip\":\"2001:db8:abcd:1234:ffff::1\",\"protocol\":\"HTTP/1.1\",\"method\":\"GET\",\"path\":\"/v1/messages\",\"ingress_reject_reason\":\"invalid_api_key\",\"ops_system_log_skip\":true,\"request_content_length\":0,\"completed_at\":\"2026-09-17T17:12:09.997+0800\"}\n"}
{"Time":"2026-09-17T17:12:09.997139+08:00","Action":"output","Package":"github.com/TokenFlux/TokenRouter/internal/server/middleware","Test":"TestLoggerRecordsIngressRejectOnce","Output":"--- PASS: TestLoggerRecordsIngressRejectOnce (0.00s)\n","OutputType":"frame"}
{"Time":"2026-09-17T17:12:09.997141+08:00","Action":"pass","Package":"github.com/TokenFlux/TokenRouter/internal/server/middleware","Test":"TestLoggerRecordsIngressRejectOnce","Elapsed":0}
{"Time":"2026-09-17T17:12:09.997143+08:00","Action":"run","Package":"github.com/TokenFlux/TokenRouter/internal/server/middleware","Test":"TestAPIKeyAuthForwardsUserScopedOpenAIFastPolicyToUpstream"}
{"Time":"2026-09-17T17:12:09.997151+08:00","Action":"output","Package":"github.com/TokenFlux/TokenRouter/internal/server/middleware","Test":"TestAPIKeyAuthForwardsUserScopedOpenAIFastPolicyToUpstream","Output":"=== RUN   TestAPIKeyAuthForwardsUserScopedOpenAIFastPolicyToUpstream\n","OutputType":"frame"}
{"Time":"2026-09-17T17:12:09.997457+08:00","Action":"output","Package":"github.com/TokenFlux/TokenRouter/internal/server/middleware","Test":"TestAPIKeyAuthForwardsUserScopedOpenAIFastPolicyToUpstream","Output":"{\"level\":\"INFO\",\"time\":\"2026-09-17T17:12:09.997+0800\",\"msg\":\"[OpenAI WS Mode][openai_ws_mode=true] bootstrap enabled=false oauth_enabled=false apikey_enabled=false force_http=false responses_websockets_v2=false responses_websockets=false payload_log_sample_rate=0.000 event_flush_batch_size=0 event_flush_interval_ms=0 prewarm_cooldown_ms=0 retry_backoff_initial_ms=0 retry_backoff_max_ms=0 retry_jitter_ratio=0.000 retry_total_budget_ms=0 ws_read_limit_bytes=16777216\",\"service\":\"sub2api\",\"env\":\"test\",\"component\":\"service.openai_gateway\",\"legacy_printf\":true}\n"}
{"Time":"2026-09-17T17:12:09.998337+08:00","Action":"output","Package":"github.com/TokenFlux/TokenRouter/internal/server/middleware","Test":"TestAPIKeyAuthForwardsUserScopedOpenAIFastPolicyToUpstream","Output":"{\"level\":\"DEBUG\",\"time\":\"2026-09-17T17:12:09.998+0800\",\"msg\":\"openai routing decision\",\"service\":\"sub2api\",\"env\":\"test\",\"component\":\"service.openai_routing\",\"transport\":\"http\",\"account_id\":900,\"final_model\":\"gpt-5\",\"final_service_tier\":\"priority\",\"routing_hint_generated\":false,\"ws_affinity_decision\":\"not_applicable\"}\n"}
{"Time":"2026-09-17T17:12:09.99918+08:00","Action":"output","Package":"github.com/TokenFlux/TokenRouter/internal/server/middleware","Test":"TestAPIKeyAuthForwardsUserScopedOpenAIFastPolicyToUpstream","Output":"{\"level\":\"DEBUG\",\"time\":\"2026-09-17T17:12:09.999+0800\",\"msg\":\"openai routing decision\",\"service\":\"sub2api\",\"env\":\"test\",\"component\":\"service.openai_routing\",\"transport\":\"http\",\"account_id\":900,\"final_model\":\"gpt-5\",\"final_service_tier\":\"\",\"routing_hint_generated\":false,\"ws_affinity_decision\":\"not_applicable\"}\n"}
{"Time":"2026-09-17T17:12:09.99943+08:00","Action":"output","Package":"github.com/TokenFlux/TokenRouter/internal/server/middleware","Test":"TestAPIKeyAuthForwardsUserScopedOpenAIFastPolicyToUpstream","Output":"--- PASS: TestAPIKeyAuthForwardsUserScopedOpenAIFastPolicyToUpstream (0.00s)\n","OutputType":"frame"}
{"Time":"2026-09-17T17:12:09.999439+08:00","Action":"pass","Package":"github.com/TokenFlux/TokenRouter/internal/server/middleware","Test":"TestAPIKeyAuthForwardsUserScopedOpenAIFastPolicyToUpstream","Elapsed":0}
{"Time":"2026-09-17T17:12:09.999445+08:00","Action":"run","Package":"github.com/TokenFlux/TokenRouter/internal/server/middleware","Test":"TestPanelRateLimiterGlobalPerUser"}
{"Time":"2026-09-17T17:12:09.999448+08:00","Action":"output","Package":"github.com/TokenFlux/TokenRouter/internal/server/middleware","Test":"TestPanelRateLimiterGlobalPerUser","Output":"=== RUN   TestPanelRateLimiterGlobalPerUser\n","OutputType":"frame"}
{"Time":"2026-09-17T17:12:09.99965+08:00","Action":"output","Package":"github.com/TokenFlux/TokenRouter/internal/server/middleware","Test":"TestPanelRateLimiterGlobalPerUser","Output":"--- PASS: TestPanelRateLimiterGlobalPerUser (0.00s)\n","OutputType":"frame"}
{"Time":"2026-09-17T17:12:09.999657+08:00","Action":"pass","Package":"github.com/TokenFlux/TokenRouter/internal/server/middleware","Test":"TestPanelRateLimiterGlobalPerUser","Elapsed":0}
{"Time":"2026-09-17T17:12:09.999661+08:00","Action":"run","Package":"github.com/TokenFlux/TokenRouter/internal/server/middleware","Test":"TestPanelRateLimiterHeavyUsesHeavyRPM"}
{"Time":"2026-09-17T17:12:09.999663+08:00","Action":"output","Package":"github.com/TokenFlux/TokenRouter/internal/server/middleware","Test":"TestPanelRateLimiterHeavyUsesHeavyRPM","Output":"=== RUN   TestPanelRateLimiterHeavyUsesHeavyRPM\n","OutputType":"frame"}
{"Time":"2026-09-17T17:12:09.999696+08:00","Action":"output","Package":"github.com/TokenFlux/TokenRouter/internal/server/middleware","Test":"TestPanelRateLimiterHeavyUsesHeavyRPM","Output":"--- PASS: TestPanelRateLimiterHeavyUsesHeavyRPM (0.00s)\n","OutputType":"frame"}
{"Time":"2026-09-17T17:12:09.999699+08:00","Action":"pass","Package":"github.com/TokenFlux/TokenRouter/internal/server/middleware","Test":"TestPanelRateLimiterHeavyUsesHeavyRPM","Elapsed":0}
{"Time":"2026-09-17T17:12:09.999707+08:00","Action":"run","Package":"github.com/TokenFlux/TokenRouter/internal/server/middleware","Test":"TestPanelRateLimiterAdminExemption"}
{"Time":"2026-09-17T17:12:09.999709+08:00","Action":"output","Package":"github.com/TokenFlux/TokenRouter/internal/server/middleware","Test":"TestPanelRateLimiterAdminExemption","Output":"=== RUN   TestPanelRateLimiterAdminExemption\n","OutputType":"frame"}
{"Time":"2026-09-17T17:12:09.999725+08:00","Action":"output","Package":"github.com/TokenFlux/TokenRouter/internal/server/middleware","Test":"TestPanelRateLimiterAdminExemption","Output":"--- PASS: TestPanelRateLimiterAdminExemption (0.00s)\n","OutputType":"frame"}
{"Time":"2026-09-17T17:12:09.999728+08:00","Action":"pass","Package":"github.com/TokenFlux/TokenRouter/internal/server/middleware","Test":"TestPanelRateLimiterAdminExemption","Elapsed":0}
{"Time":"2026-09-17T17:12:09.999731+08:00","Action":"run","Package":"github.com/TokenFlux/TokenRouter/internal/server/middleware","Test":"TestPanelRateLimiterDisabledOrMissingSubject"}
{"Time":"2026-09-17T17:12:09.999733+08:00","Action":"output","Package":"github.com/TokenFlux/TokenRouter/internal/server/middleware","Test":"TestPanelRateLimiterDisabledOrMissingSubject","Output":"=== RUN   TestPanelRateLimiterDisabledOrMissingSubject\n","OutputType":"frame"}
{"Time":"2026-09-17T17:12:09.99978+08:00","Action":"output","Package":"github.com/TokenFlux/TokenRouter/internal/server/middleware","Test":"TestPanelRateLimiterDisabledOrMissingSubject","Output":"--- PASS: TestPanelRateLimiterDisabledOrMissingSubject (0.00s)\n","OutputType":"frame"}
{"Time":"2026-09-17T17:12:09.999784+08:00","Action":"pass","Package":"github.com/TokenFlux/TokenRouter/internal/server/middleware","Test":"TestPanelRateLimiterDisabledOrMissingSubject","Elapsed":0}
{"Time":"2026-09-17T17:12:09.999786+08:00","Action":"run","Package":"github.com/TokenFlux/TokenRouter/internal/server/middleware","Test":"TestPanelRateLimiterFailOpenOnRedisError"}
{"Time":"2026-09-17T17:12:09.999789+08:00","Action":"output","Package":"github.com/TokenFlux/TokenRouter/internal/server/middleware","Test":"TestPanelRateLimiterFailOpenOnRedisError","Output":"=== RUN   TestPanelRateLimiterFailOpenOnRedisError\n","OutputType":"frame"}
{"Time":"2026-09-17T17:12:10.000006+08:00","Action":"output","Package":"github.com/TokenFlux/TokenRouter/internal/server/middleware","Test":"TestPanelRateLimiterFailOpenOnRedisError","Output":"{\"level\":\"WARN\",\"time\":\"2026-09-17T17:12:09.999+0800\",\"logger\":\"slog\",\"msg\":\"panel rate limit check failed, allowing request\",\"service\":\"sub2api\",\"env\":\"test\",\"scope\":\"global\",\"error\":\"redis down\"}\n"}
{"Time":"2026-09-17T17:12:10.000046+08:00","Action":"output","Package":"github.com/TokenFlux/TokenRouter/internal/server/middleware","Test":"TestPanelRateLimiterFailOpenOnRedisError","Output":"{\"level\":\"WARN\",\"time\":\"2026-09-17T17:12:09.999+0800\",\"logger\":\"slog\",\"msg\":\"panel rate limit check failed, allowing request\",\"service\":\"sub2api\",\"env\":\"test\",\"scope\":\"global\",\"error\":\"redis down\"}\n"}
{"Time":"2026-09-17T17:12:10.000055+08:00","Action":"output","Package":"github.com/TokenFlux/TokenRouter/internal/server/middleware","Test":"TestPanelRateLimiterFailOpenOnRedisError","Output":"{\"level\":\"WARN\",\"time\":\"2026-09-17T17:12:09.999+0800\",\"logger\":\"slog\",\"msg\":\"panel rate limit check failed, allowing request\",\"service\":\"sub2api\",\"env\":\"test\",\"scope\":\"global\",\"error\":\"redis down\"}\n"}
{"Time":"2026-09-17T17:12:10.00006+08:00","Action":"output","Package":"github.com/TokenFlux/TokenRouter/internal/server/middleware","Test":"TestPanelRateLimiterFailOpenOnRedisError","Output":"{\"level\":\"WARN\",\"time\":\"2026-09-17T17:12:10.000+0800\",\"logger\":\"slog\",\"msg\":\"panel public rate limit check failed, allowing request\",\"service\":\"sub2api\",\"env\":\"test\",\"error\":\"redis down\"}\n"}
{"Time":"2026-09-17T17:12:10.000064+08:00","Action":"output","Package":"github.com/TokenFlux/TokenRouter/internal/server/middleware","Test":"TestPanelRateLimiterFailOpenOnRedisError","Output":"{\"level\":\"WARN\",\"time\":\"2026-09-17T17:12:10.000+0800\",\"logger\":\"slog\",\"msg\":\"panel public rate limit check failed, allowing request\",\"service\":\"sub2api\",\"env\":\"test\",\"error\":\"redis down\"}\n"}
{"Time":"2026-09-17T17:12:10.000069+08:00","Action":"output","Package":"github.com/TokenFlux/TokenRouter/internal/server/middleware","Test":"TestPanelRateLimiterFailOpenOnRedisError","Output":"{\"level\":\"WARN\",\"time\":\"2026-09-17T17:12:10.000+0800\",\"logger\":\"slog\",\"msg\":\"panel public rate limit check failed, allowing request\",\"service\":\"sub2api\",\"env\":\"test\",\"error\":\"redis down\"}\n"}
{"Time":"2026-09-17T17:12:10.000084+08:00","Action":"output","Package":"github.com/TokenFlux/TokenRouter/internal/server/middleware","Test":"TestPanelRateLimiterFailOpenOnRedisError","Output":"--- PASS: TestPanelRateLimiterFailOpenOnRedisError (0.00s)\n","OutputType":"frame"}
{"Time":"2026-09-17T17:12:10.00009+08:00","Action":"pass","Package":"github.com/TokenFlux/TokenRouter/internal/server/middleware","Test":"TestPanelRateLimiterFailOpenOnRedisError","Elapsed":0}
{"Time":"2026-09-17T17:12:10.000094+08:00","Action":"run","Package":"github.com/TokenFlux/TokenRouter/internal/server/middleware","Test":"TestPanelRateLimiterPublicIP"}
{"Time":"2026-09-17T17:12:10.000097+08:00","Action":"output","Package":"github.com/TokenFlux/TokenRouter/internal/server/middleware","Test":"TestPanelRateLimiterPublicIP","Output":"=== RUN   TestPanelRateLimiterPublicIP\n","OutputType":"frame"}
{"Time":"2026-09-17T17:12:10.000311+08:00","Action":"output","Package":"github.com/TokenFlux/TokenRouter/internal/server/middleware","Test":"TestPanelRateLimiterPublicIP","Output":"--- PASS: TestPanelRateLimiterPublicIP (0.00s)\n","OutputType":"frame"}
{"Time":"2026-09-17T17:12:10.000322+08:00","Action":"pass","Package":"github.com/TokenFlux/TokenRouter/internal/server/middleware","Test":"TestPanelRateLimiterPublicIP","Elapsed":0}
{"Time":"2026-09-17T17:12:10.000348+08:00","Action":"run","Package":"github.com/TokenFlux/TokenRouter/internal/server/middleware","Test":"TestIsPubliclyRoutableClientIP"}
{"Time":"2026-09-17T17:12:10.000352+08:00","Action":"output","Package":"github.com/TokenFlux/TokenRouter/internal/server/middleware","Test":"TestIsPubliclyRoutableClientIP","Output":"=== RUN   TestIsPubliclyRoutableClientIP\n","OutputType":"frame"}
{"Time":"2026-09-17T17:12:10.000387+08:00","Action":"output","Package":"github.com/TokenFlux/TokenRouter/internal/server/middleware","Test":"TestIsPubliclyRoutableClientIP","Output":"--- PASS: TestIsPubliclyRoutableClientIP (0.00s)\n","OutputType":"frame"}
{"Time":"2026-09-17T17:12:10.000393+08:00","Action":"pass","Package":"github.com/TokenFlux/TokenRouter/internal/server/middleware","Test":"TestIsPubliclyRoutableClientIP","Elapsed":0}
{"Time":"2026-09-17T17:12:10.000396+08:00","Action":"run","Package":"github.com/TokenFlux/TokenRouter/internal/server/middleware","Test":"TestRateLimiterFailureModes"}
{"Time":"2026-09-17T17:12:10.0004+08:00","Action":"output","Package":"github.com/TokenFlux/TokenRouter/internal/server/middleware","Test":"TestRateLimiterFailureModes","Output":"=== RUN   TestRateLimiterFailureModes\n","OutputType":"frame"}
{"Time":"2026-09-17T17:12:10.000585+08:00","Action":"output","Package":"github.com/TokenFlux/TokenRouter/internal/server/middleware","Test":"TestRateLimiterFailureModes","Output":"{\"level\":\"ERROR\",\"time\":\"2026-09-17T17:12:10.000+0800\",\"logger\":\"stdlog\",\"msg\":\"[RateLimit] redis error: key=rate_limit:failure mode=fail-open err=redis unavailable\",\"service\":\"sub2api\",\"env\":\"test\",\"legacy_stdlog\":true,\"stacktrace\":\"github.com/gin-gonic/gin.(*Context).Next\\n\\t/Users/daodaoneko/go/pkg/mod/github.com/gin-gonic/gin@v1.9.1/context.go:174\\ngithub.com/gin-gonic/gin.(*Engine).handleHTTPRequest\\n\\t/Users/daodaoneko/go/pkg/mod/github.com/gin-gonic/gin@v1.9.1/gin.go:620\\ngithub.com/gin-gonic/gin.(*Engine).ServeHTTP\\n\\t/Users/daodaoneko/go/pkg/mod/github.com/gin-gonic/gin@v1.9.1/gin.go:576\\ngithub.com/TokenFlux/TokenRouter/internal/server/middleware.TestRateLimiterFailureModes\\n\\t/Users/daodaoneko/GolandProjects/TokenRouter/backend/internal/server/middleware/rate_limiter_test.go:45\\ntesting.tRunner\\n\\t/Users/daodaoneko/go/pkg/mod/golang.org/toolchain@v0.0.1-go1.27.0.darwin-arm64/src/testing/testing.go:2193\"}\n"}
{"Time":"2026-09-17T17:12:10.000678+08:00","Action":"output","Package":"github.com/TokenFlux/TokenRouter/internal/server/middleware","Test":"TestRateLimiterFailureModes","Output":"{\"level\":\"ERROR\",\"time\":\"2026-09-17T17:12:10.000+0800\",\"logger\":\"stdlog\",\"msg\":\"[RateLimit] redis error: key=rate_limit:failure mode=fail-close err=redis unavailable\",\"service\":\"sub2api\",\"env\":\"test\",\"legacy_stdlog\":true,\"stacktrace\":\"github.com/gin-gonic/gin.(*Context).Next\\n\\t/Users/daodaoneko/go/pkg/mod/github.com/gin-gonic/gin@v1.9.1/context.go:174\\ngithub.com/gin-gonic/gin.(*Engine).handleHTTPRequest\\n\\t/Users/daodaoneko/go/pkg/mod/github.com/gin-gonic/gin@v1.9.1/gin.go:620\\ngithub.com/gin-gonic/gin.(*Engine).ServeHTTP\\n\\t/Users/daodaoneko/go/pkg/mod/github.com/gin-gonic/gin@v1.9.1/gin.go:576\\ngithub.com/TokenFlux/TokenRouter/internal/server/middleware.TestRateLimiterFailureModes\\n\\t/Users/daodaoneko/GolandProjects/TokenRouter/backend/internal/server/middleware/rate_limiter_test.go:45\\ntesting.tRunner\\n\\t/Users/daodaoneko/go/pkg/mod/golang.org/toolchain@v0.0.1-go1.27.0.darwin-arm64/src/testing/testing.go:2193\"}\n"}
{"Time":"2026-09-17T17:12:10.00069+08:00","Action":"output","Package":"github.com/TokenFlux/TokenRouter/internal/server/middleware","Test":"TestRateLimiterFailureModes","Output":"--- PASS: TestRateLimiterFailureModes (0.00s)\n","OutputType":"frame"}
{"Time":"2026-09-17T17:12:10.000693+08:00","Action":"pass","Package":"github.com/TokenFlux/TokenRouter/internal/server/middleware","Test":"TestRateLimiterFailureModes","Elapsed":0}
{"Time":"2026-09-17T17:12:10.000697+08:00","Action":"run","Package":"github.com/TokenFlux/TokenRouter/internal/server/middleware","Test":"TestRateLimiterDifferentIPsIndependent"}
{"Time":"2026-09-17T17:12:10.000701+08:00","Action":"output","Package":"github.com/TokenFlux/TokenRouter/internal/server/middleware","Test":"TestRateLimiterDifferentIPsIndependent","Output":"=== RUN   TestRateLimiterDifferentIPsIndependent\n","OutputType":"frame"}
{"Time":"2026-09-17T17:12:10.000728+08:00","Action":"output","Package":"github.com/TokenFlux/TokenRouter/internal/server/middleware","Test":"TestRateLimiterDifferentIPsIndependent","Output":"--- PASS: TestRateLimiterDifferentIPsIndependent (0.00s)\n","OutputType":"frame"}
{"Time":"2026-09-17T17:12:10.000733+08:00","Action":"pass","Package":"github.com/TokenFlux/TokenRouter/internal/server/middleware","Test":"TestRateLimiterDifferentIPsIndependent","Elapsed":0}
{"Time":"2026-09-17T17:12:10.000735+08:00","Action":"run","Package":"github.com/TokenFlux/TokenRouter/internal/server/middleware","Test":"TestRateLimiterHonorsForwardedIPSnapshot"}
{"Time":"2026-09-17T17:12:10.000738+08:00","Action":"output","Package":"github.com/TokenFlux/TokenRouter/internal/server/middleware","Test":"TestRateLimiterHonorsForwardedIPSnapshot","Output":"=== RUN   TestRateLimiterHonorsForwardedIPSnapshot\n","OutputType":"frame"}
{"Time":"2026-09-17T17:12:10.000793+08:00","Action":"output","Package":"github.com/TokenFlux/TokenRouter/internal/server/middleware","Test":"TestRateLimiterHonorsForwardedIPSnapshot","Output":"--- PASS: TestRateLimiterHonorsForwardedIPSnapshot (0.00s)\n","OutputType":"frame"}
{"Time":"2026-09-17T17:12:10.000797+08:00","Action":"pass","Package":"github.com/TokenFlux/TokenRouter/internal/server/middleware","Test":"TestRateLimiterHonorsForwardedIPSnapshot","Elapsed":0}
{"Time":"2026-09-17T17:12:10.000801+08:00","Action":"run","Package":"github.com/TokenFlux/TokenRouter/internal/server/middleware","Test":"TestRateLimiterSuccessAndLimit"}
{"Time":"2026-09-17T17:12:10.000803+08:00","Action":"output","Package":"github.com/TokenFlux/TokenRouter/internal/server/middleware","Test":"TestRateLimiterSuccessAndLimit","Output":"=== RUN   TestRateLimiterSuccessAndLimit\n","OutputType":"frame"}
{"Time":"2026-09-17T17:12:10.000815+08:00","Action":"output","Package":"github.com/TokenFlux/TokenRouter/internal/server/middleware","Test":"TestRateLimiterSuccessAndLimit","Output":"--- PASS: TestRateLimiterSuccessAndLimit (0.00s)\n","OutputType":"frame"}
{"Time":"2026-09-17T17:12:10.000818+08:00","Action":"pass","Package":"github.com/TokenFlux/TokenRouter/internal/server/middleware","Test":"TestRateLimiterSuccessAndLimit","Elapsed":0}
{"Time":"2026-09-17T17:12:10.000821+08:00","Action":"run","Package":"github.com/TokenFlux/TokenRouter/internal/server/middleware","Test":"TestRequestLogger_GenerateAndPropagateRequestID"}
{"Time":"2026-09-17T17:12:10.000823+08:00","Action":"output","Package":"github.com/TokenFlux/TokenRouter/internal/server/middleware","Test":"TestRequestLogger_GenerateAndPropagateRequestID","Output":"=== RUN   TestRequestLogger_GenerateAndPropagateRequestID\n","OutputType":"frame"}
{"Time":"2026-09-17T17:12:10.000831+08:00","Action":"output","Package":"github.com/TokenFlux/TokenRouter/internal/server/middleware","Test":"TestRequestLogger_GenerateAndPropagateRequestID","Output":"--- PASS: TestRequestLogger_GenerateAndPropagateRequestID (0.00s)\n","OutputType":"frame"}
{"Time":"2026-09-17T17:12:10.000834+08:00","Action":"pass","Package":"github.com/TokenFlux/TokenRouter/internal/server/middleware","Test":"TestRequestLogger_GenerateAndPropagateRequestID","Elapsed":0}
{"Time":"2026-09-17T17:12:10.000837+08:00","Action":"run","Package":"github.com/TokenFlux/TokenRouter/internal/server/middleware","Test":"TestRequestLogger_KeepIncomingRequestID"}
{"Time":"2026-09-17T17:12:10.000839+08:00","Action":"output","Package":"github.com/TokenFlux/TokenRouter/internal/server/middleware","Test":"TestRequestLogger_KeepIncomingRequestID","Output":"=== RUN   TestRequestLogger_KeepIncomingRequestID\n","OutputType":"frame"}
{"Time":"2026-09-17T17:12:10.000842+08:00","Action":"output","Package":"github.com/TokenFlux/TokenRouter/internal/server/middleware","Test":"TestRequestLogger_KeepIncomingRequestID","Output":"--- PASS: TestRequestLogger_KeepIncomingRequestID (0.00s)\n","OutputType":"frame"}
{"Time":"2026-09-17T17:12:10.000845+08:00","Action":"pass","Package":"github.com/TokenFlux/TokenRouter/internal/server/middleware","Test":"TestRequestLogger_KeepIncomingRequestID","Elapsed":0}
{"Time":"2026-09-17T17:12:10.000847+08:00","Action":"run","Package":"github.com/TokenFlux/TokenRouter/internal/server/middleware","Test":"TestRequestLoggerBoundsIncomingRequestID"}
{"Time":"2026-09-17T17:12:10.000849+08:00","Action":"output","Package":"github.com/TokenFlux/TokenRouter/internal/server/middleware","Test":"TestRequestLoggerBoundsIncomingRequestID","Output":"=== RUN   TestRequestLoggerBoundsIncomingRequestID\n","OutputType":"frame"}
{"Time":"2026-09-17T17:12:10.000856+08:00","Action":"output","Package":"github.com/TokenFlux/TokenRouter/internal/server/middleware","Test":"TestRequestLoggerBoundsIncomingRequestID","Output":"--- PASS: TestRequestLoggerBoundsIncomingRequestID (0.00s)\n","OutputType":"frame"}
{"Time":"2026-09-17T17:12:10.000864+08:00","Action":"pass","Package":"github.com/TokenFlux/TokenRouter/internal/server/middleware","Test":"TestRequestLoggerBoundsIncomingRequestID","Elapsed":0}
{"Time":"2026-09-17T17:12:10.000867+08:00","Action":"run","Package":"github.com/TokenFlux/TokenRouter/internal/server/middleware","Test":"TestLogger_AccessLogIncludesCoreFields"}
{"Time":"2026-09-17T17:12:10.000869+08:00","Action":"output","Package":"github.com/TokenFlux/TokenRouter/internal/server/middleware","Test":"TestLogger_AccessLogIncludesCoreFields","Output":"=== RUN   TestLogger_AccessLogIncludesCoreFields\n","OutputType":"frame"}
{"Time":"2026-09-17T17:12:10.000886+08:00","Action":"output","Package":"github.com/TokenFlux/TokenRouter/internal/server/middleware","Test":"TestLogger_AccessLogIncludesCoreFields","Output":"{\"level\":\"INFO\",\"time\":\"2026-09-17T17:12:10.000+0800\",\"msg\":\"http request completed\",\"service\":\"sub2api\",\"env\":\"test\",\"component\":\"http.access\",\"status_code\":201,\"latency_ms\":0,\"client_ip\":\"192.0.2.1\",\"protocol\":\"HTTP/1.1\",\"method\":\"GET\",\"path\":\"/api/test\",\"account_id\":101,\"platform\":\"openai\",\"model\":\"gpt-5\",\"request_content_length\":0,\"completed_at\":\"2026-09-17T17:12:10.000+0800\"}\n"}
{"Time":"2026-09-17T17:12:10.000891+08:00","Action":"output","Package":"github.com/TokenFlux/TokenRouter/internal/server/middleware","Test":"TestLogger_AccessLogIncludesCoreFields","Output":"--- PASS: TestLogger_AccessLogIncludesCoreFields (0.00s)\n","OutputType":"frame"}
{"Time":"2026-09-17T17:12:10.000894+08:00","Action":"pass","Package":"github.com/TokenFlux/TokenRouter/internal/server/middleware","Test":"TestLogger_AccessLogIncludesCoreFields","Elapsed":0}
{"Time":"2026-09-17T17:12:10.000896+08:00","Action":"run","Package":"github.com/TokenFlux/TokenRouter/internal/server/middleware","Test":"TestLogger_AccessLogSeparatesParentAndInternalRequestIDs"}
{"Time":"2026-09-17T17:12:10.000898+08:00","Action":"output","Package":"github.com/TokenFlux/TokenRouter/internal/server/middleware","Test":"TestLogger_AccessLogSeparatesParentAndInternalRequestIDs","Output":"=== RUN   TestLogger_AccessLogSeparatesParentAndInternalRequestIDs\n","OutputType":"frame"}
{"Time":"2026-09-17T17:12:10.000917+08:00","Action":"output","Package":"github.com/TokenFlux/TokenRouter/internal/server/middleware","Test":"TestLogger_AccessLogSeparatesParentAndInternalRequestIDs","Output":"{\"level\":\"INFO\",\"time\":\"2026-09-17T17:12:10.000+0800\",\"msg\":\"http request completed\",\"service\":\"sub2api\",\"env\":\"test\",\"client_request_id\":\"511922f6-ffc6-4838-90cd-fe21031ba8a7\",\"parent_client_request_id\":\"tokenrouter-request-123\",\"component\":\"http.access\",\"status_code\":200,\"latency_ms\":0,\"client_ip\":\"192.0.2.1\",\"protocol\":\"HTTP/1.1\",\"method\":\"GET\",\"path\":\"/v1/responses\",\"request_content_length\":0,\"completed_at\":\"2026-09-17T17:12:10.000+0800\"}\n"}
{"Time":"2026-09-17T17:12:10.000922+08:00","Action":"output","Package":"github.com/TokenFlux/TokenRouter/internal/server/middleware","Test":"TestLogger_AccessLogSeparatesParentAndInternalRequestIDs","Output":"--- PASS: TestLogger_AccessLogSeparatesParentAndInternalRequestIDs (0.00s)\n","OutputType":"frame"}
{"Time":"2026-09-17T17:12:10.000924+08:00","Action":"pass","Package":"github.com/TokenFlux/TokenRouter/internal/server/middleware","Test":"TestLogger_AccessLogSeparatesParentAndInternalRequestIDs","Elapsed":0}
{"Time":"2026-09-17T17:12:10.000926+08:00","Action":"run","Package":"github.com/TokenFlux/TokenRouter/internal/server/middleware","Test":"TestLogger_AccessLogIncludesRequestStageFields"}
{"Time":"2026-09-17T17:12:10.000928+08:00","Action":"output","Package":"github.com/TokenFlux/TokenRouter/internal/server/middleware","Test":"TestLogger_AccessLogIncludesRequestStageFields","Output":"=== RUN   TestLogger_AccessLogIncludesRequestStageFields\n","OutputType":"frame"}
{"Time":"2026-09-17T17:12:10.000942+08:00","Action":"output","Package":"github.com/TokenFlux/TokenRouter/internal/server/middleware","Test":"TestLogger_AccessLogIncludesRequestStageFields","Output":"{\"level\":\"INFO\",\"time\":\"2026-09-17T17:12:10.000+0800\",\"msg\":\"http request completed\",\"service\":\"sub2api\",\"env\":\"test\",\"component\":\"http.access\",\"status_code\":200,\"latency_ms\":0,\"client_ip\":\"192.0.2.1\",\"protocol\":\"HTTP/1.1\",\"method\":\"GET\",\"path\":\"/v1/responses\",\"request_content_length\":0,\"account_slot_acquired_ms\":100,\"upstream_first_sse_data_ms\":500,\"first_visible_output_ms\":700,\"first_downstream_flush_ms\":800,\"completed_at\":\"2026-09-17T17:12:10.000+0800\"}\n"}
{"Time":"2026-09-17T17:12:10.000946+08:00","Action":"output","Package":"github.com/TokenFlux/TokenRouter/internal/server/middleware","Test":"TestLogger_AccessLogIncludesRequestStageFields","Output":"--- PASS: TestLogger_AccessLogIncludesRequestStageFields (0.00s)\n","OutputType":"frame"}
{"Time":"2026-09-17T17:12:10.000949+08:00","Action":"pass","Package":"github.com/TokenFlux/TokenRouter/internal/server/middleware","Test":"TestLogger_AccessLogIncludesRequestStageFields","Elapsed":0}
{"Time":"2026-09-17T17:12:10.000951+08:00","Action":"run","Package":"github.com/TokenFlux/TokenRouter/internal/server/middleware","Test":"TestLogger_IngressRejectRemainsInStandardAccessLog"}
{"Time":"2026-09-17T17:12:10.000953+08:00","Action":"output","Package":"github.com/TokenFlux/TokenRouter/internal/server/middleware","Test":"TestLogger_IngressRejectRemainsInStandardAccessLog","Output":"=== RUN   TestLogger_IngressRejectRemainsInStandardAccessLog\n","OutputType":"frame"}
{"Time":"2026-09-17T17:12:10.000964+08:00","Action":"output","Package":"github.com/TokenFlux/TokenRouter/internal/server/middleware","Test":"TestLogger_IngressRejectRemainsInStandardAccessLog","Output":"{\"level\":\"INFO\",\"time\":\"2026-09-17T17:12:10.000+0800\",\"msg\":\"http request completed\",\"service\":\"sub2api\",\"env\":\"test\",\"component\":\"http.access\",\"status_code\":401,\"latency_ms\":0,\"client_ip\":\"192.0.2.1\",\"protocol\":\"HTTP/1.1\",\"method\":\"GET\",\"path\":\"/v1/messages\",\"ingress_reject_reason\":\"invalid_api_key\",\"ops_system_log_skip\":true,\"request_content_length\":0,\"completed_at\":\"2026-09-17T17:12:10.000+0800\"}\n"}
{"Time":"2026-09-17T17:12:10.000968+08:00","Action":"output","Package":"github.com/TokenFlux/TokenRouter/internal/server/middleware","Test":"TestLogger_IngressRejectRemainsInStandardAccessLog","Output":"--- PASS: TestLogger_IngressRejectRemainsInStandardAccessLog (0.00s)\n","OutputType":"frame"}
{"Time":"2026-09-17T17:12:10.00097+08:00","Action":"pass","Package":"github.com/TokenFlux/TokenRouter/internal/server/middleware","Test":"TestLogger_IngressRejectRemainsInStandardAccessLog","Elapsed":0}
{"Time":"2026-09-17T17:12:10.000973+08:00","Action":"run","Package":"github.com/TokenFlux/TokenRouter/internal/server/middleware","Test":"TestLogger_AccessLogUsesForwardedClientIPFromTrustedProxy"}
{"Time":"2026-09-17T17:12:10.000975+08:00","Action":"output","Package":"github.com/TokenFlux/TokenRouter/internal/server/middleware","Test":"TestLogger_AccessLogUsesForwardedClientIPFromTrustedProxy","Output":"=== RUN   TestLogger_AccessLogUsesForwardedClientIPFromTrustedProxy\n","OutputType":"frame"}
{"Time":"2026-09-17T17:12:10.001016+08:00","Action":"output","Package":"github.com/TokenFlux/TokenRouter/internal/server/middleware","Test":"TestLogger_AccessLogUsesForwardedClientIPFromTrustedProxy","Output":"{\"level\":\"INFO\",\"time\":\"2026-09-17T17:12:10.001+0800\",\"msg\":\"http request completed\",\"service\":\"sub2api\",\"env\":\"test\",\"component\":\"http.access\",\"status_code\":200,\"latency_ms\":0,\"client_ip\":\"203.0.113.42\",\"protocol\":\"HTTP/1.1\",\"method\":\"GET\",\"path\":\"/api/test\",\"request_content_length\":0,\"completed_at\":\"2026-09-17T17:12:10.000+0800\"}\n"}
{"Time":"2026-09-17T17:12:10.001022+08:00","Action":"output","Package":"github.com/TokenFlux/TokenRouter/internal/server/middleware","Test":"TestLogger_AccessLogUsesForwardedClientIPFromTrustedProxy","Output":"--- PASS: TestLogger_AccessLogUsesForwardedClientIPFromTrustedProxy (0.00s)\n","OutputType":"frame"}
{"Time":"2026-09-17T17:12:10.001026+08:00","Action":"pass","Package":"github.com/TokenFlux/TokenRouter/internal/server/middleware","Test":"TestLogger_AccessLogUsesForwardedClientIPFromTrustedProxy","Elapsed":0}
{"Time":"2026-09-17T17:12:10.001029+08:00","Action":"run","Package":"github.com/TokenFlux/TokenRouter/internal/server/middleware","Test":"TestLogger_HealthPathSkipped"}
{"Time":"2026-09-17T17:12:10.001032+08:00","Action":"output","Package":"github.com/TokenFlux/TokenRouter/internal/server/middleware","Test":"TestLogger_HealthPathSkipped","Output":"=== RUN   TestLogger_HealthPathSkipped\n","OutputType":"frame"}
{"Time":"2026-09-17T17:12:10.001035+08:00","Action":"output","Package":"github.com/TokenFlux/TokenRouter/internal/server/middleware","Test":"TestLogger_HealthPathSkipped","Output":"--- PASS: TestLogger_HealthPathSkipped (0.00s)\n","OutputType":"frame"}
{"Time":"2026-09-17T17:12:10.001038+08:00","Action":"pass","Package":"github.com/TokenFlux/TokenRouter/internal/server/middleware","Test":"TestLogger_HealthPathSkipped","Elapsed":0}
{"Time":"2026-09-17T17:12:10.001041+08:00","Action":"run","Package":"github.com/TokenFlux/TokenRouter/internal/server/middleware","Test":"TestLogger_AccessLogDroppedWhenLevelWarn"}
{"Time":"2026-09-17T17:12:10.001043+08:00","Action":"output","Package":"github.com/TokenFlux/TokenRouter/internal/server/middleware","Test":"TestLogger_AccessLogDroppedWhenLevelWarn","Output":"=== RUN   TestLogger_AccessLogDroppedWhenLevelWarn\n","OutputType":"frame"}
{"Time":"2026-09-17T17:12:10.001068+08:00","Action":"output","Package":"github.com/TokenFlux/TokenRouter/internal/server/middleware","Test":"TestLogger_AccessLogDroppedWhenLevelWarn","Output":"--- PASS: TestLogger_AccessLogDroppedWhenLevelWarn (0.00s)\n","OutputType":"frame"}
{"Time":"2026-09-17T17:12:10.001076+08:00","Action":"pass","Package":"github.com/TokenFlux/TokenRouter/internal/server/middleware","Test":"TestLogger_AccessLogDroppedWhenLevelWarn","Elapsed":0}
{"Time":"2026-09-17T17:12:10.001083+08:00","Action":"run","Package":"github.com/TokenFlux/TokenRouter/internal/server/middleware","Test":"TestGenerateNonce"}
{"Time":"2026-09-17T17:12:10.001086+08:00","Action":"output","Package":"github.com/TokenFlux/TokenRouter/internal/server/middleware","Test":"TestGenerateNonce","Output":"=== RUN   TestGenerateNonce\n","OutputType":"frame"}
{"Time":"2026-09-17T17:12:10.00109+08:00","Action":"run","Package":"github.com/TokenFlux/TokenRouter/internal/server/middleware","Test":"TestGenerateNonce/generates_valid_base64_string"}
{"Time":"2026-09-17T17:12:10.001092+08:00","Action":"output","Package":"github.com/TokenFlux/TokenRouter/internal/server/middleware","Test":"TestGenerateNonce/generates_valid_base64_string","Output":"=== RUN   TestGenerateNonce/generates_valid_base64_string\n","OutputType":"frame"}
{"Time":"2026-09-17T17:12:10.001096+08:00","Action":"output","Package":"github.com/TokenFlux/TokenRouter/internal/server/middleware","Test":"TestGenerateNonce/generates_valid_base64_string","Output":"--- PASS: TestGenerateNonce/generates_valid_base64_string (0.00s)\n","OutputType":"frame"}
{"Time":"2026-09-17T17:12:10.001099+08:00","Action":"pass","Package":"github.com/TokenFlux/TokenRouter/internal/server/middleware","Test":"TestGenerateNonce/generates_valid_base64_string","Elapsed":0}
{"Time":"2026-09-17T17:12:10.001101+08:00","Action":"run","Package":"github.com/TokenFlux/TokenRouter/internal/server/middleware","Test":"TestGenerateNonce/generates_unique_nonces"}
{"Time":"2026-09-17T17:12:10.001189+08:00","Action":"output","Package":"github.com/TokenFlux/TokenRouter/internal/server/middleware","Test":"TestGenerateNonce/generates_unique_nonces","Output":"=== RUN   TestGenerateNonce/generates_unique_nonces\n","OutputType":"frame"}
{"Time":"2026-09-17T17:12:10.001193+08:00","Action":"output","Package":"github.com/TokenFlux/TokenRouter/internal/server/middleware","Test":"TestGenerateNonce/generates_unique_nonces","Output":"--- PASS: TestGenerateNonce/generates_unique_nonces (0.00s)\n","OutputType":"frame"}
{"Time":"2026-09-17T17:12:10.001196+08:00","Action":"pass","Package":"github.com/TokenFlux/TokenRouter/internal/server/middleware","Test":"TestGenerateNonce/generates_unique_nonces","Elapsed":0}
{"Time":"2026-09-17T17:12:10.001198+08:00","Action":"run","Package":"github.com/TokenFlux/TokenRouter/internal/server/middleware","Test":"TestGenerateNonce/nonce_has_expected_length"}
{"Time":"2026-09-17T17:12:10.0012+08:00","Action":"output","Package":"github.com/TokenFlux/TokenRouter/internal/server/middleware","Test":"TestGenerateNonce/nonce_has_expected_length","Output":"=== RUN   TestGenerateNonce/nonce_has_expected_length\n","OutputType":"frame"}
{"Time":"2026-09-17T17:12:10.001203+08:00","Action":"output","Package":"github.com/TokenFlux/TokenRouter/internal/server/middleware","Test":"TestGenerateNonce/nonce_has_expected_length","Output":"--- PASS: TestGenerateNonce/nonce_has_expected_length (0.00s)\n","OutputType":"frame"}
{"Time":"2026-09-17T17:12:10.001206+08:00","Action":"pass","Package":"github.com/TokenFlux/TokenRouter/internal/server/middleware","Test":"TestGenerateNonce/nonce_has_expected_length","Elapsed":0}
{"Time":"2026-09-17T17:12:10.001209+08:00","Action":"output","Package":"github.com/TokenFlux/TokenRouter/internal/server/middleware","Test":"TestGenerateNonce","Output":"--- PASS: TestGenerateNonce (0.00s)\n","OutputType":"frame"}
{"Time":"2026-09-17T17:12:10.001212+08:00","Action":"pass","Package":"github.com/TokenFlux/TokenRouter/internal/server/middleware","Test":"TestGenerateNonce","Elapsed":0}
{"Time":"2026-09-17T17:12:10.001214+08:00","Action":"run","Package":"github.com/TokenFlux/TokenRouter/internal/server/middleware","Test":"TestGetNonceFromContext"}
{"Time":"2026-09-17T17:12:10.001216+08:00","Action":"output","Package":"github.com/TokenFlux/TokenRouter/internal/server/middleware","Test":"TestGetNonceFromContext","Output":"=== RUN   TestGetNonceFromContext\n","OutputType":"frame"}
{"Time":"2026-09-17T17:12:10.001218+08:00","Action":"run","Package":"github.com/TokenFlux/TokenRouter/internal/server/middleware","Test":"TestGetNonceFromContext/returns_nonce_when_present"}
{"Time":"2026-09-17T17:12:10.00122+08:00","Action":"output","Package":"github.com/TokenFlux/TokenRouter/internal/server/middleware","Test":"TestGetNonceFromContext/returns_nonce_when_present","Output":"=== RUN   TestGetNonceFromContext/returns_nonce_when_present\n","OutputType":"frame"}
{"Time":"2026-09-17T17:12:10.001224+08:00","Action":"output","Package":"github.com/TokenFlux/TokenRouter/internal/server/middleware","Test":"TestGetNonceFromContext/returns_nonce_when_present","Output":"--- PASS: TestGetNonceFromContext/returns_nonce_when_present (0.00s)\n","OutputType":"frame"}
{"Time":"2026-09-17T17:12:10.001226+08:00","Action":"pass","Package":"github.com/TokenFlux/TokenRouter/internal/server/middleware","Test":"TestGetNonceFromContext/returns_nonce_when_present","Elapsed":0}
{"Time":"2026-09-17T17:12:10.001228+08:00","Action":"run","Package":"github.com/TokenFlux/TokenRouter/internal/server/middleware","Test":"TestGetNonceFromContext/returns_empty_string_when_not_present"}
{"Time":"2026-09-17T17:12:10.00123+08:00","Action":"output","Package":"github.com/TokenFlux/TokenRouter/internal/server/middleware","Test":"TestGetNonceFromContext/returns_empty_string_when_not_present","Output":"=== RUN   TestGetNonceFromContext/returns_empty_string_when_not_present\n","OutputType":"frame"}
{"Time":"2026-09-17T17:12:10.001233+08:00","Action":"output","Package":"github.com/TokenFlux/TokenRouter/internal/server/middleware","Test":"TestGetNonceFromContext/returns_empty_string_when_not_present","Output":"--- PASS: TestGetNonceFromContext/returns_empty_string_when_not_present (0.00s)\n","OutputType":"frame"}
{"Time":"2026-09-17T17:12:10.001235+08:00","Action":"pass","Package":"github.com/TokenFlux/TokenRouter/internal/server/middleware","Test":"TestGetNonceFromContext/returns_empty_string_when_not_present","Elapsed":0}
{"Time":"2026-09-17T17:12:10.001241+08:00","Action":"run","Package":"github.com/TokenFlux/TokenRouter/internal/server/middleware","Test":"TestGetNonceFromContext/returns_empty_for_wrong_type"}
{"Time":"2026-09-17T17:12:10.001244+08:00","Action":"output","Package":"github.com/TokenFlux/TokenRouter/internal/server/middleware","Test":"TestGetNonceFromContext/returns_empty_for_wrong_type","Output":"=== RUN   TestGetNonceFromContext/returns_empty_for_wrong_type\n","OutputType":"frame"}
{"Time":"2026-09-17T17:12:10.001249+08:00","Action":"output","Package":"github.com/TokenFlux/TokenRouter/internal/server/middleware","Test":"TestGetNonceFromContext/returns_empty_for_wrong_type","Output":"--- PASS: TestGetNonceFromContext/returns_empty_for_wrong_type (0.00s)\n","OutputType":"frame"}
{"Time":"2026-09-17T17:12:10.001252+08:00","Action":"pass","Package":"github.com/TokenFlux/TokenRouter/internal/server/middleware","Test":"TestGetNonceFromContext/returns_empty_for_wrong_type","Elapsed":0}
{"Time":"2026-09-17T17:12:10.001254+08:00","Action":"output","Package":"github.com/TokenFlux/TokenRouter/internal/server/middleware","Test":"TestGetNonceFromContext","Output":"--- PASS: TestGetNonceFromContext (0.00s)\n","OutputType":"frame"}
{"Time":"2026-09-17T17:12:10.001257+08:00","Action":"pass","Package":"github.com/TokenFlux/TokenRouter/internal/server/middleware","Test":"TestGetNonceFromContext","Elapsed":0}
{"Time":"2026-09-17T17:12:10.001259+08:00","Action":"run","Package":"github.com/TokenFlux/TokenRouter/internal/server/middleware","Test":"TestSecurityHeaders"}
{"Time":"2026-09-17T17:12:10.001261+08:00","Action":"output","Package":"github.com/TokenFlux/TokenRouter/internal/server/middleware","Test":"TestSecurityHeaders","Output":"=== RUN   TestSecurityHeaders\n","OutputType":"frame"}
{"Time":"2026-09-17T17:12:10.001265+08:00","Action":"run","Package":"github.com/TokenFlux/TokenRouter/internal/server/middleware","Test":"TestSecurityHeaders/sets_basic_security_headers"}
{"Time":"2026-09-17T17:12:10.001267+08:00","Action":"output","Package":"github.com/TokenFlux/TokenRouter/internal/server/middleware","Test":"TestSecurityHeaders/sets_basic_security_headers","Output":"=== RUN   TestSecurityHeaders/sets_basic_security_headers\n","OutputType":"frame"}
{"Time":"2026-09-17T17:12:10.001334+08:00","Action":"output","Package":"github.com/TokenFlux/TokenRouter/internal/server/middleware","Test":"TestSecurityHeaders/sets_basic_security_headers","Output":"--- PASS: TestSecurityHeaders/sets_basic_security_headers (0.00s)\n","OutputType":"frame"}
{"Time":"2026-09-17T17:12:10.001338+08:00","Action":"pass","Package":"github.com/TokenFlux/TokenRouter/internal/server/middleware","Test":"TestSecurityHeaders/sets_basic_security_headers","Elapsed":0}
{"Time":"2026-09-17T17:12:10.00134+08:00","Action":"run","Package":"github.com/TokenFlux/TokenRouter/internal/server/middleware","Test":"TestSecurityHeaders/csp_disabled_no_csp_header"}
{"Time":"2026-09-17T17:12:10.001342+08:00","Action":"output","Package":"github.com/TokenFlux/TokenRouter/internal/server/middleware","Test":"TestSecurityHeaders/csp_disabled_no_csp_header","Output":"=== RUN   TestSecurityHeaders/csp_disabled_no_csp_header\n","OutputType":"frame"}
{"Time":"2026-09-17T17:12:10.001428+08:00","Action":"output","Package":"github.com/TokenFlux/TokenRouter/internal/server/middleware","Test":"TestSecurityHeaders/csp_disabled_no_csp_header","Output":"--- PASS: TestSecurityHeaders/csp_disabled_no_csp_header (0.00s)\n","OutputType":"frame"}
{"Time":"2026-09-17T17:12:10.001433+08:00","Action":"pass","Package":"github.com/TokenFlux/TokenRouter/internal/server/middleware","Test":"TestSecurityHeaders/csp_disabled_no_csp_header","Elapsed":0}
{"Time":"2026-09-17T17:12:10.001435+08:00","Action":"run","Package":"github.com/TokenFlux/TokenRouter/internal/server/middleware","Test":"TestSecurityHeaders/csp_enabled_sets_csp_header"}
{"Time":"2026-09-17T17:12:10.001438+08:00","Action":"output","Package":"github.com/TokenFlux/TokenRouter/internal/server/middleware","Test":"TestSecurityHeaders/csp_enabled_sets_csp_header","Output":"=== RUN   TestSecurityHeaders/csp_enabled_sets_csp_header\n","OutputType":"frame"}
{"Time":"2026-09-17T17:12:10.001512+08:00","Action":"output","Package":"github.com/TokenFlux/TokenRouter/internal/server/middleware","Test":"TestSecurityHeaders/csp_enabled_sets_csp_header","Output":"--- PASS: TestSecurityHeaders/csp_enabled_sets_csp_header (0.00s)\n","OutputType":"frame"}
{"Time":"2026-09-17T17:12:10.001518+08:00","Action":"pass","Package":"github.com/TokenFlux/TokenRouter/internal/server/middleware","Test":"TestSecurityHeaders/csp_enabled_sets_csp_header","Elapsed":0}
{"Time":"2026-09-17T17:12:10.001525+08:00","Action":"run","Package":"github.com/TokenFlux/TokenRouter/internal/server/middleware","Test":"TestSecurityHeaders/api_route_skips_csp_nonce_generation"}
{"Time":"2026-09-17T17:12:10.001529+08:00","Action":"output","Package":"github.com/TokenFlux/TokenRouter/internal/server/middleware","Test":"TestSecurityHeaders/api_route_skips_csp_nonce_generation","Output":"=== RUN   TestSecurityHeaders/api_route_skips_csp_nonce_generation\n","OutputType":"frame"}
{"Time":"2026-09-17T17:12:10.001587+08:00","Action":"output","Package":"github.com/TokenFlux/TokenRouter/internal/server/middleware","Test":"TestSecurityHeaders/api_route_skips_csp_nonce_generation","Output":"--- PASS: TestSecurityHeaders/api_route_skips_csp_nonce_generation (0.00s)\n","OutputType":"frame"}
{"Time":"2026-09-17T17:12:10.00159+08:00","Action":"pass","Package":"github.com/TokenFlux/TokenRouter/internal/server/middleware","Test":"TestSecurityHeaders/api_route_skips_csp_nonce_generation","Elapsed":0}
{"Time":"2026-09-17T17:12:10.001592+08:00","Action":"run","Package":"github.com/TokenFlux/TokenRouter/internal/server/middleware","Test":"TestSecurityHeaders/csp_enabled_with_nonce_placeholder"}
{"Time":"2026-09-17T17:12:10.001594+08:00","Action":"output","Package":"github.com/TokenFlux/TokenRouter/internal/server/middleware","Test":"TestSecurityHeaders/csp_enabled_with_nonce_placeholder","Output":"=== RUN   TestSecurityHeaders/csp_enabled_with_nonce_placeholder\n","OutputType":"frame"}
{"Time":"2026-09-17T17:12:10.001632+08:00","Action":"output","Package":"github.com/TokenFlux/TokenRouter/internal/server/middleware","Test":"TestSecurityHeaders/csp_enabled_with_nonce_placeholder","Output":"--- PASS: TestSecurityHeaders/csp_enabled_with_nonce_placeholder (0.00s)\n","OutputType":"frame"}
{"Time":"2026-09-17T17:12:10.001635+08:00","Action":"pass","Package":"github.com/TokenFlux/TokenRouter/internal/server/middleware","Test":"TestSecurityHeaders/csp_enabled_with_nonce_placeholder","Elapsed":0}
{"Time":"2026-09-17T17:12:10.001637+08:00","Action":"run","Package":"github.com/TokenFlux/TokenRouter/internal/server/middleware","Test":"TestSecurityHeaders/uses_default_policy_when_empty"}
{"Time":"2026-09-17T17:12:10.001638+08:00","Action":"output","Package":"github.com/TokenFlux/TokenRouter/internal/server/middleware","Test":"TestSecurityHeaders/uses_default_policy_when_empty","Output":"=== RUN   TestSecurityHeaders/uses_default_policy_when_empty\n","OutputType":"frame"}
{"Time":"2026-09-17T17:12:10.001694+08:00","Action":"output","Package":"github.com/TokenFlux/TokenRouter/internal/server/middleware","Test":"TestSecurityHeaders/uses_default_policy_when_empty","Output":"--- PASS: TestSecurityHeaders/uses_default_policy_when_empty (0.00s)\n","OutputType":"frame"}
{"Time":"2026-09-17T17:12:10.001697+08:00","Action":"pass","Package":"github.com/TokenFlux/TokenRouter/internal/server/middleware","Test":"TestSecurityHeaders/uses_default_policy_when_empty","Elapsed":0}
{"Time":"2026-09-17T17:12:10.0017+08:00","Action":"run","Package":"github.com/TokenFlux/TokenRouter/internal/server/middleware","Test":"TestSecurityHeaders/uses_default_policy_when_whitespace_only"}
{"Time":"2026-09-17T17:12:10.001702+08:00","Action":"output","Package":"github.com/TokenFlux/TokenRouter/internal/server/middleware","Test":"TestSecurityHeaders/uses_default_policy_when_whitespace_only","Output":"=== RUN   TestSecurityHeaders/uses_default_policy_when_whitespace_only\n","OutputType":"frame"}
{"Time":"2026-09-17T17:12:10.001779+08:00","Action":"output","Package":"github.com/TokenFlux/TokenRouter/internal/server/middleware","Test":"TestSecurityHeaders/uses_default_policy_when_whitespace_only","Output":"--- PASS: TestSecurityHeaders/uses_default_policy_when_whitespace_only (0.00s)\n","OutputType":"frame"}
{"Time":"2026-09-17T17:12:10.001783+08:00","Action":"pass","Package":"github.com/TokenFlux/TokenRouter/internal/server/middleware","Test":"TestSecurityHeaders/uses_default_policy_when_whitespace_only","Elapsed":0}
{"Time":"2026-09-17T17:12:10.001785+08:00","Action":"run","Package":"github.com/TokenFlux/TokenRouter/internal/server/middleware","Test":"TestSecurityHeaders/multiple_nonce_placeholders_replaced"}
{"Time":"2026-09-17T17:12:10.001788+08:00","Action":"output","Package":"github.com/TokenFlux/TokenRouter/internal/server/middleware","Test":"TestSecurityHeaders/multiple_nonce_placeholders_replaced","Output":"=== RUN   TestSecurityHeaders/multiple_nonce_placeholders_replaced\n","OutputType":"frame"}
{"Time":"2026-09-17T17:12:10.001828+08:00","Action":"output","Package":"github.com/TokenFlux/TokenRouter/internal/server/middleware","Test":"TestSecurityHeaders/multiple_nonce_placeholders_replaced","Output":"--- PASS: TestSecurityHeaders/multiple_nonce_placeholders_replaced (0.00s)\n","OutputType":"frame"}
{"Time":"2026-09-17T17:12:10.001834+08:00","Action":"pass","Package":"github.com/TokenFlux/TokenRouter/internal/server/middleware","Test":"TestSecurityHeaders/multiple_nonce_placeholders_replaced","Elapsed":0}
{"Time":"2026-09-17T17:12:10.001836+08:00","Action":"run","Package":"github.com/TokenFlux/TokenRouter/internal/server/middleware","Test":"TestSecurityHeaders/calls_next_handler"}
{"Time":"2026-09-17T17:12:10.001838+08:00","Action":"output","Package":"github.com/TokenFlux/TokenRouter/internal/server/middleware","Test":"TestSecurityHeaders/calls_next_handler","Output":"=== RUN   TestSecurityHeaders/calls_next_handler\n","OutputType":"frame"}
{"Time":"2026-09-17T17:12:10.001876+08:00","Action":"output","Package":"github.com/TokenFlux/TokenRouter/internal/server/middleware","Test":"TestSecurityHeaders/calls_next_handler","Output":"--- PASS: TestSecurityHeaders/calls_next_handler (0.00s)\n","OutputType":"frame"}
{"Time":"2026-09-17T17:12:10.001879+08:00","Action":"pass","Package":"github.com/TokenFlux/TokenRouter/internal/server/middleware","Test":"TestSecurityHeaders/calls_next_handler","Elapsed":0}
{"Time":"2026-09-17T17:12:10.00188+08:00","Action":"run","Package":"github.com/TokenFlux/TokenRouter/internal/server/middleware","Test":"TestSecurityHeaders/nonce_unique_per_request"}
{"Time":"2026-09-17T17:12:10.001882+08:00","Action":"output","Package":"github.com/TokenFlux/TokenRouter/internal/server/middleware","Test":"TestSecurityHeaders/nonce_unique_per_request","Output":"=== RUN   TestSecurityHeaders/nonce_unique_per_request\n","OutputType":"frame"}
{"Time":"2026-09-17T17:12:10.001928+08:00","Action":"output","Package":"github.com/TokenFlux/TokenRouter/internal/server/middleware","Test":"TestSecurityHeaders/nonce_unique_per_request","Output":"--- PASS: TestSecurityHeaders/nonce_unique_per_request (0.00s)\n","OutputType":"frame"}
{"Time":"2026-09-17T17:12:10.001932+08:00","Action":"pass","Package":"github.com/TokenFlux/TokenRouter/internal/server/middleware","Test":"TestSecurityHeaders/nonce_unique_per_request","Elapsed":0}
{"Time":"2026-09-17T17:12:10.001934+08:00","Action":"output","Package":"github.com/TokenFlux/TokenRouter/internal/server/middleware","Test":"TestSecurityHeaders","Output":"--- PASS: TestSecurityHeaders (0.00s)\n","OutputType":"frame"}
{"Time":"2026-09-17T17:12:10.001937+08:00","Action":"pass","Package":"github.com/TokenFlux/TokenRouter/internal/server/middleware","Test":"TestSecurityHeaders","Elapsed":0}
{"Time":"2026-09-17T17:12:10.001939+08:00","Action":"run","Package":"github.com/TokenFlux/TokenRouter/internal/server/middleware","Test":"TestCSPNonceKey"}
{"Time":"2026-09-17T17:12:10.001941+08:00","Action":"output","Package":"github.com/TokenFlux/TokenRouter/internal/server/middleware","Test":"TestCSPNonceKey","Output":"=== RUN   TestCSPNonceKey\n","OutputType":"frame"}
{"Time":"2026-09-17T17:12:10.001953+08:00","Action":"run","Package":"github.com/TokenFlux/TokenRouter/internal/server/middleware","Test":"TestCSPNonceKey/constant_value"}
{"Time":"2026-09-17T17:12:10.001955+08:00","Action":"output","Package":"github.com/TokenFlux/TokenRouter/internal/server/middleware","Test":"TestCSPNonceKey/constant_value","Output":"=== RUN   TestCSPNonceKey/constant_value\n","OutputType":"frame"}
{"Time":"2026-09-17T17:12:10.001957+08:00","Action":"output","Package":"github.com/TokenFlux/TokenRouter/internal/server/middleware","Test":"TestCSPNonceKey/constant_value","Output":"--- PASS: TestCSPNonceKey/constant_value (0.00s)\n","OutputType":"frame"}
{"Time":"2026-09-17T17:12:10.001959+08:00","Action":"pass","Package":"github.com/TokenFlux/TokenRouter/internal/server/middleware","Test":"TestCSPNonceKey/constant_value","Elapsed":0}
{"Time":"2026-09-17T17:12:10.001961+08:00","Action":"output","Package":"github.com/TokenFlux/TokenRouter/internal/server/middleware","Test":"TestCSPNonceKey","Output":"--- PASS: TestCSPNonceKey (0.00s)\n","OutputType":"frame"}
{"Time":"2026-09-17T17:12:10.001962+08:00","Action":"pass","Package":"github.com/TokenFlux/TokenRouter/internal/server/middleware","Test":"TestCSPNonceKey","Elapsed":0}
{"Time":"2026-09-17T17:12:10.001964+08:00","Action":"run","Package":"github.com/TokenFlux/TokenRouter/internal/server/middleware","Test":"TestNonceTemplate"}
{"Time":"2026-09-17T17:12:10.001967+08:00","Action":"output","Package":"github.com/TokenFlux/TokenRouter/internal/server/middleware","Test":"TestNonceTemplate","Output":"=== RUN   TestNonceTemplate\n","OutputType":"frame"}
{"Time":"2026-09-17T17:12:10.001969+08:00","Action":"run","Package":"github.com/TokenFlux/TokenRouter/internal/server/middleware","Test":"TestNonceTemplate/constant_value"}
{"Time":"2026-09-17T17:12:10.001971+08:00","Action":"output","Package":"github.com/TokenFlux/TokenRouter/internal/server/middleware","Test":"TestNonceTemplate/constant_value","Output":"=== RUN   TestNonceTemplate/constant_value\n","OutputType":"frame"}
{"Time":"2026-09-17T17:12:10.001973+08:00","Action":"output","Package":"github.com/TokenFlux/TokenRouter/internal/server/middleware","Test":"TestNonceTemplate/constant_value","Output":"--- PASS: TestNonceTemplate/constant_value (0.00s)\n","OutputType":"frame"}
{"Time":"2026-09-17T17:12:10.001974+08:00","Action":"pass","Package":"github.com/TokenFlux/TokenRouter/internal/server/middleware","Test":"TestNonceTemplate/constant_value","Elapsed":0}
{"Time":"2026-09-17T17:12:10.001976+08:00","Action":"output","Package":"github.com/TokenFlux/TokenRouter/internal/server/middleware","Test":"TestNonceTemplate","Output":"--- PASS: TestNonceTemplate (0.00s)\n","OutputType":"frame"}
{"Time":"2026-09-17T17:12:10.001978+08:00","Action":"pass","Package":"github.com/TokenFlux/TokenRouter/internal/server/middleware","Test":"TestNonceTemplate","Elapsed":0}
{"Time":"2026-09-17T17:12:10.001979+08:00","Action":"run","Package":"github.com/TokenFlux/TokenRouter/internal/server/middleware","Test":"TestEnhanceCSPPolicy"}
{"Time":"2026-09-17T17:12:10.001981+08:00","Action":"output","Package":"github.com/TokenFlux/TokenRouter/internal/server/middleware","Test":"TestEnhanceCSPPolicy","Output":"=== RUN   TestEnhanceCSPPolicy\n","OutputType":"frame"}
{"Time":"2026-09-17T17:12:10.001983+08:00","Action":"run","Package":"github.com/TokenFlux/TokenRouter/internal/server/middleware","Test":"TestEnhanceCSPPolicy/adds_nonce_placeholder_if_missing"}
{"Time":"2026-09-17T17:12:10.001985+08:00","Action":"output","Package":"github.com/TokenFlux/TokenRouter/internal/server/middleware","Test":"TestEnhanceCSPPolicy/adds_nonce_placeholder_if_missing","Output":"=== RUN   TestEnhanceCSPPolicy/adds_nonce_placeholder_if_missing\n","OutputType":"frame"}
{"Time":"2026-09-17T17:12:10.002002+08:00","Action":"output","Package":"github.com/TokenFlux/TokenRouter/internal/server/middleware","Test":"TestEnhanceCSPPolicy/adds_nonce_placeholder_if_missing","Output":"--- PASS: TestEnhanceCSPPolicy/adds_nonce_placeholder_if_missing (0.00s)\n","OutputType":"frame"}
{"Time":"2026-09-17T17:12:10.002005+08:00","Action":"pass","Package":"github.com/TokenFlux/TokenRouter/internal/server/middleware","Test":"TestEnhanceCSPPolicy/adds_nonce_placeholder_if_missing","Elapsed":0}
{"Time":"2026-09-17T17:12:10.002006+08:00","Action":"run","Package":"github.com/TokenFlux/TokenRouter/internal/server/middleware","Test":"TestEnhanceCSPPolicy/does_not_duplicate_nonce_placeholder"}
{"Time":"2026-09-17T17:12:10.002008+08:00","Action":"output","Package":"github.com/TokenFlux/TokenRouter/internal/server/middleware","Test":"TestEnhanceCSPPolicy/does_not_duplicate_nonce_placeholder","Output":"=== RUN   TestEnhanceCSPPolicy/does_not_duplicate_nonce_placeholder\n","OutputType":"frame"}
{"Time":"2026-09-17T17:12:10.002048+08:00","Action":"output","Package":"github.com/TokenFlux/TokenRouter/internal/server/middleware","Test":"TestEnhanceCSPPolicy/does_not_duplicate_nonce_placeholder","Output":"--- PASS: TestEnhanceCSPPolicy/does_not_duplicate_nonce_placeholder (0.00s)\n","OutputType":"frame"}
{"Time":"2026-09-17T17:12:10.002052+08:00","Action":"pass","Package":"github.com/TokenFlux/TokenRouter/internal/server/middleware","Test":"TestEnhanceCSPPolicy/does_not_duplicate_nonce_placeholder","Elapsed":0}
{"Time":"2026-09-17T17:12:10.002054+08:00","Action":"run","Package":"github.com/TokenFlux/TokenRouter/internal/server/middleware","Test":"TestEnhanceCSPPolicy/does_not_duplicate_cloudflare_domain"}
{"Time":"2026-09-17T17:12:10.002056+08:00","Action":"output","Package":"github.com/TokenFlux/TokenRouter/internal/server/middleware","Test":"TestEnhanceCSPPolicy/does_not_duplicate_cloudflare_domain","Output":"=== RUN   TestEnhanceCSPPolicy/does_not_duplicate_cloudflare_domain\n","OutputType":"frame"}
{"Time":"2026-09-17T17:12:10.002087+08:00","Action":"output","Package":"github.com/TokenFlux/TokenRouter/internal/server/middleware","Test":"TestEnhanceCSPPolicy/does_not_duplicate_cloudflare_domain","Output":"--- PASS: TestEnhanceCSPPolicy/does_not_duplicate_cloudflare_domain (0.00s)\n","OutputType":"frame"}
{"Time":"2026-09-17T17:12:10.002091+08:00","Action":"pass","Package":"github.com/TokenFlux/TokenRouter/internal/server/middleware","Test":"TestEnhanceCSPPolicy/does_not_duplicate_cloudflare_domain","Elapsed":0}
{"Time":"2026-09-17T17:12:10.002093+08:00","Action":"run","Package":"github.com/TokenFlux/TokenRouter/internal/server/middleware","Test":"TestEnhanceCSPPolicy/adds_tencent_captcha_domain_for_web_sdk"}
{"Time":"2026-09-17T17:12:10.002095+08:00","Action":"output","Package":"github.com/TokenFlux/TokenRouter/internal/server/middleware","Test":"TestEnhanceCSPPolicy/adds_tencent_captcha_domain_for_web_sdk","Output":"=== RUN   TestEnhanceCSPPolicy/adds_tencent_captcha_domain_for_web_sdk\n","OutputType":"frame"}
{"Time":"2026-09-17T17:12:10.002142+08:00","Action":"output","Package":"github.com/TokenFlux/TokenRouter/internal/server/middleware","Test":"TestEnhanceCSPPolicy/adds_tencent_captcha_domain_for_web_sdk","Output":"--- PASS: TestEnhanceCSPPolicy/adds_tencent_captcha_domain_for_web_sdk (0.00s)\n","OutputType":"frame"}
{"Time":"2026-09-17T17:12:10.002147+08:00","Action":"pass","Package":"github.com/TokenFlux/TokenRouter/internal/server/middleware","Test":"TestEnhanceCSPPolicy/adds_tencent_captcha_domain_for_web_sdk","Elapsed":0}
{"Time":"2026-09-17T17:12:10.002149+08:00","Action":"run","Package":"github.com/TokenFlux/TokenRouter/internal/server/middleware","Test":"TestEnhanceCSPPolicy/does_not_duplicate_tencent_captcha_worker_source"}
{"Time":"2026-09-17T17:12:10.002151+08:00","Action":"output","Package":"github.com/TokenFlux/TokenRouter/internal/server/middleware","Test":"TestEnhanceCSPPolicy/does_not_duplicate_tencent_captcha_worker_source","Output":"=== RUN   TestEnhanceCSPPolicy/does_not_duplicate_tencent_captcha_worker_source\n","OutputType":"frame"}
{"Time":"2026-09-17T17:12:10.002194+08:00","Action":"output","Package":"github.com/TokenFlux/TokenRouter/internal/server/middleware","Test":"TestEnhanceCSPPolicy/does_not_duplicate_tencent_captcha_worker_source","Output":"--- PASS: TestEnhanceCSPPolicy/does_not_duplicate_tencent_captcha_worker_source (0.00s)\n","OutputType":"frame"}
{"Time":"2026-09-17T17:12:10.002197+08:00","Action":"pass","Package":"github.com/TokenFlux/TokenRouter/internal/server/middleware","Test":"TestEnhanceCSPPolicy/does_not_duplicate_tencent_captcha_worker_source","Elapsed":0}
{"Time":"2026-09-17T17:12:10.002199+08:00","Action":"run","Package":"github.com/TokenFlux/TokenRouter/internal/server/middleware","Test":"TestEnhanceCSPPolicy/adds_only_the_tf_cli_loopback_ports"}
{"Time":"2026-09-17T17:12:10.002201+08:00","Action":"output","Package":"github.com/TokenFlux/TokenRouter/internal/server/middleware","Test":"TestEnhanceCSPPolicy/adds_only_the_tf_cli_loopback_ports","Output":"=== RUN   TestEnhanceCSPPolicy/adds_only_the_tf_cli_loopback_ports\n","OutputType":"frame"}
{"Time":"2026-09-17T17:12:10.002268+08:00","Action":"output","Package":"github.com/TokenFlux/TokenRouter/internal/server/middleware","Test":"TestEnhanceCSPPolicy/adds_only_the_tf_cli_loopback_ports","Output":"--- PASS: TestEnhanceCSPPolicy/adds_only_the_tf_cli_loopback_ports (0.00s)\n","OutputType":"frame"}
{"Time":"2026-09-17T17:12:10.002272+08:00","Action":"pass","Package":"github.com/TokenFlux/TokenRouter/internal/server/middleware","Test":"TestEnhanceCSPPolicy/adds_only_the_tf_cli_loopback_ports","Elapsed":0}
{"Time":"2026-09-17T17:12:10.002274+08:00","Action":"run","Package":"github.com/TokenFlux/TokenRouter/internal/server/middleware","Test":"TestEnhanceCSPPolicy/default_policy_already_carries_required_domains"}
{"Time":"2026-09-17T17:12:10.002275+08:00","Action":"output","Package":"github.com/TokenFlux/TokenRouter/internal/server/middleware","Test":"TestEnhanceCSPPolicy/default_policy_already_carries_required_domains","Output":"=== RUN   TestEnhanceCSPPolicy/default_policy_already_carries_required_domains\n","OutputType":"frame"}
{"Time":"2026-09-17T17:12:10.00233+08:00","Action":"output","Package":"github.com/TokenFlux/TokenRouter/internal/server/middleware","Test":"TestEnhanceCSPPolicy/default_policy_already_carries_required_domains","Output":"--- PASS: TestEnhanceCSPPolicy/default_policy_already_carries_required_domains (0.00s)\n","OutputType":"frame"}
{"Time":"2026-09-17T17:12:10.002333+08:00","Action":"pass","Package":"github.com/TokenFlux/TokenRouter/internal/server/middleware","Test":"TestEnhanceCSPPolicy/default_policy_already_carries_required_domains","Elapsed":0}
{"Time":"2026-09-17T17:12:10.002335+08:00","Action":"run","Package":"github.com/TokenFlux/TokenRouter/internal/server/middleware","Test":"TestEnhanceCSPPolicy/adds_aliyun_captcha_domain_for_web_sdk"}
{"Time":"2026-09-17T17:12:10.002337+08:00","Action":"output","Package":"github.com/TokenFlux/TokenRouter/internal/server/middleware","Test":"TestEnhanceCSPPolicy/adds_aliyun_captcha_domain_for_web_sdk","Output":"=== RUN   TestEnhanceCSPPolicy/adds_aliyun_captcha_domain_for_web_sdk\n","OutputType":"frame"}
{"Time":"2026-09-17T17:12:10.002375+08:00","Action":"output","Package":"github.com/TokenFlux/TokenRouter/internal/server/middleware","Test":"TestEnhanceCSPPolicy/adds_aliyun_captcha_domain_for_web_sdk","Output":"--- PASS: TestEnhanceCSPPolicy/adds_aliyun_captcha_domain_for_web_sdk (0.00s)\n","OutputType":"frame"}
{"Time":"2026-09-17T17:12:10.00238+08:00","Action":"pass","Package":"github.com/TokenFlux/TokenRouter/internal/server/middleware","Test":"TestEnhanceCSPPolicy/adds_aliyun_captcha_domain_for_web_sdk","Elapsed":0}
{"Time":"2026-09-17T17:12:10.002382+08:00","Action":"run","Package":"github.com/TokenFlux/TokenRouter/internal/server/middleware","Test":"TestEnhanceCSPPolicy/handles_policy_without_script_src"}
{"Time":"2026-09-17T17:12:10.002383+08:00","Action":"output","Package":"github.com/TokenFlux/TokenRouter/internal/server/middleware","Test":"TestEnhanceCSPPolicy/handles_policy_without_script_src","Output":"=== RUN   TestEnhanceCSPPolicy/handles_policy_without_script_src\n","OutputType":"frame"}
{"Time":"2026-09-17T17:12:10.002412+08:00","Action":"output","Package":"github.com/TokenFlux/TokenRouter/internal/server/middleware","Test":"TestEnhanceCSPPolicy/handles_policy_without_script_src","Output":"--- PASS: TestEnhanceCSPPolicy/handles_policy_without_script_src (0.00s)\n","OutputType":"frame"}
{"Time":"2026-09-17T17:12:10.002416+08:00","Action":"pass","Package":"github.com/TokenFlux/TokenRouter/internal/server/middleware","Test":"TestEnhanceCSPPolicy/handles_policy_without_script_src","Elapsed":0}
{"Time":"2026-09-17T17:12:10.002418+08:00","Action":"run","Package":"github.com/TokenFlux/TokenRouter/internal/server/middleware","Test":"TestEnhanceCSPPolicy/preserves_existing_nonce"}
{"Time":"2026-09-17T17:12:10.00242+08:00","Action":"output","Package":"github.com/TokenFlux/TokenRouter/internal/server/middleware","Test":"TestEnhanceCSPPolicy/preserves_existing_nonce","Output":"=== RUN   TestEnhanceCSPPolicy/preserves_existing_nonce\n","OutputType":"frame"}
{"Time":"2026-09-17T17:12:10.002452+08:00","Action":"output","Package":"github.com/TokenFlux/TokenRouter/internal/server/middleware","Test":"TestEnhanceCSPPolicy/preserves_existing_nonce","Output":"--- PASS: TestEnhanceCSPPolicy/preserves_existing_nonce (0.00s)\n","OutputType":"frame"}
{"Time":"2026-09-17T17:12:10.002455+08:00","Action":"pass","Package":"github.com/TokenFlux/TokenRouter/internal/server/middleware","Test":"TestEnhanceCSPPolicy/preserves_existing_nonce","Elapsed":0}
{"Time":"2026-09-17T17:12:10.002457+08:00","Action":"run","Package":"github.com/TokenFlux/TokenRouter/internal/server/middleware","Test":"TestEnhanceCSPPolicy/adds_airwallex_domains_for_payment_sdk"}
{"Time":"2026-09-17T17:12:10.002459+08:00","Action":"output","Package":"github.com/TokenFlux/TokenRouter/internal/server/middleware","Test":"TestEnhanceCSPPolicy/adds_airwallex_domains_for_payment_sdk","Output":"=== RUN   TestEnhanceCSPPolicy/adds_airwallex_domains_for_payment_sdk\n","OutputType":"frame"}
{"Time":"2026-09-17T17:12:10.002494+08:00","Action":"output","Package":"github.com/TokenFlux/TokenRouter/internal/server/middleware","Test":"TestEnhanceCSPPolicy/adds_airwallex_domains_for_payment_sdk","Output":"--- PASS: TestEnhanceCSPPolicy/adds_airwallex_domains_for_payment_sdk (0.00s)\n","OutputType":"frame"}
{"Time":"2026-09-17T17:12:10.002497+08:00","Action":"pass","Package":"github.com/TokenFlux/TokenRouter/internal/server/middleware","Test":"TestEnhanceCSPPolicy/adds_airwallex_domains_for_payment_sdk","Elapsed":0}
{"Time":"2026-09-17T17:12:10.002499+08:00","Action":"run","Package":"github.com/TokenFlux/TokenRouter/internal/server/middleware","Test":"TestEnhanceCSPPolicy/does_not_duplicate_airwallex_domains"}
{"Time":"2026-09-17T17:12:10.0025+08:00","Action":"output","Package":"github.com/TokenFlux/TokenRouter/internal/server/middleware","Test":"TestEnhanceCSPPolicy/does_not_duplicate_airwallex_domains","Output":"=== RUN   TestEnhanceCSPPolicy/does_not_duplicate_airwallex_domains\n","OutputType":"frame"}
{"Time":"2026-09-17T17:12:10.002551+08:00","Action":"output","Package":"github.com/TokenFlux/TokenRouter/internal/server/middleware","Test":"TestEnhanceCSPPolicy/does_not_duplicate_airwallex_domains","Output":"--- PASS: TestEnhanceCSPPolicy/does_not_duplicate_airwallex_domains (0.00s)\n","OutputType":"frame"}
{"Time":"2026-09-17T17:12:10.002554+08:00","Action":"pass","Package":"github.com/TokenFlux/TokenRouter/internal/server/middleware","Test":"TestEnhanceCSPPolicy/does_not_duplicate_airwallex_domains","Elapsed":0}
{"Time":"2026-09-17T17:12:10.002556+08:00","Action":"output","Package":"github.com/TokenFlux/TokenRouter/internal/server/middleware","Test":"TestEnhanceCSPPolicy","Output":"--- PASS: TestEnhanceCSPPolicy (0.00s)\n","OutputType":"frame"}
{"Time":"2026-09-17T17:12:10.002558+08:00","Action":"pass","Package":"github.com/TokenFlux/TokenRouter/internal/server/middleware","Test":"TestEnhanceCSPPolicy","Elapsed":0}
{"Time":"2026-09-17T17:12:10.002559+08:00","Action":"run","Package":"github.com/TokenFlux/TokenRouter/internal/server/middleware","Test":"TestAddToDirective"}
{"Time":"2026-09-17T17:12:10.002561+08:00","Action":"output","Package":"github.com/TokenFlux/TokenRouter/internal/server/middleware","Test":"TestAddToDirective","Output":"=== RUN   TestAddToDirective\n","OutputType":"frame"}
{"Time":"2026-09-17T17:12:10.002564+08:00","Action":"run","Package":"github.com/TokenFlux/TokenRouter/internal/server/middleware","Test":"TestAddToDirective/adds_to_existing_directive"}
{"Time":"2026-09-17T17:12:10.002566+08:00","Action":"output","Package":"github.com/TokenFlux/TokenRouter/internal/server/middleware","Test":"TestAddToDirective/adds_to_existing_directive","Output":"=== RUN   TestAddToDirective/adds_to_existing_directive\n","OutputType":"frame"}
{"Time":"2026-09-17T17:12:10.002567+08:00","Action":"output","Package":"github.com/TokenFlux/TokenRouter/internal/server/middleware","Test":"TestAddToDirective/adds_to_existing_directive","Output":"--- PASS: TestAddToDirective/adds_to_existing_directive (0.00s)\n","OutputType":"frame"}
{"Time":"2026-09-17T17:12:10.002569+08:00","Action":"pass","Package":"github.com/TokenFlux/TokenRouter/internal/server/middleware","Test":"TestAddToDirective/adds_to_existing_directive","Elapsed":0}
{"Time":"2026-09-17T17:12:10.002575+08:00","Action":"run","Package":"github.com/TokenFlux/TokenRouter/internal/server/middleware","Test":"TestAddToDirective/creates_directive_if_not_exists"}
{"Time":"2026-09-17T17:12:10.002577+08:00","Action":"output","Package":"github.com/TokenFlux/TokenRouter/internal/server/middleware","Test":"TestAddToDirective/creates_directive_if_not_exists","Output":"=== RUN   TestAddToDirective/creates_directive_if_not_exists\n","OutputType":"frame"}
{"Time":"2026-09-17T17:12:10.002579+08:00","Action":"output","Package":"github.com/TokenFlux/TokenRouter/internal/server/middleware","Test":"TestAddToDirective/creates_directive_if_not_exists","Output":"--- PASS: TestAddToDirective/creates_directive_if_not_exists (0.00s)\n","OutputType":"frame"}
{"Time":"2026-09-17T17:12:10.002582+08:00","Action":"pass","Package":"github.com/TokenFlux/TokenRouter/internal/server/middleware","Test":"TestAddToDirective/creates_directive_if_not_exists","Elapsed":0}
{"Time":"2026-09-17T17:12:10.002584+08:00","Action":"run","Package":"github.com/TokenFlux/TokenRouter/internal/server/middleware","Test":"TestAddToDirective/handles_directive_at_end_without_semicolon"}
{"Time":"2026-09-17T17:12:10.002585+08:00","Action":"output","Package":"github.com/TokenFlux/TokenRouter/internal/server/middleware","Test":"TestAddToDirective/handles_directive_at_end_without_semicolon","Output":"=== RUN   TestAddToDirective/handles_directive_at_end_without_semicolon\n","OutputType":"frame"}
{"Time":"2026-09-17T17:12:10.002588+08:00","Action":"output","Package":"github.com/TokenFlux/TokenRouter/internal/server/middleware","Test":"TestAddToDirective/handles_directive_at_end_without_semicolon","Output":"--- PASS: TestAddToDirective/handles_directive_at_end_without_semicolon (0.00s)\n","OutputType":"frame"}
{"Time":"2026-09-17T17:12:10.00259+08:00","Action":"pass","Package":"github.com/TokenFlux/TokenRouter/internal/server/middleware","Test":"TestAddToDirective/handles_directive_at_end_without_semicolon","Elapsed":0}
{"Time":"2026-09-17T17:12:10.002591+08:00","Action":"run","Package":"github.com/TokenFlux/TokenRouter/internal/server/middleware","Test":"TestAddToDirective/handles_empty_policy"}
{"Time":"2026-09-17T17:12:10.002593+08:00","Action":"output","Package":"github.com/TokenFlux/TokenRouter/internal/server/middleware","Test":"TestAddToDirective/handles_empty_policy","Output":"=== RUN   TestAddToDirective/handles_empty_policy\n","OutputType":"frame"}
{"Time":"2026-09-17T17:12:10.002596+08:00","Action":"output","Package":"github.com/TokenFlux/TokenRouter/internal/server/middleware","Test":"TestAddToDirective/handles_empty_policy","Output":"--- PASS: TestAddToDirective/handles_empty_policy (0.00s)\n","OutputType":"frame"}
{"Time":"2026-09-17T17:12:10.002598+08:00","Action":"pass","Package":"github.com/TokenFlux/TokenRouter/internal/server/middleware","Test":"TestAddToDirective/handles_empty_policy","Elapsed":0}
{"Time":"2026-09-17T17:12:10.0026+08:00","Action":"output","Package":"github.com/TokenFlux/TokenRouter/internal/server/middleware","Test":"TestAddToDirective","Output":"--- PASS: TestAddToDirective (0.00s)\n","OutputType":"frame"}
{"Time":"2026-09-17T17:12:10.002603+08:00","Action":"pass","Package":"github.com/TokenFlux/TokenRouter/internal/server/middleware","Test":"TestAddToDirective","Elapsed":0}
{"Time":"2026-09-17T17:12:10.002605+08:00","Action":"run","Package":"github.com/TokenFlux/TokenRouter/internal/server/middleware","Test":"TestServerTimingScopesAndRoleGate"}
{"Time":"2026-09-17T17:12:10.002606+08:00","Action":"output","Package":"github.com/TokenFlux/TokenRouter/internal/server/middleware","Test":"TestServerTimingScopesAndRoleGate","Output":"=== RUN   TestServerTimingScopesAndRoleGate\n","OutputType":"frame"}
{"Time":"2026-09-17T17:12:10.002624+08:00","Action":"run","Package":"github.com/TokenFlux/TokenRouter/internal/server/middleware","Test":"TestServerTimingScopesAndRoleGate/disabled"}
{"Time":"2026-09-17T17:12:10.002625+08:00","Action":"output","Package":"github.com/TokenFlux/TokenRouter/internal/server/middleware","Test":"TestServerTimingScopesAndRoleGate/disabled","Output":"=== RUN   TestServerTimingScopesAndRoleGate/disabled\n","OutputType":"frame"}
{"Time":"2026-09-17T17:12:10.002628+08:00","Action":"output","Package":"github.com/TokenFlux/TokenRouter/internal/server/middleware","Test":"TestServerTimingScopesAndRoleGate/disabled","Output":"--- PASS: TestServerTimingScopesAndRoleGate/disabled (0.00s)\n","OutputType":"frame"}
{"Time":"2026-09-17T17:12:10.00263+08:00","Action":"pass","Package":"github.com/TokenFlux/TokenRouter/internal/server/middleware","Test":"TestServerTimingScopesAndRoleGate/disabled","Elapsed":0}
{"Time":"2026-09-17T17:12:10.002631+08:00","Action":"run","Package":"github.com/TokenFlux/TokenRouter/internal/server/middleware","Test":"TestServerTimingScopesAndRoleGate/admin_API_path"}
{"Time":"2026-09-17T17:12:10.002635+08:00","Action":"output","Package":"github.com/TokenFlux/TokenRouter/internal/server/middleware","Test":"TestServerTimingScopesAndRoleGate/admin_API_path","Output":"=== RUN   TestServerTimingScopesAndRoleGate/admin_API_path\n","OutputType":"frame"}
{"Time":"2026-09-17T17:12:10.002638+08:00","Action":"output","Package":"github.com/TokenFlux/TokenRouter/internal/server/middleware","Test":"TestServerTimingScopesAndRoleGate/admin_API_path","Output":"--- PASS: TestServerTimingScopesAndRoleGate/admin_API_path (0.00s)\n","OutputType":"frame"}
{"Time":"2026-09-17T17:12:10.00264+08:00","Action":"pass","Package":"github.com/TokenFlux/TokenRouter/internal/server/middleware","Test":"TestServerTimingScopesAndRoleGate/admin_API_path","Elapsed":0}
{"Time":"2026-09-17T17:12:10.002649+08:00","Action":"run","Package":"github.com/TokenFlux/TokenRouter/internal/server/middleware","Test":"TestServerTimingScopesAndRoleGate/shared_API_marked_by_admin_UI"}
{"Time":"2026-09-17T17:12:10.002651+08:00","Action":"output","Package":"github.com/TokenFlux/TokenRouter/internal/server/middleware","Test":"TestServerTimingScopesAndRoleGate/shared_API_marked_by_admin_UI","Output":"=== RUN   TestServerTimingScopesAndRoleGate/shared_API_marked_by_admin_UI\n","OutputType":"frame"}
{"Time":"2026-09-17T17:12:10.002663+08:00","Action":"output","Package":"github.com/TokenFlux/TokenRouter/internal/server/middleware","Test":"TestServerTimingScopesAndRoleGate/shared_API_marked_by_admin_UI","Output":"--- PASS: TestServerTimingScopesAndRoleGate/shared_API_marked_by_admin_UI (0.00s)\n","OutputType":"frame"}
{"Time":"2026-09-17T17:12:10.002666+08:00","Action":"pass","Package":"github.com/TokenFlux/TokenRouter/internal/server/middleware","Test":"TestServerTimingScopesAndRoleGate/shared_API_marked_by_admin_UI","Elapsed":0}
{"Time":"2026-09-17T17:12:10.002668+08:00","Action":"run","Package":"github.com/TokenFlux/TokenRouter/internal/server/middleware","Test":"TestServerTimingScopesAndRoleGate/user_role_on_allowlisted_path"}
{"Time":"2026-09-17T17:12:10.00267+08:00","Action":"output","Package":"github.com/TokenFlux/TokenRouter/internal/server/middleware","Test":"TestServerTimingScopesAndRoleGate/user_role_on_allowlisted_path","Output":"=== RUN   TestServerTimingScopesAndRoleGate/user_role_on_allowlisted_path\n","OutputType":"frame"}
{"Time":"2026-09-17T17:12:10.00268+08:00","Action":"output","Package":"github.com/TokenFlux/TokenRouter/internal/server/middleware","Test":"TestServerTimingScopesAndRoleGate/user_role_on_allowlisted_path","Output":"--- PASS: TestServerTimingScopesAndRoleGate/user_role_on_allowlisted_path (0.00s)\n","OutputType":"frame"}
{"Time":"2026-09-17T17:12:10.002683+08:00","Action":"pass","Package":"github.com/TokenFlux/TokenRouter/internal/server/middleware","Test":"TestServerTimingScopesAndRoleGate/user_role_on_allowlisted_path","Elapsed":0}
{"Time":"2026-09-17T17:12:10.002685+08:00","Action":"run","Package":"github.com/TokenFlux/TokenRouter/internal/server/middleware","Test":"TestServerTimingScopesAndRoleGate/user_role_with_user_UI_marker_on_allowlisted_path"}
{"Time":"2026-09-17T17:12:10.002686+08:00","Action":"output","Package":"github.com/TokenFlux/TokenRouter/internal/server/middleware","Test":"TestServerTimingScopesAndRoleGate/user_role_with_user_UI_marker_on_allowlisted_path","Output":"=== RUN   TestServerTimingScopesAndRoleGate/user_role_with_user_UI_marker_on_allowlisted_path\n","OutputType":"frame"}
{"Time":"2026-09-17T17:12:10.002694+08:00","Action":"output","Package":"github.com/TokenFlux/TokenRouter/internal/server/middleware","Test":"TestServerTimingScopesAndRoleGate/user_role_with_user_UI_marker_on_allowlisted_path","Output":"--- PASS: TestServerTimingScopesAndRoleGate/user_role_with_user_UI_marker_on_allowlisted_path (0.00s)\n","OutputType":"frame"}
{"Time":"2026-09-17T17:12:10.002696+08:00","Action":"pass","Package":"github.com/TokenFlux/TokenRouter/internal/server/middleware","Test":"TestServerTimingScopesAndRoleGate/user_role_with_user_UI_marker_on_allowlisted_path","Elapsed":0}
{"Time":"2026-09-17T17:12:10.002698+08:00","Action":"run","Package":"github.com/TokenFlux/TokenRouter/internal/server/middleware","Test":"TestServerTimingScopesAndRoleGate/user_role_cannot_use_admin_marker_on_non-user_path"}
{"Time":"2026-09-17T17:12:10.0027+08:00","Action":"output","Package":"github.com/TokenFlux/TokenRouter/internal/server/middleware","Test":"TestServerTimingScopesAndRoleGate/user_role_cannot_use_admin_marker_on_non-user_path","Output":"=== RUN   TestServerTimingScopesAndRoleGate/user_role_cannot_use_admin_marker_on_non-user_path\n","OutputType":"frame"}
{"Time":"2026-09-17T17:12:10.002703+08:00","Action":"output","Package":"github.com/TokenFlux/TokenRouter/internal/server/middleware","Test":"TestServerTimingScopesAndRoleGate/user_role_cannot_use_admin_marker_on_non-user_path","Output":"--- PASS: TestServerTimingScopesAndRoleGate/user_role_cannot_use_admin_marker_on_non-user_path (0.00s)\n","OutputType":"frame"}
{"Time":"2026-09-17T17:12:10.002706+08:00","Action":"pass","Package":"github.com/TokenFlux/TokenRouter/internal/server/middleware","Test":"TestServerTimingScopesAndRoleGate/user_role_cannot_use_admin_marker_on_non-user_path","Elapsed":0}
{"Time":"2026-09-17T17:12:10.002711+08:00","Action":"run","Package":"github.com/TokenFlux/TokenRouter/internal/server/middleware","Test":"TestServerTimingScopesAndRoleGate/user_marker_alone_does_not_authorize_non-user_path"}
{"Time":"2026-09-17T17:12:10.002712+08:00","Action":"output","Package":"github.com/TokenFlux/TokenRouter/internal/server/middleware","Test":"TestServerTimingScopesAndRoleGate/user_marker_alone_does_not_authorize_non-user_path","Output":"=== RUN   TestServerTimingScopesAndRoleGate/user_marker_alone_does_not_authorize_non-user_path\n","OutputType":"frame"}
{"Time":"2026-09-17T17:12:10.002724+08:00","Action":"output","Package":"github.com/TokenFlux/TokenRouter/internal/server/middleware","Test":"TestServerTimingScopesAndRoleGate/user_marker_alone_does_not_authorize_non-user_path","Output":"--- PASS: TestServerTimingScopesAndRoleGate/user_marker_alone_does_not_authorize_non-user_path (0.00s)\n","OutputType":"frame"}
{"Time":"2026-09-17T17:12:10.002731+08:00","Action":"pass","Package":"github.com/TokenFlux/TokenRouter/internal/server/middleware","Test":"TestServerTimingScopesAndRoleGate/user_marker_alone_does_not_authorize_non-user_path","Elapsed":0}
{"Time":"2026-09-17T17:12:10.002735+08:00","Action":"run","Package":"github.com/TokenFlux/TokenRouter/internal/server/middleware","Test":"TestServerTimingScopesAndRoleGate/unauthenticated_public_request"}
{"Time":"2026-09-17T17:12:10.002737+08:00","Action":"output","Package":"github.com/TokenFlux/TokenRouter/internal/server/middleware","Test":"TestServerTimingScopesAndRoleGate/unauthenticated_public_request","Output":"=== RUN   TestServerTimingScopesAndRoleGate/unauthenticated_public_request\n","OutputType":"frame"}
{"Time":"2026-09-17T17:12:10.00274+08:00","Action":"output","Package":"github.com/TokenFlux/TokenRouter/internal/server/middleware","Test":"TestServerTimingScopesAndRoleGate/unauthenticated_public_request","Output":"--- PASS: TestServerTimingScopesAndRoleGate/unauthenticated_public_request (0.00s)\n","OutputType":"frame"}
{"Time":"2026-09-17T17:12:10.002742+08:00","Action":"pass","Package":"github.com/TokenFlux/TokenRouter/internal/server/middleware","Test":"TestServerTimingScopesAndRoleGate/unauthenticated_public_request","Elapsed":0}
{"Time":"2026-09-17T17:12:10.002744+08:00","Action":"run","Package":"github.com/TokenFlux/TokenRouter/internal/server/middleware","Test":"TestServerTimingScopesAndRoleGate/unauthenticated_user_path"}
{"Time":"2026-09-17T17:12:10.002746+08:00","Action":"output","Package":"github.com/TokenFlux/TokenRouter/internal/server/middleware","Test":"TestServerTimingScopesAndRoleGate/unauthenticated_user_path","Output":"=== RUN   TestServerTimingScopesAndRoleGate/unauthenticated_user_path\n","OutputType":"frame"}
{"Time":"2026-09-17T17:12:10.002748+08:00","Action":"output","Package":"github.com/TokenFlux/TokenRouter/internal/server/middleware","Test":"TestServerTimingScopesAndRoleGate/unauthenticated_user_path","Output":"--- PASS: TestServerTimingScopesAndRoleGate/unauthenticated_user_path (0.00s)\n","OutputType":"frame"}
{"Time":"2026-09-17T17:12:10.00275+08:00","Action":"pass","Package":"github.com/TokenFlux/TokenRouter/internal/server/middleware","Test":"TestServerTimingScopesAndRoleGate/unauthenticated_user_path","Elapsed":0}
{"Time":"2026-09-17T17:12:10.002752+08:00","Action":"run","Package":"github.com/TokenFlux/TokenRouter/internal/server/middleware","Test":"TestServerTimingScopesAndRoleGate/unmarked_shared_API_still_scopes_by_path_for_admin"}
{"Time":"2026-09-17T17:12:10.002757+08:00","Action":"output","Package":"github.com/TokenFlux/TokenRouter/internal/server/middleware","Test":"TestServerTimingScopesAndRoleGate/unmarked_shared_API_still_scopes_by_path_for_admin","Output":"=== RUN   TestServerTimingScopesAndRoleGate/unmarked_shared_API_still_scopes_by_path_for_admin\n","OutputType":"frame"}
{"Time":"2026-09-17T17:12:10.002774+08:00","Action":"output","Package":"github.com/TokenFlux/TokenRouter/internal/server/middleware","Test":"TestServerTimingScopesAndRoleGate/unmarked_shared_API_still_scopes_by_path_for_admin","Output":"--- PASS: TestServerTimingScopesAndRoleGate/unmarked_shared_API_still_scopes_by_path_for_admin (0.00s)\n","OutputType":"frame"}
{"Time":"2026-09-17T17:12:10.002778+08:00","Action":"pass","Package":"github.com/TokenFlux/TokenRouter/internal/server/middleware","Test":"TestServerTimingScopesAndRoleGate/unmarked_shared_API_still_scopes_by_path_for_admin","Elapsed":0}
{"Time":"2026-09-17T17:12:10.00278+08:00","Action":"run","Package":"github.com/TokenFlux/TokenRouter/internal/server/middleware","Test":"TestServerTimingScopesAndRoleGate/invalid_admin_marker_on_non-scoped_path"}
{"Time":"2026-09-17T17:12:10.002782+08:00","Action":"output","Package":"github.com/TokenFlux/TokenRouter/internal/server/middleware","Test":"TestServerTimingScopesAndRoleGate/invalid_admin_marker_on_non-scoped_path","Output":"=== RUN   TestServerTimingScopesAndRoleGate/invalid_admin_marker_on_non-scoped_path\n","OutputType":"frame"}
{"Time":"2026-09-17T17:12:10.002798+08:00","Action":"output","Package":"github.com/TokenFlux/TokenRouter/internal/server/middleware","Test":"TestServerTimingScopesAndRoleGate/invalid_admin_marker_on_non-scoped_path","Output":"--- PASS: TestServerTimingScopesAndRoleGate/invalid_admin_marker_on_non-scoped_path (0.00s)\n","OutputType":"frame"}
{"Time":"2026-09-17T17:12:10.002812+08:00","Action":"pass","Package":"github.com/TokenFlux/TokenRouter/internal/server/middleware","Test":"TestServerTimingScopesAndRoleGate/invalid_admin_marker_on_non-scoped_path","Elapsed":0}
{"Time":"2026-09-17T17:12:10.002814+08:00","Action":"run","Package":"github.com/TokenFlux/TokenRouter/internal/server/middleware","Test":"TestServerTimingScopesAndRoleGate/admin_prefix_boundary"}
{"Time":"2026-09-17T17:12:10.002816+08:00","Action":"output","Package":"github.com/TokenFlux/TokenRouter/internal/server/middleware","Test":"TestServerTimingScopesAndRoleGate/admin_prefix_boundary","Output":"=== RUN   TestServerTimingScopesAndRoleGate/admin_prefix_boundary\n","OutputType":"frame"}
{"Time":"2026-09-17T17:12:10.002827+08:00","Action":"output","Package":"github.com/TokenFlux/TokenRouter/internal/server/middleware","Test":"TestServerTimingScopesAndRoleGate/admin_prefix_boundary","Output":"--- PASS: TestServerTimingScopesAndRoleGate/admin_prefix_boundary (0.00s)\n","OutputType":"frame"}
{"Time":"2026-09-17T17:12:10.002832+08:00","Action":"pass","Package":"github.com/TokenFlux/TokenRouter/internal/server/middleware","Test":"TestServerTimingScopesAndRoleGate/admin_prefix_boundary","Elapsed":0}
{"Time":"2026-09-17T17:12:10.002835+08:00","Action":"run","Package":"github.com/TokenFlux/TokenRouter/internal/server/middleware","Test":"TestServerTimingScopesAndRoleGate/auth_me_path"}
{"Time":"2026-09-17T17:12:10.002837+08:00","Action":"output","Package":"github.com/TokenFlux/TokenRouter/internal/server/middleware","Test":"TestServerTimingScopesAndRoleGate/auth_me_path","Output":"=== RUN   TestServerTimingScopesAndRoleGate/auth_me_path\n","OutputType":"frame"}
{"Time":"2026-09-17T17:12:10.002847+08:00","Action":"output","Package":"github.com/TokenFlux/TokenRouter/internal/server/middleware","Test":"TestServerTimingScopesAndRoleGate/auth_me_path","Output":"--- PASS: TestServerTimingScopesAndRoleGate/auth_me_path (0.00s)\n","OutputType":"frame"}
{"Time":"2026-09-17T17:12:10.00285+08:00","Action":"pass","Package":"github.com/TokenFlux/TokenRouter/internal/server/middleware","Test":"TestServerTimingScopesAndRoleGate/auth_me_path","Elapsed":0}
{"Time":"2026-09-17T17:12:10.002852+08:00","Action":"run","Package":"github.com/TokenFlux/TokenRouter/internal/server/middleware","Test":"TestServerTimingScopesAndRoleGate/payment_user_path"}
{"Time":"2026-09-17T17:12:10.002853+08:00","Action":"output","Package":"github.com/TokenFlux/TokenRouter/internal/server/middleware","Test":"TestServerTimingScopesAndRoleGate/payment_user_path","Output":"=== RUN   TestServerTimingScopesAndRoleGate/payment_user_path\n","OutputType":"frame"}
{"Time":"2026-09-17T17:12:10.002876+08:00","Action":"output","Package":"github.com/TokenFlux/TokenRouter/internal/server/middleware","Test":"TestServerTimingScopesAndRoleGate/payment_user_path","Output":"--- PASS: TestServerTimingScopesAndRoleGate/payment_user_path (0.00s)\n","OutputType":"frame"}
{"Time":"2026-09-17T17:12:10.002879+08:00","Action":"pass","Package":"github.com/TokenFlux/TokenRouter/internal/server/middleware","Test":"TestServerTimingScopesAndRoleGate/payment_user_path","Elapsed":0}
{"Time":"2026-09-17T17:12:10.002881+08:00","Action":"run","Package":"github.com/TokenFlux/TokenRouter/internal/server/middleware","Test":"TestServerTimingScopesAndRoleGate/payment_public_excluded"}
{"Time":"2026-09-17T17:12:10.002883+08:00","Action":"output","Package":"github.com/TokenFlux/TokenRouter/internal/server/middleware","Test":"TestServerTimingScopesAndRoleGate/payment_public_excluded","Output":"=== RUN   TestServerTimingScopesAndRoleGate/payment_public_excluded\n","OutputType":"frame"}
{"Time":"2026-09-17T17:12:10.002891+08:00","Action":"output","Package":"github.com/TokenFlux/TokenRouter/internal/server/middleware","Test":"TestServerTimingScopesAndRoleGate/payment_public_excluded","Output":"--- PASS: TestServerTimingScopesAndRoleGate/payment_public_excluded (0.00s)\n","OutputType":"frame"}
{"Time":"2026-09-17T17:12:10.002893+08:00","Action":"pass","Package":"github.com/TokenFlux/TokenRouter/internal/server/middleware","Test":"TestServerTimingScopesAndRoleGate/payment_public_excluded","Elapsed":0}
{"Time":"2026-09-17T17:12:10.002896+08:00","Action":"run","Package":"github.com/TokenFlux/TokenRouter/internal/server/middleware","Test":"TestServerTimingScopesAndRoleGate/payment_webhook_excluded"}
{"Time":"2026-09-17T17:12:10.002897+08:00","Action":"output","Package":"github.com/TokenFlux/TokenRouter/internal/server/middleware","Test":"TestServerTimingScopesAndRoleGate/payment_webhook_excluded","Output":"=== RUN   TestServerTimingScopesAndRoleGate/payment_webhook_excluded\n","OutputType":"frame"}
{"Time":"2026-09-17T17:12:10.002906+08:00","Action":"output","Package":"github.com/TokenFlux/TokenRouter/internal/server/middleware","Test":"TestServerTimingScopesAndRoleGate/payment_webhook_excluded","Output":"--- PASS: TestServerTimingScopesAndRoleGate/payment_webhook_excluded (0.00s)\n","OutputType":"frame"}
{"Time":"2026-09-17T17:12:10.002908+08:00","Action":"pass","Package":"github.com/TokenFlux/TokenRouter/internal/server/middleware","Test":"TestServerTimingScopesAndRoleGate/payment_webhook_excluded","Elapsed":0}
{"Time":"2026-09-17T17:12:10.002911+08:00","Action":"run","Package":"github.com/TokenFlux/TokenRouter/internal/server/middleware","Test":"TestServerTimingScopesAndRoleGate/channel_monitors_path"}
{"Time":"2026-09-17T17:12:10.002912+08:00","Action":"output","Package":"github.com/TokenFlux/TokenRouter/internal/server/middleware","Test":"TestServerTimingScopesAndRoleGate/channel_monitors_path","Output":"=== RUN   TestServerTimingScopesAndRoleGate/channel_monitors_path\n","OutputType":"frame"}
{"Time":"2026-09-17T17:12:10.002926+08:00","Action":"output","Package":"github.com/TokenFlux/TokenRouter/internal/server/middleware","Test":"TestServerTimingScopesAndRoleGate/channel_monitors_path","Output":"--- PASS: TestServerTimingScopesAndRoleGate/channel_monitors_path (0.00s)\n","OutputType":"frame"}
{"Time":"2026-09-17T17:12:10.002929+08:00","Action":"pass","Package":"github.com/TokenFlux/TokenRouter/internal/server/middleware","Test":"TestServerTimingScopesAndRoleGate/channel_monitors_path","Elapsed":0}
{"Time":"2026-09-17T17:12:10.002932+08:00","Action":"output","Package":"github.com/TokenFlux/TokenRouter/internal/server/middleware","Test":"TestServerTimingScopesAndRoleGate","Output":"--- PASS: TestServerTimingScopesAndRoleGate (0.00s)\n","OutputType":"frame"}
{"Time":"2026-09-17T17:12:10.002933+08:00","Action":"pass","Package":"github.com/TokenFlux/TokenRouter/internal/server/middleware","Test":"TestServerTimingScopesAndRoleGate","Elapsed":0}
{"Time":"2026-09-17T17:12:10.002935+08:00","Action":"run","Package":"github.com/TokenFlux/TokenRouter/internal/server/middleware","Test":"TestIsUserTimingPath"}
{"Time":"2026-09-17T17:12:10.002937+08:00","Action":"output","Package":"github.com/TokenFlux/TokenRouter/internal/server/middleware","Test":"TestIsUserTimingPath","Output":"=== RUN   TestIsUserTimingPath\n","OutputType":"frame"}
{"Time":"2026-09-17T17:12:10.002939+08:00","Action":"run","Package":"github.com/TokenFlux/TokenRouter/internal/server/middleware","Test":"TestIsUserTimingPath//api/v1/auth/me"}
{"Time":"2026-09-17T17:12:10.00294+08:00","Action":"output","Package":"github.com/TokenFlux/TokenRouter/internal/server/middleware","Test":"TestIsUserTimingPath//api/v1/auth/me","Output":"=== RUN   TestIsUserTimingPath//api/v1/auth/me\n","OutputType":"frame"}
{"Time":"2026-09-17T17:12:10.002943+08:00","Action":"output","Package":"github.com/TokenFlux/TokenRouter/internal/server/middleware","Test":"TestIsUserTimingPath//api/v1/auth/me","Output":"--- PASS: TestIsUserTimingPath//api/v1/auth/me (0.00s)\n","OutputType":"frame"}
{"Time":"2026-09-17T17:12:10.002945+08:00","Action":"pass","Package":"github.com/TokenFlux/TokenRouter/internal/server/middleware","Test":"TestIsUserTimingPath//api/v1/auth/me","Elapsed":0}
{"Time":"2026-09-17T17:12:10.00295+08:00","Action":"run","Package":"github.com/TokenFlux/TokenRouter/internal/server/middleware","Test":"TestIsUserTimingPath//api/v1/auth/revoke-all-sessions"}
{"Time":"2026-09-17T17:12:10.002952+08:00","Action":"output","Package":"github.com/TokenFlux/TokenRouter/internal/server/middleware","Test":"TestIsUserTimingPath//api/v1/auth/revoke-all-sessions","Output":"=== RUN   TestIsUserTimingPath//api/v1/auth/revoke-all-sessions\n","OutputType":"frame"}
{"Time":"2026-09-17T17:12:10.002954+08:00","Action":"output","Package":"github.com/TokenFlux/TokenRouter/internal/server/middleware","Test":"TestIsUserTimingPath//api/v1/auth/revoke-all-sessions","Output":"--- PASS: TestIsUserTimingPath//api/v1/auth/revoke-all-sessions (0.00s)\n","OutputType":"frame"}
{"Time":"2026-09-17T17:12:10.002956+08:00","Action":"pass","Package":"github.com/TokenFlux/TokenRouter/internal/server/middleware","Test":"TestIsUserTimingPath//api/v1/auth/revoke-all-sessions","Elapsed":0}
{"Time":"2026-09-17T17:12:10.002957+08:00","Action":"run","Package":"github.com/TokenFlux/TokenRouter/internal/server/middleware","Test":"TestIsUserTimingPath//api/v1/auth/oauth/bind-token"}
{"Time":"2026-09-17T17:12:10.002959+08:00","Action":"output","Package":"github.com/TokenFlux/TokenRouter/internal/server/middleware","Test":"TestIsUserTimingPath//api/v1/auth/oauth/bind-token","Output":"=== RUN   TestIsUserTimingPath//api/v1/auth/oauth/bind-token\n","OutputType":"frame"}
{"Time":"2026-09-17T17:12:10.002964+08:00","Action":"output","Package":"github.com/TokenFlux/TokenRouter/internal/server/middleware","Test":"TestIsUserTimingPath//api/v1/auth/oauth/bind-token","Output":"--- PASS: TestIsUserTimingPath//api/v1/auth/oauth/bind-token (0.00s)\n","OutputType":"frame"}
{"Time":"2026-09-17T17:12:10.002967+08:00","Action":"pass","Package":"github.com/TokenFlux/TokenRouter/internal/server/middleware","Test":"TestIsUserTimingPath//api/v1/auth/oauth/bind-token","Elapsed":0}
{"Time":"2026-09-17T17:12:10.002968+08:00","Action":"run","Package":"github.com/TokenFlux/TokenRouter/internal/server/middleware","Test":"TestIsUserTimingPath//api/v1/auth/login"}
{"Time":"2026-09-17T17:12:10.00297+08:00","Action":"output","Package":"github.com/TokenFlux/TokenRouter/internal/server/middleware","Test":"TestIsUserTimingPath//api/v1/auth/login","Output":"=== RUN   TestIsUserTimingPath//api/v1/auth/login\n","OutputType":"frame"}
{"Time":"2026-09-17T17:12:10.002972+08:00","Action":"output","Package":"github.com/TokenFlux/TokenRouter/internal/server/middleware","Test":"TestIsUserTimingPath//api/v1/auth/login","Output":"--- PASS: TestIsUserTimingPath//api/v1/auth/login (0.00s)\n","OutputType":"frame"}
{"Time":"2026-09-17T17:12:10.002974+08:00","Action":"pass","Package":"github.com/TokenFlux/TokenRouter/internal/server/middleware","Test":"TestIsUserTimingPath//api/v1/auth/login","Elapsed":0}
{"Time":"2026-09-17T17:12:10.002975+08:00","Action":"run","Package":"github.com/TokenFlux/TokenRouter/internal/server/middleware","Test":"TestIsUserTimingPath//api/v1/user"}
{"Time":"2026-09-17T17:12:10.002977+08:00","Action":"output","Package":"github.com/TokenFlux/TokenRouter/internal/server/middleware","Test":"TestIsUserTimingPath//api/v1/user","Output":"=== RUN   TestIsUserTimingPath//api/v1/user\n","OutputType":"frame"}
{"Time":"2026-09-17T17:12:10.002979+08:00","Action":"output","Package":"github.com/TokenFlux/TokenRouter/internal/server/middleware","Test":"TestIsUserTimingPath//api/v1/user","Output":"--- PASS: TestIsUserTimingPath//api/v1/user (0.00s)\n","OutputType":"frame"}
{"Time":"2026-09-17T17:12:10.002981+08:00","Action":"pass","Package":"github.com/TokenFlux/TokenRouter/internal/server/middleware","Test":"TestIsUserTimingPath//api/v1/user","Elapsed":0}
{"Time":"2026-09-17T17:12:10.002983+08:00","Action":"run","Package":"github.com/TokenFlux/TokenRouter/internal/server/middleware","Test":"TestIsUserTimingPath//api/v1/user/profile"}
{"Time":"2026-09-17T17:12:10.002984+08:00","Action":"output","Package":"github.com/TokenFlux/TokenRouter/internal/server/middleware","Test":"TestIsUserTimingPath//api/v1/user/profile","Output":"=== RUN   TestIsUserTimingPath//api/v1/user/profile\n","OutputType":"frame"}
{"Time":"2026-09-17T17:12:10.002987+08:00","Action":"output","Package":"github.com/TokenFlux/TokenRouter/internal/server/middleware","Test":"TestIsUserTimingPath//api/v1/user/profile","Output":"--- PASS: TestIsUserTimingPath//api/v1/user/profile (0.00s)\n","OutputType":"frame"}
{"Time":"2026-09-17T17:12:10.002989+08:00","Action":"pass","Package":"github.com/TokenFlux/TokenRouter/internal/server/middleware","Test":"TestIsUserTimingPath//api/v1/user/profile","Elapsed":0}
{"Time":"2026-09-17T17:12:10.002992+08:00","Action":"run","Package":"github.com/TokenFlux/TokenRouter/internal/server/middleware","Test":"TestIsUserTimingPath//api/v1/user/totp/status"}
{"Time":"2026-09-17T17:12:10.002994+08:00","Action":"output","Package":"github.com/TokenFlux/TokenRouter/internal/server/middleware","Test":"TestIsUserTimingPath//api/v1/user/totp/status","Output":"=== RUN   TestIsUserTimingPath//api/v1/user/totp/status\n","OutputType":"frame"}
{"Time":"2026-09-17T17:12:10.002996+08:00","Action":"output","Package":"github.com/TokenFlux/TokenRouter/internal/server/middleware","Test":"TestIsUserTimingPath//api/v1/user/totp/status","Output":"--- PASS: TestIsUserTimingPath//api/v1/user/totp/status (0.00s)\n","OutputType":"frame"}
{"Time":"2026-09-17T17:12:10.002998+08:00","Action":"pass","Package":"github.com/TokenFlux/TokenRouter/internal/server/middleware","Test":"TestIsUserTimingPath//api/v1/user/totp/status","Elapsed":0}
{"Time":"2026-09-17T17:12:10.002999+08:00","Action":"run","Package":"github.com/TokenFlux/TokenRouter/internal/server/middleware","Test":"TestIsUserTimingPath//api/v1/keys"}
{"Time":"2026-09-17T17:12:10.003004+08:00","Action":"output","Package":"github.com/TokenFlux/TokenRouter/internal/server/middleware","Test":"TestIsUserTimingPath//api/v1/keys","Output":"=== RUN   TestIsUserTimingPath//api/v1/keys\n","OutputType":"frame"}
{"Time":"2026-09-17T17:12:10.003006+08:00","Action":"output","Package":"github.com/TokenFlux/TokenRouter/internal/server/middleware","Test":"TestIsUserTimingPath//api/v1/keys","Output":"--- PASS: TestIsUserTimingPath//api/v1/keys (0.00s)\n","OutputType":"frame"}
{"Time":"2026-09-17T17:12:10.003008+08:00","Action":"pass","Package":"github.com/TokenFlux/TokenRouter/internal/server/middleware","Test":"TestIsUserTimingPath//api/v1/keys","Elapsed":0}
{"Time":"2026-09-17T17:12:10.003009+08:00","Action":"run","Package":"github.com/TokenFlux/TokenRouter/internal/server/middleware","Test":"TestIsUserTimingPath//api/v1/keys/12"}
{"Time":"2026-09-17T17:12:10.003011+08:00","Action":"output","Package":"github.com/TokenFlux/TokenRouter/internal/server/middleware","Test":"TestIsUserTimingPath//api/v1/keys/12","Output":"=== RUN   TestIsUserTimingPath//api/v1/keys/12\n","OutputType":"frame"}
{"Time":"2026-09-17T17:12:10.003013+08:00","Action":"output","Package":"github.com/TokenFlux/TokenRouter/internal/server/middleware","Test":"TestIsUserTimingPath//api/v1/keys/12","Output":"--- PASS: TestIsUserTimingPath//api/v1/keys/12 (0.00s)\n","OutputType":"frame"}
{"Time":"2026-09-17T17:12:10.003014+08:00","Action":"pass","Package":"github.com/TokenFlux/TokenRouter/internal/server/middleware","Test":"TestIsUserTimingPath//api/v1/keys/12","Elapsed":0}
{"Time":"2026-09-17T17:12:10.003016+08:00","Action":"run","Package":"github.com/TokenFlux/TokenRouter/internal/server/middleware","Test":"TestIsUserTimingPath//api/v1/groups/available"}
{"Time":"2026-09-17T17:12:10.003018+08:00","Action":"output","Package":"github.com/TokenFlux/TokenRouter/internal/server/middleware","Test":"TestIsUserTimingPath//api/v1/groups/available","Output":"=== RUN   TestIsUserTimingPath//api/v1/groups/available\n","OutputType":"frame"}
{"Time":"2026-09-17T17:12:10.00302+08:00","Action":"output","Package":"github.com/TokenFlux/TokenRouter/internal/server/middleware","Test":"TestIsUserTimingPath//api/v1/groups/available","Output":"--- PASS: TestIsUserTimingPath//api/v1/groups/available (0.00s)\n","OutputType":"frame"}
{"Time":"2026-09-17T17:12:10.003022+08:00","Action":"pass","Package":"github.com/TokenFlux/TokenRouter/internal/server/middleware","Test":"TestIsUserTimingPath//api/v1/groups/available","Elapsed":0}
{"Time":"2026-09-17T17:12:10.003024+08:00","Action":"run","Package":"github.com/TokenFlux/TokenRouter/internal/server/middleware","Test":"TestIsUserTimingPath//api/v1/groups/rates"}
{"Time":"2026-09-17T17:12:10.003025+08:00","Action":"output","Package":"github.com/TokenFlux/TokenRouter/internal/server/middleware","Test":"TestIsUserTimingPath//api/v1/groups/rates","Output":"=== RUN   TestIsUserTimingPath//api/v1/groups/rates\n","OutputType":"frame"}
{"Time":"2026-09-17T17:12:10.003027+08:00","Action":"output","Package":"github.com/TokenFlux/TokenRouter/internal/server/middleware","Test":"TestIsUserTimingPath//api/v1/groups/rates","Output":"--- PASS: TestIsUserTimingPath//api/v1/groups/rates (0.00s)\n","OutputType":"frame"}
{"Time":"2026-09-17T17:12:10.00303+08:00","Action":"pass","Package":"github.com/TokenFlux/TokenRouter/internal/server/middleware","Test":"TestIsUserTimingPath//api/v1/groups/rates","Elapsed":0}
{"Time":"2026-09-17T17:12:10.003032+08:00","Action":"run","Package":"github.com/TokenFlux/TokenRouter/internal/server/middleware","Test":"TestIsUserTimingPath//api/v1/groups"}
{"Time":"2026-09-17T17:12:10.003033+08:00","Action":"output","Package":"github.com/TokenFlux/TokenRouter/internal/server/middleware","Test":"TestIsUserTimingPath//api/v1/groups","Output":"=== RUN   TestIsUserTimingPath//api/v1/groups\n","OutputType":"frame"}
{"Time":"2026-09-17T17:12:10.003035+08:00","Action":"output","Package":"github.com/TokenFlux/TokenRouter/internal/server/middleware","Test":"TestIsUserTimingPath//api/v1/groups","Output":"--- PASS: TestIsUserTimingPath//api/v1/groups (0.00s)\n","OutputType":"frame"}
{"Time":"2026-09-17T17:12:10.003037+08:00","Action":"pass","Package":"github.com/TokenFlux/TokenRouter/internal/server/middleware","Test":"TestIsUserTimingPath//api/v1/groups","Elapsed":0}
{"Time":"2026-09-17T17:12:10.003048+08:00","Action":"run","Package":"github.com/TokenFlux/TokenRouter/internal/server/middleware","Test":"TestIsUserTimingPath//api/v1/channels/available"}
{"Time":"2026-09-17T17:12:10.00305+08:00","Action":"output","Package":"github.com/TokenFlux/TokenRouter/internal/server/middleware","Test":"TestIsUserTimingPath//api/v1/channels/available","Output":"=== RUN   TestIsUserTimingPath//api/v1/channels/available\n","OutputType":"frame"}
{"Time":"2026-09-17T17:12:10.003052+08:00","Action":"output","Package":"github.com/TokenFlux/TokenRouter/internal/server/middleware","Test":"TestIsUserTimingPath//api/v1/channels/available","Output":"--- PASS: TestIsUserTimingPath//api/v1/channels/available (0.00s)\n","OutputType":"frame"}
{"Time":"2026-09-17T17:12:10.003054+08:00","Action":"pass","Package":"github.com/TokenFlux/TokenRouter/internal/server/middleware","Test":"TestIsUserTimingPath//api/v1/channels/available","Elapsed":0}
{"Time":"2026-09-17T17:12:10.003058+08:00","Action":"run","Package":"github.com/TokenFlux/TokenRouter/internal/server/middleware","Test":"TestIsUserTimingPath//api/v1/channels"}
{"Time":"2026-09-17T17:12:10.003059+08:00","Action":"output","Package":"github.com/TokenFlux/TokenRouter/internal/server/middleware","Test":"TestIsUserTimingPath//api/v1/channels","Output":"=== RUN   TestIsUserTimingPath//api/v1/channels\n","OutputType":"frame"}
{"Time":"2026-09-17T17:12:10.003061+08:00","Action":"output","Package":"github.com/TokenFlux/TokenRouter/internal/server/middleware","Test":"TestIsUserTimingPath//api/v1/channels","Output":"--- PASS: TestIsUserTimingPath//api/v1/channels (0.00s)\n","OutputType":"frame"}
{"Time":"2026-09-17T17:12:10.003067+08:00","Action":"pass","Package":"github.com/TokenFlux/TokenRouter/internal/server/middleware","Test":"TestIsUserTimingPath//api/v1/channels","Elapsed":0}
{"Time":"2026-09-17T17:12:10.003077+08:00","Action":"run","Package":"github.com/TokenFlux/TokenRouter/internal/server/middleware","Test":"TestIsUserTimingPath//api/v1/usage/stats"}
{"Time":"2026-09-17T17:12:10.003078+08:00","Action":"output","Package":"github.com/TokenFlux/TokenRouter/internal/server/middleware","Test":"TestIsUserTimingPath//api/v1/usage/stats","Output":"=== RUN   TestIsUserTimingPath//api/v1/usage/stats\n","OutputType":"frame"}
{"Time":"2026-09-17T17:12:10.003081+08:00","Action":"output","Package":"github.com/TokenFlux/TokenRouter/internal/server/middleware","Test":"TestIsUserTimingPath//api/v1/usage/stats","Output":"--- PASS: TestIsUserTimingPath//api/v1/usage/stats (0.00s)\n","OutputType":"frame"}
{"Time":"2026-09-17T17:12:10.003083+08:00","Action":"pass","Package":"github.com/TokenFlux/TokenRouter/internal/server/middleware","Test":"TestIsUserTimingPath//api/v1/usage/stats","Elapsed":0}
{"Time":"2026-09-17T17:12:10.003084+08:00","Action":"run","Package":"github.com/TokenFlux/TokenRouter/internal/server/middleware","Test":"TestIsUserTimingPath//api/v1/announcements"}
{"Time":"2026-09-17T17:12:10.003086+08:00","Action":"output","Package":"github.com/TokenFlux/TokenRouter/internal/server/middleware","Test":"TestIsUserTimingPath//api/v1/announcements","Output":"=== RUN   TestIsUserTimingPath//api/v1/announcements\n","OutputType":"frame"}
{"Time":"2026-09-17T17:12:10.003088+08:00","Action":"output","Package":"github.com/TokenFlux/TokenRouter/internal/server/middleware","Test":"TestIsUserTimingPath//api/v1/announcements","Output":"--- PASS: TestIsUserTimingPath//api/v1/announcements (0.00s)\n","OutputType":"frame"}
{"Time":"2026-09-17T17:12:10.00309+08:00","Action":"pass","Package":"github.com/TokenFlux/TokenRouter/internal/server/middleware","Test":"TestIsUserTimingPath//api/v1/announcements","Elapsed":0}
{"Time":"2026-09-17T17:12:10.003091+08:00","Action":"run","Package":"github.com/TokenFlux/TokenRouter/internal/server/middleware","Test":"TestIsUserTimingPath//api/v1/redeem/history"}
{"Time":"2026-09-17T17:12:10.003092+08:00","Action":"output","Package":"github.com/TokenFlux/TokenRouter/internal/server/middleware","Test":"TestIsUserTimingPath//api/v1/redeem/history","Output":"=== RUN   TestIsUserTimingPath//api/v1/redeem/history\n","OutputType":"frame"}
{"Time":"2026-09-17T17:12:10.003094+08:00","Action":"output","Package":"github.com/TokenFlux/TokenRouter/internal/server/middleware","Test":"TestIsUserTimingPath//api/v1/redeem/history","Output":"--- PASS: TestIsUserTimingPath//api/v1/redeem/history (0.00s)\n","OutputType":"frame"}
{"Time":"2026-09-17T17:12:10.003096+08:00","Action":"pass","Package":"github.com/TokenFlux/TokenRouter/internal/server/middleware","Test":"TestIsUserTimingPath//api/v1/redeem/history","Elapsed":0}
{"Time":"2026-09-17T17:12:10.003098+08:00","Action":"run","Package":"github.com/TokenFlux/TokenRouter/internal/server/middleware","Test":"TestIsUserTimingPath//api/v1/subscriptions/active"}
{"Time":"2026-09-17T17:12:10.003099+08:00","Action":"output","Package":"github.com/TokenFlux/TokenRouter/internal/server/middleware","Test":"TestIsUserTimingPath//api/v1/subscriptions/active","Output":"=== RUN   TestIsUserTimingPath//api/v1/subscriptions/active\n","OutputType":"frame"}
{"Time":"2026-09-17T17:12:10.003101+08:00","Action":"output","Package":"github.com/TokenFlux/TokenRouter/internal/server/middleware","Test":"TestIsUserTimingPath//api/v1/subscriptions/active","Output":"--- PASS: TestIsUserTimingPath//api/v1/subscriptions/active (0.00s)\n","OutputType":"frame"}
{"Time":"2026-09-17T17:12:10.003103+08:00","Action":"pass","Package":"github.com/TokenFlux/TokenRouter/internal/server/middleware","Test":"TestIsUserTimingPath//api/v1/subscriptions/active","Elapsed":0}
{"Time":"2026-09-17T17:12:10.003105+08:00","Action":"run","Package":"github.com/TokenFlux/TokenRouter/internal/server/middleware","Test":"TestIsUserTimingPath//api/v1/channel-monitors"}
{"Time":"2026-09-17T17:12:10.003106+08:00","Action":"output","Package":"github.com/TokenFlux/TokenRouter/internal/server/middleware","Test":"TestIsUserTimingPath//api/v1/channel-monitors","Output":"=== RUN   TestIsUserTimingPath//api/v1/channel-monitors\n","OutputType":"frame"}
{"Time":"2026-09-17T17:12:10.003108+08:00","Action":"output","Package":"github.com/TokenFlux/TokenRouter/internal/server/middleware","Test":"TestIsUserTimingPath//api/v1/channel-monitors","Output":"--- PASS: TestIsUserTimingPath//api/v1/channel-monitors (0.00s)\n","OutputType":"frame"}
{"Time":"2026-09-17T17:12:10.00311+08:00","Action":"pass","Package":"github.com/TokenFlux/TokenRouter/internal/server/middleware","Test":"TestIsUserTimingPath//api/v1/channel-monitors","Elapsed":0}
{"Time":"2026-09-17T17:12:10.003111+08:00","Action":"run","Package":"github.com/TokenFlux/TokenRouter/internal/server/middleware","Test":"TestIsUserTimingPath//api/v1/payment/config"}
{"Time":"2026-09-17T17:12:10.003113+08:00","Action":"output","Package":"github.com/TokenFlux/TokenRouter/internal/server/middleware","Test":"TestIsUserTimingPath//api/v1/payment/config","Output":"=== RUN   TestIsUserTimingPath//api/v1/payment/config\n","OutputType":"frame"}
{"Time":"2026-09-17T17:12:10.003115+08:00","Action":"output","Package":"github.com/TokenFlux/TokenRouter/internal/server/middleware","Test":"TestIsUserTimingPath//api/v1/payment/config","Output":"--- PASS: TestIsUserTimingPath//api/v1/payment/config (0.00s)\n","OutputType":"frame"}
{"Time":"2026-09-17T17:12:10.003116+08:00","Action":"pass","Package":"github.com/TokenFlux/TokenRouter/internal/server/middleware","Test":"TestIsUserTimingPath//api/v1/payment/config","Elapsed":0}
{"Time":"2026-09-17T17:12:10.003118+08:00","Action":"run","Package":"github.com/TokenFlux/TokenRouter/internal/server/middleware","Test":"TestIsUserTimingPath//api/v1/payment/orders/my"}
{"Time":"2026-09-17T17:12:10.00312+08:00","Action":"output","Package":"github.com/TokenFlux/TokenRouter/internal/server/middleware","Test":"TestIsUserTimingPath//api/v1/payment/orders/my","Output":"=== RUN   TestIsUserTimingPath//api/v1/payment/orders/my\n","OutputType":"frame"}
{"Time":"2026-09-17T17:12:10.003126+08:00","Action":"output","Package":"github.com/TokenFlux/TokenRouter/internal/server/middleware","Test":"TestIsUserTimingPath//api/v1/payment/orders/my","Output":"--- PASS: TestIsUserTimingPath//api/v1/payment/orders/my (0.00s)\n","OutputType":"frame"}
{"Time":"2026-09-17T17:12:10.003128+08:00","Action":"pass","Package":"github.com/TokenFlux/TokenRouter/internal/server/middleware","Test":"TestIsUserTimingPath//api/v1/payment/orders/my","Elapsed":0}
{"Time":"2026-09-17T17:12:10.00313+08:00","Action":"run","Package":"github.com/TokenFlux/TokenRouter/internal/server/middleware","Test":"TestIsUserTimingPath//api/v1/payment/public/orders/verify"}
{"Time":"2026-09-17T17:12:10.003131+08:00","Action":"output","Package":"github.com/TokenFlux/TokenRouter/internal/server/middleware","Test":"TestIsUserTimingPath//api/v1/payment/public/orders/verify","Output":"=== RUN   TestIsUserTimingPath//api/v1/payment/public/orders/verify\n","OutputType":"frame"}
{"Time":"2026-09-17T17:12:10.003133+08:00","Action":"output","Package":"github.com/TokenFlux/TokenRouter/internal/server/middleware","Test":"TestIsUserTimingPath//api/v1/payment/public/orders/verify","Output":"--- PASS: TestIsUserTimingPath//api/v1/payment/public/orders/verify (0.00s)\n","OutputType":"frame"}
{"Time":"2026-09-17T17:12:10.003135+08:00","Action":"pass","Package":"github.com/TokenFlux/TokenRouter/internal/server/middleware","Test":"TestIsUserTimingPath//api/v1/payment/public/orders/verify","Elapsed":0}
{"Time":"2026-09-17T17:12:10.003137+08:00","Action":"run","Package":"github.com/TokenFlux/TokenRouter/internal/server/middleware","Test":"TestIsUserTimingPath//api/v1/payment/webhook/easypay"}
{"Time":"2026-09-17T17:12:10.003139+08:00","Action":"output","Package":"github.com/TokenFlux/TokenRouter/internal/server/middleware","Test":"TestIsUserTimingPath//api/v1/payment/webhook/easypay","Output":"=== RUN   TestIsUserTimingPath//api/v1/payment/webhook/easypay\n","OutputType":"frame"}
{"Time":"2026-09-17T17:12:10.003141+08:00","Action":"output","Package":"github.com/TokenFlux/TokenRouter/internal/server/middleware","Test":"TestIsUserTimingPath//api/v1/payment/webhook/easypay","Output":"--- PASS: TestIsUserTimingPath//api/v1/payment/webhook/easypay (0.00s)\n","OutputType":"frame"}
{"Time":"2026-09-17T17:12:10.003144+08:00","Action":"pass","Package":"github.com/TokenFlux/TokenRouter/internal/server/middleware","Test":"TestIsUserTimingPath//api/v1/payment/webhook/easypay","Elapsed":0}
{"Time":"2026-09-17T17:12:10.003146+08:00","Action":"run","Package":"github.com/TokenFlux/TokenRouter/internal/server/middleware","Test":"TestIsUserTimingPath//api/v1/admin/users"}
{"Time":"2026-09-17T17:12:10.003147+08:00","Action":"output","Package":"github.com/TokenFlux/TokenRouter/internal/server/middleware","Test":"TestIsUserTimingPath//api/v1/admin/users","Output":"=== RUN   TestIsUserTimingPath//api/v1/admin/users\n","OutputType":"frame"}
{"Time":"2026-09-17T17:12:10.003149+08:00","Action":"output","Package":"github.com/TokenFlux/TokenRouter/internal/server/middleware","Test":"TestIsUserTimingPath//api/v1/admin/users","Output":"--- PASS: TestIsUserTimingPath//api/v1/admin/users (0.00s)\n","OutputType":"frame"}
{"Time":"2026-09-17T17:12:10.003151+08:00","Action":"pass","Package":"github.com/TokenFlux/TokenRouter/internal/server/middleware","Test":"TestIsUserTimingPath//api/v1/admin/users","Elapsed":0}
{"Time":"2026-09-17T17:12:10.003152+08:00","Action":"run","Package":"github.com/TokenFlux/TokenRouter/internal/server/middleware","Test":"TestIsUserTimingPath//api/v1/settings/public"}
{"Time":"2026-09-17T17:12:10.003154+08:00","Action":"output","Package":"github.com/TokenFlux/TokenRouter/internal/server/middleware","Test":"TestIsUserTimingPath//api/v1/settings/public","Output":"=== RUN   TestIsUserTimingPath//api/v1/settings/public\n","OutputType":"frame"}
{"Time":"2026-09-17T17:12:10.003156+08:00","Action":"output","Package":"github.com/TokenFlux/TokenRouter/internal/server/middleware","Test":"TestIsUserTimingPath//api/v1/settings/public","Output":"--- PASS: TestIsUserTimingPath//api/v1/settings/public (0.00s)\n","OutputType":"frame"}
{"Time":"2026-09-17T17:12:10.003157+08:00","Action":"pass","Package":"github.com/TokenFlux/TokenRouter/internal/server/middleware","Test":"TestIsUserTimingPath//api/v1/settings/public","Elapsed":0}
{"Time":"2026-09-17T17:12:10.003159+08:00","Action":"output","Package":"github.com/TokenFlux/TokenRouter/internal/server/middleware","Test":"TestIsUserTimingPath","Output":"--- PASS: TestIsUserTimingPath (0.00s)\n","OutputType":"frame"}
{"Time":"2026-09-17T17:12:10.003161+08:00","Action":"pass","Package":"github.com/TokenFlux/TokenRouter/internal/server/middleware","Test":"TestIsUserTimingPath","Elapsed":0}
{"Time":"2026-09-17T17:12:10.003163+08:00","Action":"run","Package":"github.com/TokenFlux/TokenRouter/internal/server/middleware","Test":"TestServerTimingCollectorIsRequestScoped"}
{"Time":"2026-09-17T17:12:10.003165+08:00","Action":"output","Package":"github.com/TokenFlux/TokenRouter/internal/server/middleware","Test":"TestServerTimingCollectorIsRequestScoped","Output":"=== RUN   TestServerTimingCollectorIsRequestScoped\n","OutputType":"frame"}
{"Time":"2026-09-17T17:12:10.003167+08:00","Action":"output","Package":"github.com/TokenFlux/TokenRouter/internal/server/middleware","Test":"TestServerTimingCollectorIsRequestScoped","Output":"--- PASS: TestServerTimingCollectorIsRequestScoped (0.00s)\n","OutputType":"frame"}
{"Time":"2026-09-17T17:12:10.003169+08:00","Action":"pass","Package":"github.com/TokenFlux/TokenRouter/internal/server/middleware","Test":"TestServerTimingCollectorIsRequestScoped","Elapsed":0}
{"Time":"2026-09-17T17:12:10.003171+08:00","Action":"run","Package":"github.com/TokenFlux/TokenRouter/internal/server/middleware","Test":"TestServerTimingCollectorForUserUIMarker"}
{"Time":"2026-09-17T17:12:10.003172+08:00","Action":"output","Package":"github.com/TokenFlux/TokenRouter/internal/server/middleware","Test":"TestServerTimingCollectorForUserUIMarker","Output":"=== RUN   TestServerTimingCollectorForUserUIMarker\n","OutputType":"frame"}
{"Time":"2026-09-17T17:12:10.003181+08:00","Action":"output","Package":"github.com/TokenFlux/TokenRouter/internal/server/middleware","Test":"TestServerTimingCollectorForUserUIMarker","Output":"--- PASS: TestServerTimingCollectorForUserUIMarker (0.00s)\n","OutputType":"frame"}
{"Time":"2026-09-17T17:12:10.003188+08:00","Action":"pass","Package":"github.com/TokenFlux/TokenRouter/internal/server/middleware","Test":"TestServerTimingCollectorForUserUIMarker","Elapsed":0}
{"Time":"2026-09-17T17:12:10.00319+08:00","Action":"run","Package":"github.com/TokenFlux/TokenRouter/internal/server/middleware","Test":"TestServerTimingFinalizesBeforeEarlyCommit"}
{"Time":"2026-09-17T17:12:10.003192+08:00","Action":"output","Package":"github.com/TokenFlux/TokenRouter/internal/server/middleware","Test":"TestServerTimingFinalizesBeforeEarlyCommit","Output":"=== RUN   TestServerTimingFinalizesBeforeEarlyCommit\n","OutputType":"frame"}
{"Time":"2026-09-17T17:12:10.003221+08:00","Action":"output","Package":"github.com/TokenFlux/TokenRouter/internal/server/middleware","Test":"TestServerTimingFinalizesBeforeEarlyCommit","Output":"--- PASS: TestServerTimingFinalizesBeforeEarlyCommit (0.00s)\n","OutputType":"frame"}
{"Time":"2026-09-17T17:12:10.003226+08:00","Action":"pass","Package":"github.com/TokenFlux/TokenRouter/internal/server/middleware","Test":"TestServerTimingFinalizesBeforeEarlyCommit","Elapsed":0}
{"Time":"2026-09-17T17:12:10.003229+08:00","Action":"run","Package":"github.com/TokenFlux/TokenRouter/internal/server/middleware","Test":"TestServerTimingFinalizesOnFlush"}
{"Time":"2026-09-17T17:12:10.003231+08:00","Action":"output","Package":"github.com/TokenFlux/TokenRouter/internal/server/middleware","Test":"TestServerTimingFinalizesOnFlush","Output":"=== RUN   TestServerTimingFinalizesOnFlush\n","OutputType":"frame"}
{"Time":"2026-09-17T17:12:10.003234+08:00","Action":"output","Package":"github.com/TokenFlux/TokenRouter/internal/server/middleware","Test":"TestServerTimingFinalizesOnFlush","Output":"--- PASS: TestServerTimingFinalizesOnFlush (0.00s)\n","OutputType":"frame"}
{"Time":"2026-09-17T17:12:10.003236+08:00","Action":"pass","Package":"github.com/TokenFlux/TokenRouter/internal/server/middleware","Test":"TestServerTimingFinalizesOnFlush","Elapsed":0}
{"Time":"2026-09-17T17:12:10.003238+08:00","Action":"run","Package":"github.com/TokenFlux/TokenRouter/internal/server/middleware","Test":"TestServerTimingStatusResponses"}
{"Time":"2026-09-17T17:12:10.00324+08:00","Action":"output","Package":"github.com/TokenFlux/TokenRouter/internal/server/middleware","Test":"TestServerTimingStatusResponses","Output":"=== RUN   TestServerTimingStatusResponses\n","OutputType":"frame"}
{"Time":"2026-09-17T17:12:10.003243+08:00","Action":"run","Package":"github.com/TokenFlux/TokenRouter/internal/server/middleware","Test":"TestServerTimingStatusResponses/not_modified"}
{"Time":"2026-09-17T17:12:10.003245+08:00","Action":"output","Package":"github.com/TokenFlux/TokenRouter/internal/server/middleware","Test":"TestServerTimingStatusResponses/not_modified","Output":"=== RUN   TestServerTimingStatusResponses/not_modified\n","OutputType":"frame"}
{"Time":"2026-09-17T17:12:10.003262+08:00","Action":"output","Package":"github.com/TokenFlux/TokenRouter/internal/server/middleware","Test":"TestServerTimingStatusResponses/not_modified","Output":"--- PASS: TestServerTimingStatusResponses/not_modified (0.00s)\n","OutputType":"frame"}
{"Time":"2026-09-17T17:12:10.003265+08:00","Action":"pass","Package":"github.com/TokenFlux/TokenRouter/internal/server/middleware","Test":"TestServerTimingStatusResponses/not_modified","Elapsed":0}
{"Time":"2026-09-17T17:12:10.003267+08:00","Action":"run","Package":"github.com/TokenFlux/TokenRouter/internal/server/middleware","Test":"TestServerTimingStatusResponses/internal_error"}
{"Time":"2026-09-17T17:12:10.003269+08:00","Action":"output","Package":"github.com/TokenFlux/TokenRouter/internal/server/middleware","Test":"TestServerTimingStatusResponses/internal_error","Output":"=== RUN   TestServerTimingStatusResponses/internal_error\n","OutputType":"frame"}
{"Time":"2026-09-17T17:12:10.003273+08:00","Action":"output","Package":"github.com/TokenFlux/TokenRouter/internal/server/middleware","Test":"TestServerTimingStatusResponses/internal_error","Output":"--- PASS: TestServerTimingStatusResponses/internal_error (0.00s)\n","OutputType":"frame"}
{"Time":"2026-09-17T17:12:10.003282+08:00","Action":"pass","Package":"github.com/TokenFlux/TokenRouter/internal/server/middleware","Test":"TestServerTimingStatusResponses/internal_error","Elapsed":0}
{"Time":"2026-09-17T17:12:10.003284+08:00","Action":"output","Package":"github.com/TokenFlux/TokenRouter/internal/server/middleware","Test":"TestServerTimingStatusResponses","Output":"--- PASS: TestServerTimingStatusResponses (0.00s)\n","OutputType":"frame"}
{"Time":"2026-09-17T17:12:10.003286+08:00","Action":"pass","Package":"github.com/TokenFlux/TokenRouter/internal/server/middleware","Test":"TestServerTimingStatusResponses","Elapsed":0}
{"Time":"2026-09-17T17:12:10.003288+08:00","Action":"run","Package":"github.com/TokenFlux/TokenRouter/internal/server/middleware","Test":"TestServerTimingResponseWriterUnwraps"}
{"Time":"2026-09-17T17:12:10.003289+08:00","Action":"output","Package":"github.com/TokenFlux/TokenRouter/internal/server/middleware","Test":"TestServerTimingResponseWriterUnwraps","Output":"=== RUN   TestServerTimingResponseWriterUnwraps\n","OutputType":"frame"}
{"Time":"2026-09-17T17:12:10.003291+08:00","Action":"output","Package":"github.com/TokenFlux/TokenRouter/internal/server/middleware","Test":"TestServerTimingResponseWriterUnwraps","Output":"--- PASS: TestServerTimingResponseWriterUnwraps (0.00s)\n","OutputType":"frame"}
{"Time":"2026-09-17T17:12:10.003293+08:00","Action":"pass","Package":"github.com/TokenFlux/TokenRouter/internal/server/middleware","Test":"TestServerTimingResponseWriterUnwraps","Elapsed":0}
{"Time":"2026-09-17T17:12:10.003295+08:00","Action":"run","Package":"github.com/TokenFlux/TokenRouter/internal/server/middleware","Test":"TestServerTimingCacheOutcome"}
{"Time":"2026-09-17T17:12:10.003296+08:00","Action":"output","Package":"github.com/TokenFlux/TokenRouter/internal/server/middleware","Test":"TestServerTimingCacheOutcome","Output":"=== RUN   TestServerTimingCacheOutcome\n","OutputType":"frame"}
{"Time":"2026-09-17T17:12:10.003298+08:00","Action":"run","Package":"github.com/TokenFlux/TokenRouter/internal/server/middleware","Test":"TestServerTimingCacheOutcome/snapshot_hit"}
{"Time":"2026-09-17T17:12:10.0033+08:00","Action":"output","Package":"github.com/TokenFlux/TokenRouter/internal/server/middleware","Test":"TestServerTimingCacheOutcome/snapshot_hit","Output":"=== RUN   TestServerTimingCacheOutcome/snapshot_hit\n","OutputType":"frame"}
{"Time":"2026-09-17T17:12:10.003306+08:00","Action":"output","Package":"github.com/TokenFlux/TokenRouter/internal/server/middleware","Test":"TestServerTimingCacheOutcome/snapshot_hit","Output":"--- PASS: TestServerTimingCacheOutcome/snapshot_hit (0.00s)\n","OutputType":"frame"}
{"Time":"2026-09-17T17:12:10.003309+08:00","Action":"pass","Package":"github.com/TokenFlux/TokenRouter/internal/server/middleware","Test":"TestServerTimingCacheOutcome/snapshot_hit","Elapsed":0}
{"Time":"2026-09-17T17:12:10.003311+08:00","Action":"run","Package":"github.com/TokenFlux/TokenRouter/internal/server/middleware","Test":"TestServerTimingCacheOutcome/usage_miss"}
{"Time":"2026-09-17T17:12:10.003313+08:00","Action":"output","Package":"github.com/TokenFlux/TokenRouter/internal/server/middleware","Test":"TestServerTimingCacheOutcome/usage_miss","Output":"=== RUN   TestServerTimingCacheOutcome/usage_miss\n","OutputType":"frame"}
{"Time":"2026-09-17T17:12:10.003321+08:00","Action":"output","Package":"github.com/TokenFlux/TokenRouter/internal/server/middleware","Test":"TestServerTimingCacheOutcome/usage_miss","Output":"--- PASS: TestServerTimingCacheOutcome/usage_miss (0.00s)\n","OutputType":"frame"}
{"Time":"2026-09-17T17:12:10.003324+08:00","Action":"pass","Package":"github.com/TokenFlux/TokenRouter/internal/server/middleware","Test":"TestServerTimingCacheOutcome/usage_miss","Elapsed":0}
{"Time":"2026-09-17T17:12:10.003326+08:00","Action":"run","Package":"github.com/TokenFlux/TokenRouter/internal/server/middleware","Test":"TestServerTimingCacheOutcome/invalid"}
{"Time":"2026-09-17T17:12:10.003328+08:00","Action":"output","Package":"github.com/TokenFlux/TokenRouter/internal/server/middleware","Test":"TestServerTimingCacheOutcome/invalid","Output":"=== RUN   TestServerTimingCacheOutcome/invalid\n","OutputType":"frame"}
{"Time":"2026-09-17T17:12:10.003337+08:00","Action":"output","Package":"github.com/TokenFlux/TokenRouter/internal/server/middleware","Test":"TestServerTimingCacheOutcome/invalid","Output":"--- PASS: TestServerTimingCacheOutcome/invalid (0.00s)\n","OutputType":"frame"}
{"Time":"2026-09-17T17:12:10.00334+08:00","Action":"pass","Package":"github.com/TokenFlux/TokenRouter/internal/server/middleware","Test":"TestServerTimingCacheOutcome/invalid","Elapsed":0}
{"Time":"2026-09-17T17:12:10.003342+08:00","Action":"output","Package":"github.com/TokenFlux/TokenRouter/internal/server/middleware","Test":"TestServerTimingCacheOutcome","Output":"--- PASS: TestServerTimingCacheOutcome (0.00s)\n","OutputType":"frame"}
{"Time":"2026-09-17T17:12:10.003344+08:00","Action":"pass","Package":"github.com/TokenFlux/TokenRouter/internal/server/middleware","Test":"TestServerTimingCacheOutcome","Elapsed":0}
{"Time":"2026-09-17T17:12:10.003346+08:00","Action":"run","Package":"github.com/TokenFlux/TokenRouter/internal/server/middleware","Test":"TestServerTimingResponseHeaderForWebSocket"}
{"Time":"2026-09-17T17:12:10.003347+08:00","Action":"output","Package":"github.com/TokenFlux/TokenRouter/internal/server/middleware","Test":"TestServerTimingResponseHeaderForWebSocket","Output":"=== RUN   TestServerTimingResponseHeaderForWebSocket\n","OutputType":"frame"}
{"Time":"2026-09-17T17:12:10.00335+08:00","Action":"output","Package":"github.com/TokenFlux/TokenRouter/internal/server/middleware","Test":"TestServerTimingResponseHeaderForWebSocket","Output":"--- PASS: TestServerTimingResponseHeaderForWebSocket (0.00s)\n","OutputType":"frame"}
{"Time":"2026-09-17T17:12:10.003351+08:00","Action":"pass","Package":"github.com/TokenFlux/TokenRouter/internal/server/middleware","Test":"TestServerTimingResponseHeaderForWebSocket","Elapsed":0}
{"Time":"2026-09-17T17:12:10.003353+08:00","Action":"run","Package":"github.com/TokenFlux/TokenRouter/internal/server/middleware","Test":"TestEnforceStepUpRejectsAdminAPIKey"}
{"Time":"2026-09-17T17:12:10.003355+08:00","Action":"output","Package":"github.com/TokenFlux/TokenRouter/internal/server/middleware","Test":"TestEnforceStepUpRejectsAdminAPIKey","Output":"=== RUN   TestEnforceStepUpRejectsAdminAPIKey\n","OutputType":"frame"}
{"Time":"2026-09-17T17:12:10.003363+08:00","Action":"output","Package":"github.com/TokenFlux/TokenRouter/internal/server/middleware","Test":"TestEnforceStepUpRejectsAdminAPIKey","Output":"--- PASS: TestEnforceStepUpRejectsAdminAPIKey (0.00s)\n","OutputType":"frame"}
{"Time":"2026-09-17T17:12:10.003366+08:00","Action":"pass","Package":"github.com/TokenFlux/TokenRouter/internal/server/middleware","Test":"TestEnforceStepUpRejectsAdminAPIKey","Elapsed":0}
{"Time":"2026-09-17T17:12:10.003368+08:00","Action":"run","Package":"github.com/TokenFlux/TokenRouter/internal/server/middleware","Test":"TestEnforceStepUpRequiresAuthSubject"}
{"Time":"2026-09-17T17:12:10.00337+08:00","Action":"output","Package":"github.com/TokenFlux/TokenRouter/internal/server/middleware","Test":"TestEnforceStepUpRequiresAuthSubject","Output":"=== RUN   TestEnforceStepUpRequiresAuthSubject\n","OutputType":"frame"}
{"Time":"2026-09-17T17:12:10.003385+08:00","Action":"output","Package":"github.com/TokenFlux/TokenRouter/internal/server/middleware","Test":"TestEnforceStepUpRequiresAuthSubject","Output":"--- PASS: TestEnforceStepUpRequiresAuthSubject (0.00s)\n","OutputType":"frame"}
{"Time":"2026-09-17T17:12:10.003387+08:00","Action":"pass","Package":"github.com/TokenFlux/TokenRouter/internal/server/middleware","Test":"TestEnforceStepUpRequiresAuthSubject","Elapsed":0}
{"Time":"2026-09-17T17:12:10.003389+08:00","Action":"run","Package":"github.com/TokenFlux/TokenRouter/internal/server/middleware","Test":"TestEnforceStepUpRequiresTotpEnabled"}
{"Time":"2026-09-17T17:12:10.00339+08:00","Action":"output","Package":"github.com/TokenFlux/TokenRouter/internal/server/middleware","Test":"TestEnforceStepUpRequiresTotpEnabled","Output":"=== RUN   TestEnforceStepUpRequiresTotpEnabled\n","OutputType":"frame"}
{"Time":"2026-09-17T17:12:10.003394+08:00","Action":"output","Package":"github.com/TokenFlux/TokenRouter/internal/server/middleware","Test":"TestEnforceStepUpRequiresTotpEnabled","Output":"--- PASS: TestEnforceStepUpRequiresTotpEnabled (0.00s)\n","OutputType":"frame"}
{"Time":"2026-09-17T17:12:10.003396+08:00","Action":"pass","Package":"github.com/TokenFlux/TokenRouter/internal/server/middleware","Test":"TestEnforceStepUpRequiresTotpEnabled","Elapsed":0}
{"Time":"2026-09-17T17:12:10.003398+08:00","Action":"run","Package":"github.com/TokenFlux/TokenRouter/internal/server/middleware","Test":"TestEnforceStepUpFailsClosedOnNilUser"}
{"Time":"2026-09-17T17:12:10.0034+08:00","Action":"output","Package":"github.com/TokenFlux/TokenRouter/internal/server/middleware","Test":"TestEnforceStepUpFailsClosedOnNilUser","Output":"=== RUN   TestEnforceStepUpFailsClosedOnNilUser\n","OutputType":"frame"}
{"Time":"2026-09-17T17:12:10.003402+08:00","Action":"output","Package":"github.com/TokenFlux/TokenRouter/internal/server/middleware","Test":"TestEnforceStepUpFailsClosedOnNilUser","Output":"--- PASS: TestEnforceStepUpFailsClosedOnNilUser (0.00s)\n","OutputType":"frame"}
{"Time":"2026-09-17T17:12:10.003405+08:00","Action":"pass","Package":"github.com/TokenFlux/TokenRouter/internal/server/middleware","Test":"TestEnforceStepUpFailsClosedOnNilUser","Elapsed":0}
{"Time":"2026-09-17T17:12:10.003406+08:00","Action":"run","Package":"github.com/TokenFlux/TokenRouter/internal/server/middleware","Test":"TestEnforceStepUpFailsClosedOnGrantError"}
{"Time":"2026-09-17T17:12:10.003408+08:00","Action":"output","Package":"github.com/TokenFlux/TokenRouter/internal/server/middleware","Test":"TestEnforceStepUpFailsClosedOnGrantError","Output":"=== RUN   TestEnforceStepUpFailsClosedOnGrantError\n","OutputType":"frame"}
{"Time":"2026-09-17T17:12:10.003416+08:00","Action":"output","Package":"github.com/TokenFlux/TokenRouter/internal/server/middleware","Test":"TestEnforceStepUpFailsClosedOnGrantError","Output":"--- PASS: TestEnforceStepUpFailsClosedOnGrantError (0.00s)\n","OutputType":"frame"}
{"Time":"2026-09-17T17:12:10.003419+08:00","Action":"pass","Package":"github.com/TokenFlux/TokenRouter/internal/server/middleware","Test":"TestEnforceStepUpFailsClosedOnGrantError","Elapsed":0}
{"Time":"2026-09-17T17:12:10.003422+08:00","Action":"run","Package":"github.com/TokenFlux/TokenRouter/internal/server/middleware","Test":"TestEnforceStepUpRequiresGrant"}
{"Time":"2026-09-17T17:12:10.003423+08:00","Action":"output","Package":"github.com/TokenFlux/TokenRouter/internal/server/middleware","Test":"TestEnforceStepUpRequiresGrant","Output":"=== RUN   TestEnforceStepUpRequiresGrant\n","OutputType":"frame"}
{"Time":"2026-09-17T17:12:10.003426+08:00","Action":"output","Package":"github.com/TokenFlux/TokenRouter/internal/server/middleware","Test":"TestEnforceStepUpRequiresGrant","Output":"--- PASS: TestEnforceStepUpRequiresGrant (0.00s)\n","OutputType":"frame"}
{"Time":"2026-09-17T17:12:10.003428+08:00","Action":"pass","Package":"github.com/TokenFlux/TokenRouter/internal/server/middleware","Test":"TestEnforceStepUpRequiresGrant","Elapsed":0}
{"Time":"2026-09-17T17:12:10.00343+08:00","Action":"run","Package":"github.com/TokenFlux/TokenRouter/internal/server/middleware","Test":"TestEnforceStepUpPassesWithGrant"}
{"Time":"2026-09-17T17:12:10.003431+08:00","Action":"output","Package":"github.com/TokenFlux/TokenRouter/internal/server/middleware","Test":"TestEnforceStepUpPassesWithGrant","Output":"=== RUN   TestEnforceStepUpPassesWithGrant\n","OutputType":"frame"}
{"Time":"2026-09-17T17:12:10.003438+08:00","Action":"output","Package":"github.com/TokenFlux/TokenRouter/internal/server/middleware","Test":"TestEnforceStepUpPassesWithGrant","Output":"--- PASS: TestEnforceStepUpPassesWithGrant (0.00s)\n","OutputType":"frame"}
{"Time":"2026-09-17T17:12:10.003441+08:00","Action":"pass","Package":"github.com/TokenFlux/TokenRouter/internal/server/middleware","Test":"TestEnforceStepUpPassesWithGrant","Elapsed":0}
{"Time":"2026-09-17T17:12:10.003442+08:00","Action":"run","Package":"github.com/TokenFlux/TokenRouter/internal/server/middleware","Test":"TestStepUpSessionKeyUsesSessionID"}
{"Time":"2026-09-17T17:12:10.003444+08:00","Action":"output","Package":"github.com/TokenFlux/TokenRouter/internal/server/middleware","Test":"TestStepUpSessionKeyUsesSessionID","Output":"=== RUN   TestStepUpSessionKeyUsesSessionID\n","OutputType":"frame"}
{"Time":"2026-09-17T17:12:10.003459+08:00","Action":"output","Package":"github.com/TokenFlux/TokenRouter/internal/server/middleware","Test":"TestStepUpSessionKeyUsesSessionID","Output":"--- PASS: TestStepUpSessionKeyUsesSessionID (0.00s)\n","OutputType":"frame"}
{"Time":"2026-09-17T17:12:10.003461+08:00","Action":"pass","Package":"github.com/TokenFlux/TokenRouter/internal/server/middleware","Test":"TestStepUpSessionKeyUsesSessionID","Elapsed":0}
{"Time":"2026-09-17T17:12:10.003463+08:00","Action":"run","Package":"github.com/TokenFlux/TokenRouter/internal/server/middleware","Test":"TestStepUpSessionKeySeparatesLegacyTokens"}
{"Time":"2026-09-17T17:12:10.003465+08:00","Action":"output","Package":"github.com/TokenFlux/TokenRouter/internal/server/middleware","Test":"TestStepUpSessionKeySeparatesLegacyTokens","Output":"=== RUN   TestStepUpSessionKeySeparatesLegacyTokens\n","OutputType":"frame"}
{"Time":"2026-09-17T17:12:10.003473+08:00","Action":"output","Package":"github.com/TokenFlux/TokenRouter/internal/server/middleware","Test":"TestStepUpSessionKeySeparatesLegacyTokens","Output":"--- PASS: TestStepUpSessionKeySeparatesLegacyTokens (0.00s)\n","OutputType":"frame"}
{"Time":"2026-09-17T17:12:10.003475+08:00","Action":"pass","Package":"github.com/TokenFlux/TokenRouter/internal/server/middleware","Test":"TestStepUpSessionKeySeparatesLegacyTokens","Elapsed":0}
{"Time":"2026-09-17T17:12:10.003478+08:00","Action":"run","Package":"github.com/TokenFlux/TokenRouter/internal/server/middleware","Test":"TestStepUpSessionKeyFallsBackWithoutCredential"}
{"Time":"2026-09-17T17:12:10.003479+08:00","Action":"output","Package":"github.com/TokenFlux/TokenRouter/internal/server/middleware","Test":"TestStepUpSessionKeyFallsBackWithoutCredential","Output":"=== RUN   TestStepUpSessionKeyFallsBackWithoutCredential\n","OutputType":"frame"}
{"Time":"2026-09-17T17:12:10.003481+08:00","Action":"output","Package":"github.com/TokenFlux/TokenRouter/internal/server/middleware","Test":"TestStepUpSessionKeyFallsBackWithoutCredential","Output":"--- PASS: TestStepUpSessionKeyFallsBackWithoutCredential (0.00s)\n","OutputType":"frame"}
{"Time":"2026-09-17T17:12:10.003484+08:00","Action":"pass","Package":"github.com/TokenFlux/TokenRouter/internal/server/middleware","Test":"TestStepUpSessionKeyFallsBackWithoutCredential","Elapsed":0}
{"Time":"2026-09-17T17:12:10.003486+08:00","Action":"run","Package":"github.com/TokenFlux/TokenRouter/internal/server/middleware","Test":"TestEnforceStepUpDisabledSkipsAllChecks"}
{"Time":"2026-09-17T17:12:10.003487+08:00","Action":"output","Package":"github.com/TokenFlux/TokenRouter/internal/server/middleware","Test":"TestEnforceStepUpDisabledSkipsAllChecks","Output":"=== RUN   TestEnforceStepUpDisabledSkipsAllChecks\n","OutputType":"frame"}
{"Time":"2026-09-17T17:12:10.003489+08:00","Action":"run","Package":"github.com/TokenFlux/TokenRouter/internal/server/middleware","Test":"TestEnforceStepUpDisabledSkipsAllChecks/no_totp,_no_grant"}
{"Time":"2026-09-17T17:12:10.003491+08:00","Action":"output","Package":"github.com/TokenFlux/TokenRouter/internal/server/middleware","Test":"TestEnforceStepUpDisabledSkipsAllChecks/no_totp,_no_grant","Output":"=== RUN   TestEnforceStepUpDisabledSkipsAllChecks/no_totp,_no_grant\n","OutputType":"frame"}
{"Time":"2026-09-17T17:12:10.003494+08:00","Action":"output","Package":"github.com/TokenFlux/TokenRouter/internal/server/middleware","Test":"TestEnforceStepUpDisabledSkipsAllChecks/no_totp,_no_grant","Output":"--- PASS: TestEnforceStepUpDisabledSkipsAllChecks/no_totp,_no_grant (0.00s)\n","OutputType":"frame"}
{"Time":"2026-09-17T17:12:10.003496+08:00","Action":"pass","Package":"github.com/TokenFlux/TokenRouter/internal/server/middleware","Test":"TestEnforceStepUpDisabledSkipsAllChecks/no_totp,_no_grant","Elapsed":0}
{"Time":"2026-09-17T17:12:10.003499+08:00","Action":"run","Package":"github.com/TokenFlux/TokenRouter/internal/server/middleware","Test":"TestEnforceStepUpDisabledSkipsAllChecks/admin_api_key"}
{"Time":"2026-09-17T17:12:10.003501+08:00","Action":"output","Package":"github.com/TokenFlux/TokenRouter/internal/server/middleware","Test":"TestEnforceStepUpDisabledSkipsAllChecks/admin_api_key","Output":"=== RUN   TestEnforceStepUpDisabledSkipsAllChecks/admin_api_key\n","OutputType":"frame"}
{"Time":"2026-09-17T17:12:10.003512+08:00","Action":"output","Package":"github.com/TokenFlux/TokenRouter/internal/server/middleware","Test":"TestEnforceStepUpDisabledSkipsAllChecks/admin_api_key","Output":"--- PASS: TestEnforceStepUpDisabledSkipsAllChecks/admin_api_key (0.00s)\n","OutputType":"frame"}
{"Time":"2026-09-17T17:12:10.003515+08:00","Action":"pass","Package":"github.com/TokenFlux/TokenRouter/internal/server/middleware","Test":"TestEnforceStepUpDisabledSkipsAllChecks/admin_api_key","Elapsed":0}
{"Time":"2026-09-17T17:12:10.003517+08:00","Action":"output","Package":"github.com/TokenFlux/TokenRouter/internal/server/middleware","Test":"TestEnforceStepUpDisabledSkipsAllChecks","Output":"--- PASS: TestEnforceStepUpDisabledSkipsAllChecks (0.00s)\n","OutputType":"frame"}
{"Time":"2026-09-17T17:12:10.003519+08:00","Action":"pass","Package":"github.com/TokenFlux/TokenRouter/internal/server/middleware","Test":"TestEnforceStepUpDisabledSkipsAllChecks","Elapsed":0}
{"Time":"2026-09-17T17:12:10.00352+08:00","Action":"run","Package":"github.com/TokenFlux/TokenRouter/internal/server/middleware","Test":"TestEnforceStepUpNilSettingsFailsClosed"}
{"Time":"2026-09-17T17:12:10.003522+08:00","Action":"output","Package":"github.com/TokenFlux/TokenRouter/internal/server/middleware","Test":"TestEnforceStepUpNilSettingsFailsClosed","Output":"=== RUN   TestEnforceStepUpNilSettingsFailsClosed\n","OutputType":"frame"}
{"Time":"2026-09-17T17:12:10.003524+08:00","Action":"output","Package":"github.com/TokenFlux/TokenRouter/internal/server/middleware","Test":"TestEnforceStepUpNilSettingsFailsClosed","Output":"--- PASS: TestEnforceStepUpNilSettingsFailsClosed (0.00s)\n","OutputType":"frame"}
{"Time":"2026-09-17T17:12:10.003526+08:00","Action":"pass","Package":"github.com/TokenFlux/TokenRouter/internal/server/middleware","Test":"TestEnforceStepUpNilSettingsFailsClosed","Elapsed":0}
{"Time":"2026-09-17T17:12:10.003528+08:00","Action":"run","Package":"github.com/TokenFlux/TokenRouter/internal/server/middleware","Test":"TestEnforceStepUpTypedNilSettingServiceFailsClosed"}
{"Time":"2026-09-17T17:12:10.003529+08:00","Action":"output","Package":"github.com/TokenFlux/TokenRouter/internal/server/middleware","Test":"TestEnforceStepUpTypedNilSettingServiceFailsClosed","Output":"=== RUN   TestEnforceStepUpTypedNilSettingServiceFailsClosed\n","OutputType":"frame"}
{"Time":"2026-09-17T17:12:10.003532+08:00","Action":"output","Package":"github.com/TokenFlux/TokenRouter/internal/server/middleware","Test":"TestEnforceStepUpTypedNilSettingServiceFailsClosed","Output":"--- PASS: TestEnforceStepUpTypedNilSettingServiceFailsClosed (0.00s)\n","OutputType":"frame"}
{"Time":"2026-09-17T17:12:10.003535+08:00","Action":"pass","Package":"github.com/TokenFlux/TokenRouter/internal/server/middleware","Test":"TestEnforceStepUpTypedNilSettingServiceFailsClosed","Elapsed":0}
{"Time":"2026-09-17T17:12:10.003537+08:00","Action":"output","Package":"github.com/TokenFlux/TokenRouter/internal/server/middleware","Output":"PASS\n","OutputType":"frame"}
{"Time":"2026-09-17T17:12:10.004739+08:00","Action":"output","Package":"github.com/TokenFlux/TokenRouter/internal/server/middleware","Output":"ok  \tgithub.com/TokenFlux/TokenRouter/internal/server/middleware\t1.389s\n"}
{"Time":"2026-09-17T17:12:10.004747+08:00","Action":"pass","Package":"github.com/TokenFlux/TokenRouter/internal/server/middleware","Elapsed":1.389}
{"Time":"2026-09-17T17:12:11.160169+08:00","Action":"run","Package":"github.com/TokenFlux/TokenRouter/internal/server/routes","Test":"TestAdminRoutesQoderOAuthPathsAreRegistered"}
{"Time":"2026-09-17T17:12:11.160219+08:00","Action":"output","Package":"github.com/TokenFlux/TokenRouter/internal/server/routes","Test":"TestAdminRoutesQoderOAuthPathsAreRegistered","Output":"=== RUN   TestAdminRoutesQoderOAuthPathsAreRegistered\n","OutputType":"frame"}
{"Time":"2026-09-17T17:12:11.160828+08:00","Action":"output","Package":"github.com/TokenFlux/TokenRouter/internal/server/routes","Test":"TestAdminRoutesQoderOAuthPathsAreRegistered","Output":"--- PASS: TestAdminRoutesQoderOAuthPathsAreRegistered (0.00s)\n","OutputType":"frame"}
{"Time":"2026-09-17T17:12:11.160846+08:00","Action":"pass","Package":"github.com/TokenFlux/TokenRouter/internal/server/routes","Test":"TestAdminRoutesQoderOAuthPathsAreRegistered","Elapsed":0}
{"Time":"2026-09-17T17:12:11.160853+08:00","Action":"run","Package":"github.com/TokenFlux/TokenRouter/internal/server/routes","Test":"TestAdminImageStorageRoutesAreRemoved"}
{"Time":"2026-09-17T17:12:11.160856+08:00","Action":"output","Package":"github.com/TokenFlux/TokenRouter/internal/server/routes","Test":"TestAdminImageStorageRoutesAreRemoved","Output":"=== RUN   TestAdminImageStorageRoutesAreRemoved\n","OutputType":"frame"}
{"Time":"2026-09-17T17:12:11.160878+08:00","Action":"output","Package":"github.com/TokenFlux/TokenRouter/internal/server/routes","Test":"TestAdminImageStorageRoutesAreRemoved","Output":"--- PASS: TestAdminImageStorageRoutesAreRemoved (0.00s)\n","OutputType":"frame"}
{"Time":"2026-09-17T17:12:11.160884+08:00","Action":"pass","Package":"github.com/TokenFlux/TokenRouter/internal/server/routes","Test":"TestAdminImageStorageRoutesAreRemoved","Elapsed":0}
{"Time":"2026-09-17T17:12:11.160887+08:00","Action":"run","Package":"github.com/TokenFlux/TokenRouter/internal/server/routes","Test":"TestAdminUpstreamBillingProbeRoutesAreRemoved"}
{"Time":"2026-09-17T17:12:11.16089+08:00","Action":"output","Package":"github.com/TokenFlux/TokenRouter/internal/server/routes","Test":"TestAdminUpstreamBillingProbeRoutesAreRemoved","Output":"=== RUN   TestAdminUpstreamBillingProbeRoutesAreRemoved\n","OutputType":"frame"}
{"Time":"2026-09-17T17:12:11.160979+08:00","Action":"output","Package":"github.com/TokenFlux/TokenRouter/internal/server/routes","Test":"TestAdminUpstreamBillingProbeRoutesAreRemoved","Output":"--- PASS: TestAdminUpstreamBillingProbeRoutesAreRemoved (0.00s)\n","OutputType":"frame"}
{"Time":"2026-09-17T17:12:11.160986+08:00","Action":"pass","Package":"github.com/TokenFlux/TokenRouter/internal/server/routes","Test":"TestAdminUpstreamBillingProbeRoutesAreRemoved","Elapsed":0}
{"Time":"2026-09-17T17:12:11.160988+08:00","Action":"run","Package":"github.com/TokenFlux/TokenRouter/internal/server/routes","Test":"TestAdminAdvancedSchedulerScoreRoutesAreRegistered"}
{"Time":"2026-09-17T17:12:11.16099+08:00","Action":"output","Package":"github.com/TokenFlux/TokenRouter/internal/server/routes","Test":"TestAdminAdvancedSchedulerScoreRoutesAreRegistered","Output":"=== RUN   TestAdminAdvancedSchedulerScoreRoutesAreRegistered\n","OutputType":"frame"}
{"Time":"2026-09-17T17:12:11.161026+08:00","Action":"output","Package":"github.com/TokenFlux/TokenRouter/internal/server/routes","Test":"TestAdminAdvancedSchedulerScoreRoutesAreRegistered","Output":"--- PASS: TestAdminAdvancedSchedulerScoreRoutesAreRegistered (0.00s)\n","OutputType":"frame"}
{"Time":"2026-09-17T17:12:11.161031+08:00","Action":"pass","Package":"github.com/TokenFlux/TokenRouter/internal/server/routes","Test":"TestAdminAdvancedSchedulerScoreRoutesAreRegistered","Elapsed":0}
{"Time":"2026-09-17T17:12:11.161035+08:00","Action":"run","Package":"github.com/TokenFlux/TokenRouter/internal/server/routes","Test":"TestCanonicalBackupIDRouteGuard"}
{"Time":"2026-09-17T17:12:11.161038+08:00","Action":"output","Package":"github.com/TokenFlux/TokenRouter/internal/server/routes","Test":"TestCanonicalBackupIDRouteGuard","Output":"=== RUN   TestCanonicalBackupIDRouteGuard\n","OutputType":"frame"}
{"Time":"2026-09-17T17:12:11.161043+08:00","Action":"run","Package":"github.com/TokenFlux/TokenRouter/internal/server/routes","Test":"TestCanonicalBackupIDRouteGuard/canonical"}
{"Time":"2026-09-17T17:12:11.161046+08:00","Action":"output","Package":"github.com/TokenFlux/TokenRouter/internal/server/routes","Test":"TestCanonicalBackupIDRouteGuard/canonical","Output":"=== RUN   TestCanonicalBackupIDRouteGuard/canonical\n","OutputType":"frame"}
{"Time":"2026-09-17T17:12:11.161093+08:00","Action":"output","Package":"github.com/TokenFlux/TokenRouter/internal/server/routes","Test":"TestCanonicalBackupIDRouteGuard/canonical","Output":"--- PASS: TestCanonicalBackupIDRouteGuard/canonical (0.00s)\n","OutputType":"frame"}
{"Time":"2026-09-17T17:12:11.161099+08:00","Action":"pass","Package":"github.com/TokenFlux/TokenRouter/internal/server/routes","Test":"TestCanonicalBackupIDRouteGuard/canonical","Elapsed":0}
{"Time":"2026-09-17T17:12:11.161101+08:00","Action":"run","Package":"github.com/TokenFlux/TokenRouter/internal/server/routes","Test":"TestCanonicalBackupIDRouteGuard/removed_fixed_path"}
{"Time":"2026-09-17T17:12:11.161106+08:00","Action":"output","Package":"github.com/TokenFlux/TokenRouter/internal/server/routes","Test":"TestCanonicalBackupIDRouteGuard/removed_fixed_path","Output":"=== RUN   TestCanonicalBackupIDRouteGuard/removed_fixed_path\n","OutputType":"frame"}
{"Time":"2026-09-17T17:12:11.16115+08:00","Action":"output","Package":"github.com/TokenFlux/TokenRouter/internal/server/routes","Test":"TestCanonicalBackupIDRouteGuard/removed_fixed_path","Output":"--- PASS: TestCanonicalBackupIDRouteGuard/removed_fixed_path (0.00s)\n","OutputType":"frame"}
{"Time":"2026-09-17T17:12:11.161164+08:00","Action":"pass","Package":"github.com/TokenFlux/TokenRouter/internal/server/routes","Test":"TestCanonicalBackupIDRouteGuard/removed_fixed_path","Elapsed":0}
{"Time":"2026-09-17T17:12:11.161169+08:00","Action":"run","Package":"github.com/TokenFlux/TokenRouter/internal/server/routes","Test":"TestCanonicalBackupIDRouteGuard/uppercase"}
{"Time":"2026-09-17T17:12:11.161172+08:00","Action":"output","Package":"github.com/TokenFlux/TokenRouter/internal/server/routes","Test":"TestCanonicalBackupIDRouteGuard/uppercase","Output":"=== RUN   TestCanonicalBackupIDRouteGuard/uppercase\n","OutputType":"frame"}
{"Time":"2026-09-17T17:12:11.161178+08:00","Action":"output","Package":"github.com/TokenFlux/TokenRouter/internal/server/routes","Test":"TestCanonicalBackupIDRouteGuard/uppercase","Output":"--- PASS: TestCanonicalBackupIDRouteGuard/uppercase (0.00s)\n","OutputType":"frame"}
{"Time":"2026-09-17T17:12:11.161182+08:00","Action":"pass","Package":"github.com/TokenFlux/TokenRouter/internal/server/routes","Test":"TestCanonicalBackupIDRouteGuard/uppercase","Elapsed":0}
{"Time":"2026-09-17T17:12:11.161185+08:00","Action":"run","Package":"github.com/TokenFlux/TokenRouter/internal/server/routes","Test":"TestCanonicalBackupIDRouteGuard/invalid_character"}
{"Time":"2026-09-17T17:12:11.161188+08:00","Action":"output","Package":"github.com/TokenFlux/TokenRouter/internal/server/routes","Test":"TestCanonicalBackupIDRouteGuard/invalid_character","Output":"=== RUN   TestCanonicalBackupIDRouteGuard/invalid_character\n","OutputType":"frame"}
{"Time":"2026-09-17T17:12:11.16119+08:00","Action":"output","Package":"github.com/TokenFlux/TokenRouter/internal/server/routes","Test":"TestCanonicalBackupIDRouteGuard/invalid_character","Output":"--- PASS: TestCanonicalBackupIDRouteGuard/invalid_character (0.00s)\n","OutputType":"frame"}
{"Time":"2026-09-17T17:12:11.161193+08:00","Action":"pass","Package":"github.com/TokenFlux/TokenRouter/internal/server/routes","Test":"TestCanonicalBackupIDRouteGuard/invalid_character","Elapsed":0}
{"Time":"2026-09-17T17:12:11.161196+08:00","Action":"run","Package":"github.com/TokenFlux/TokenRouter/internal/server/routes","Test":"TestCanonicalBackupIDRouteGuard/wrong_length"}
{"Time":"2026-09-17T17:12:11.161198+08:00","Action":"output","Package":"github.com/TokenFlux/TokenRouter/internal/server/routes","Test":"TestCanonicalBackupIDRouteGuard/wrong_length","Output":"=== RUN   TestCanonicalBackupIDRouteGuard/wrong_length\n","OutputType":"frame"}
{"Time":"2026-09-17T17:12:11.1612+08:00","Action":"output","Package":"github.com/TokenFlux/TokenRouter/internal/server/routes","Test":"TestCanonicalBackupIDRouteGuard/wrong_length","Output":"--- PASS: TestCanonicalBackupIDRouteGuard/wrong_length (0.00s)\n","OutputType":"frame"}
{"Time":"2026-09-17T17:12:11.161203+08:00","Action":"pass","Package":"github.com/TokenFlux/TokenRouter/internal/server/routes","Test":"TestCanonicalBackupIDRouteGuard/wrong_length","Elapsed":0}
{"Time":"2026-09-17T17:12:11.161205+08:00","Action":"output","Package":"github.com/TokenFlux/TokenRouter/internal/server/routes","Test":"TestCanonicalBackupIDRouteGuard","Output":"--- PASS: TestCanonicalBackupIDRouteGuard (0.00s)\n","OutputType":"frame"}
{"Time":"2026-09-17T17:12:11.161208+08:00","Action":"pass","Package":"github.com/TokenFlux/TokenRouter/internal/server/routes","Test":"TestCanonicalBackupIDRouteGuard","Elapsed":0}
{"Time":"2026-09-17T17:12:11.16121+08:00","Action":"run","Package":"github.com/TokenFlux/TokenRouter/internal/server/routes","Test":"TestAuthRoutesRateLimitFailCloseWhenRedisUnavailable"}
{"Time":"2026-09-17T17:12:11.161212+08:00","Action":"output","Package":"github.com/TokenFlux/TokenRouter/internal/server/routes","Test":"TestAuthRoutesRateLimitFailCloseWhenRedisUnavailable","Output":"=== RUN   TestAuthRoutesRateLimitFailCloseWhenRedisUnavailable\n","OutputType":"frame"}
{"Time":"2026-09-17T17:12:11.212734+08:00","Action":"output","Package":"github.com/TokenFlux/TokenRouter/internal/server/routes","Test":"TestAuthRoutesRateLimitFailCloseWhenRedisUnavailable","Output":"redis: 2026/09/17 17:12:11 pool.go:419: redis: connection pool: failed to dial after 1 attempts: dial tcp 127.0.0.1:1: connect: connection refused\n"}
{"Time":"2026-09-17T17:12:11.284661+08:00","Action":"output","Package":"github.com/TokenFlux/TokenRouter/internal/server/routes","Test":"TestAuthRoutesRateLimitFailCloseWhenRedisUnavailable","Output":"redis: 2026/09/17 17:12:11 pool.go:419: redis: connection pool: failed to dial after 1 attempts: dial tcp 127.0.0.1:1: connect: connection refused\n"}
{"Time":"2026-09-17T17:12:11.354909+08:00","Action":"output","Package":"github.com/TokenFlux/TokenRouter/internal/server/routes","Test":"TestAuthRoutesRateLimitFailCloseWhenRedisUnavailable","Output":"redis: 2026/09/17 17:12:11 pool.go:419: redis: connection pool: failed to dial after 1 attempts: dial tcp 127.0.0.1:1: connect: connection refused\n"}
{"Time":"2026-09-17T17:12:11.43323+08:00","Action":"output","Package":"github.com/TokenFlux/TokenRouter/internal/server/routes","Test":"TestAuthRoutesRateLimitFailCloseWhenRedisUnavailable","Output":"redis: 2026/09/17 17:12:11 pool.go:419: redis: connection pool: failed to dial after 1 attempts: dial tcp 127.0.0.1:1: connect: connection refused\n"}
{"Time":"2026-09-17T17:12:11.433348+08:00","Action":"output","Package":"github.com/TokenFlux/TokenRouter/internal/server/routes","Test":"TestAuthRoutesRateLimitFailCloseWhenRedisUnavailable","Output":"2026/09/17 17:12:11 [RateLimit] redis error: key=rate_limit:auth-register mode=fail-close err=dial tcp 127.0.0.1:1: connect: connection refused\n"}
{"Time":"2026-09-17T17:12:11.48415+08:00","Action":"output","Package":"github.com/TokenFlux/TokenRouter/internal/server/routes","Test":"TestAuthRoutesRateLimitFailCloseWhenRedisUnavailable","Output":"redis: 2026/09/17 17:12:11 pool.go:419: redis: connection pool: failed to dial after 1 attempts: dial tcp 127.0.0.1:1: connect: connection refused\n"}
{"Time":"2026-09-17T17:12:11.555261+08:00","Action":"output","Package":"github.com/TokenFlux/TokenRouter/internal/server/routes","Test":"TestAuthRoutesRateLimitFailCloseWhenRedisUnavailable","Output":"redis: 2026/09/17 17:12:11 pool.go:419: redis: connection pool: failed to dial after 1 attempts: dial tcp 127.0.0.1:1: connect: connection refused\n"}
{"Time":"2026-09-17T17:12:11.646492+08:00","Action":"output","Package":"github.com/TokenFlux/TokenRouter/internal/server/routes","Test":"TestAuthRoutesRateLimitFailCloseWhenRedisUnavailable","Output":"redis: 2026/09/17 17:12:11 pool.go:419: redis: connection pool: failed to dial after 1 attempts: dial tcp 127.0.0.1:1: connect: connection refused\n"}
{"Time":"2026-09-17T17:12:11.711494+08:00","Action":"output","Package":"github.com/TokenFlux/TokenRouter/internal/server/routes","Test":"TestAuthRoutesRateLimitFailCloseWhenRedisUnavailable","Output":"redis: 2026/09/17 17:12:11 pool.go:419: redis: connection pool: failed to dial after 1 attempts: dial tcp 127.0.0.1:1: connect: connection refused\n"}
{"Time":"2026-09-17T17:12:11.71153+08:00","Action":"output","Package":"github.com/TokenFlux/TokenRouter/internal/server/routes","Test":"TestAuthRoutesRateLimitFailCloseWhenRedisUnavailable","Output":"2026/09/17 17:12:11 [RateLimit] redis error: key=rate_limit:auth-login mode=fail-close err=dial tcp 127.0.0.1:1: connect: connection refused\n"}
{"Time":"2026-09-17T17:12:11.754345+08:00","Action":"run","Package":"github.com/TokenFlux/TokenRouter/internal/settings","Test":"TestStorePreservesWriteAndExplicitNotificationBoundary"}
{"Time":"2026-09-17T17:12:11.754392+08:00","Action":"output","Package":"github.com/TokenFlux/TokenRouter/internal/settings","Test":"TestStorePreservesWriteAndExplicitNotificationBoundary","Output":"=== RUN   TestStorePreservesWriteAndExplicitNotificationBoundary\n","OutputType":"frame"}
{"Time":"2026-09-17T17:12:11.754405+08:00","Action":"output","Package":"github.com/TokenFlux/TokenRouter/internal/settings","Test":"TestStorePreservesWriteAndExplicitNotificationBoundary","Output":"--- PASS: TestStorePreservesWriteAndExplicitNotificationBoundary (0.00s)\n","OutputType":"frame"}
{"Time":"2026-09-17T17:12:11.75441+08:00","Action":"pass","Package":"github.com/TokenFlux/TokenRouter/internal/settings","Test":"TestStorePreservesWriteAndExplicitNotificationBoundary","Elapsed":0}
{"Time":"2026-09-17T17:12:11.754416+08:00","Action":"run","Package":"github.com/TokenFlux/TokenRouter/internal/settings","Test":"TestStoreUnsubscribeDuringNotification"}
{"Time":"2026-09-17T17:12:11.754422+08:00","Action":"output","Package":"github.com/TokenFlux/TokenRouter/internal/settings","Test":"TestStoreUnsubscribeDuringNotification","Output":"=== RUN   TestStoreUnsubscribeDuringNotification\n","OutputType":"frame"}
{"Time":"2026-09-17T17:12:11.754445+08:00","Action":"output","Package":"github.com/TokenFlux/TokenRouter/internal/settings","Test":"TestStoreUnsubscribeDuringNotification","Output":"--- PASS: TestStoreUnsubscribeDuringNotification (0.00s)\n","OutputType":"frame"}
{"Time":"2026-09-17T17:12:11.754448+08:00","Action":"pass","Package":"github.com/TokenFlux/TokenRouter/internal/settings","Test":"TestStoreUnsubscribeDuringNotification","Elapsed":0}
{"Time":"2026-09-17T17:12:11.754451+08:00","Action":"run","Package":"github.com/TokenFlux/TokenRouter/internal/settings","Test":"TestStoreVersionAndSubscriptionConcurrency"}
{"Time":"2026-09-17T17:12:11.754455+08:00","Action":"output","Package":"github.com/TokenFlux/TokenRouter/internal/settings","Test":"TestStoreVersionAndSubscriptionConcurrency","Output":"=== RUN   TestStoreVersionAndSubscriptionConcurrency\n","OutputType":"frame"}
{"Time":"2026-09-17T17:12:11.754556+08:00","Action":"output","Package":"github.com/TokenFlux/TokenRouter/internal/settings","Test":"TestStoreVersionAndSubscriptionConcurrency","Output":"--- PASS: TestStoreVersionAndSubscriptionConcurrency (0.00s)\n","OutputType":"frame"}
{"Time":"2026-09-17T17:12:11.75457+08:00","Action":"pass","Package":"github.com/TokenFlux/TokenRouter/internal/settings","Test":"TestStoreVersionAndSubscriptionConcurrency","Elapsed":0}
{"Time":"2026-09-17T17:12:11.75458+08:00","Action":"output","Package":"github.com/TokenFlux/TokenRouter/internal/settings","Output":"PASS\n","OutputType":"frame"}
{"Time":"2026-09-17T17:12:11.755133+08:00","Action":"output","Package":"github.com/TokenFlux/TokenRouter/internal/settings","Output":"ok  \tgithub.com/TokenFlux/TokenRouter/internal/settings\t2.983s\n"}
{"Time":"2026-09-17T17:12:11.755147+08:00","Action":"pass","Package":"github.com/TokenFlux/TokenRouter/internal/settings","Elapsed":2.983}
{"Time":"2026-09-17T17:12:11.762613+08:00","Action":"output","Package":"github.com/TokenFlux/TokenRouter/internal/server/routes","Test":"TestAuthRoutesRateLimitFailCloseWhenRedisUnavailable","Output":"redis: 2026/09/17 17:12:11 pool.go:419: redis: connection pool: failed to dial after 1 attempts: dial tcp 127.0.0.1:1: connect: connection refused\n"}
{"Time":"2026-09-17T17:12:11.823543+08:00","Action":"output","Package":"github.com/TokenFlux/TokenRouter/internal/server/routes","Test":"TestAuthRoutesRateLimitFailCloseWhenRedisUnavailable","Output":"redis: 2026/09/17 17:12:11 pool.go:419: redis: connection pool: failed to dial after 1 attempts: dial tcp 127.0.0.1:1: connect: connection refused\n"}
{"Time":"2026-09-17T17:12:11.903401+08:00","Action":"output","Package":"github.com/TokenFlux/TokenRouter/internal/server/routes","Test":"TestAuthRoutesRateLimitFailCloseWhenRedisUnavailable","Output":"redis: 2026/09/17 17:12:11 pool.go:419: redis: connection pool: failed to dial after 1 attempts: dial tcp 127.0.0.1:1: connect: connection refused\n"}
{"Time":"2026-09-17T17:12:12.025829+08:00","Action":"output","Package":"github.com/TokenFlux/TokenRouter/internal/server/routes","Test":"TestAuthRoutesRateLimitFailCloseWhenRedisUnavailable","Output":"redis: 2026/09/17 17:12:12 pool.go:419: redis: connection pool: failed to dial after 1 attempts: dial tcp 127.0.0.1:1: connect: connection refused\n"}
{"Time":"2026-09-17T17:12:12.025897+08:00","Action":"output","Package":"github.com/TokenFlux/TokenRouter/internal/server/routes","Test":"TestAuthRoutesRateLimitFailCloseWhenRedisUnavailable","Output":"2026/09/17 17:12:12 [RateLimit] redis error: key=rate_limit:auth-login-2fa mode=fail-close err=dial tcp 127.0.0.1:1: connect: connection refused\n"}
{"Time":"2026-09-17T17:12:12.076996+08:00","Action":"output","Package":"github.com/TokenFlux/TokenRouter/internal/server/routes","Test":"TestAuthRoutesRateLimitFailCloseWhenRedisUnavailable","Output":"redis: 2026/09/17 17:12:12 pool.go:419: redis: connection pool: failed to dial after 1 attempts: dial tcp 127.0.0.1:1: connect: connection refused\n"}
{"Time":"2026-09-17T17:12:12.137341+08:00","Action":"output","Package":"github.com/TokenFlux/TokenRouter/internal/server/routes","Test":"TestAuthRoutesRateLimitFailCloseWhenRedisUnavailable","Output":"redis: 2026/09/17 17:12:12 pool.go:419: redis: connection pool: failed to dial after 1 attempts: dial tcp 127.0.0.1:1: connect: connection refused\n"}
{"Time":"2026-09-17T17:12:12.205189+08:00","Action":"output","Package":"github.com/TokenFlux/TokenRouter/internal/server/routes","Test":"TestAuthRoutesRateLimitFailCloseWhenRedisUnavailable","Output":"redis: 2026/09/17 17:12:12 pool.go:419: redis: connection pool: failed to dial after 1 attempts: dial tcp 127.0.0.1:1: connect: connection refused\n"}
{"Time":"2026-09-17T17:12:12.273103+08:00","Action":"output","Package":"github.com/TokenFlux/TokenRouter/internal/server/routes","Test":"TestAuthRoutesRateLimitFailCloseWhenRedisUnavailable","Output":"redis: 2026/09/17 17:12:12 pool.go:419: redis: connection pool: failed to dial after 1 attempts: dial tcp 127.0.0.1:1: connect: connection refused\n"}
{"Time":"2026-09-17T17:12:12.273189+08:00","Action":"output","Package":"github.com/TokenFlux/TokenRouter/internal/server/routes","Test":"TestAuthRoutesRateLimitFailCloseWhenRedisUnavailable","Output":"2026/09/17 17:12:12 [RateLimit] redis error: key=rate_limit:passkey-login-begin mode=fail-close err=dial tcp 127.0.0.1:1: connect: connection refused\n"}
{"Time":"2026-09-17T17:12:12.324262+08:00","Action":"output","Package":"github.com/TokenFlux/TokenRouter/internal/server/routes","Test":"TestAuthRoutesRateLimitFailCloseWhenRedisUnavailable","Output":"redis: 2026/09/17 17:12:12 pool.go:419: redis: connection pool: failed to dial after 1 attempts: dial tcp 127.0.0.1:1: connect: connection refused\n"}
{"Time":"2026-09-17T17:12:12.388929+08:00","Action":"output","Package":"github.com/TokenFlux/TokenRouter/internal/server/routes","Test":"TestAuthRoutesRateLimitFailCloseWhenRedisUnavailable","Output":"redis: 2026/09/17 17:12:12 pool.go:419: redis: connection pool: failed to dial after 1 attempts: dial tcp 127.0.0.1:1: connect: connection refused\n"}
{"Time":"2026-09-17T17:12:12.471472+08:00","Action":"output","Package":"github.com/TokenFlux/TokenRouter/internal/server/routes","Test":"TestAuthRoutesRateLimitFailCloseWhenRedisUnavailable","Output":"redis: 2026/09/17 17:12:12 pool.go:419: redis: connection pool: failed to dial after 1 attempts: dial tcp 127.0.0.1:1: connect: connection refused\n"}
{"Time":"2026-09-17T17:12:12.53735+08:00","Action":"run","Package":"github.com/TokenFlux/TokenRouter/internal/site/httpapi","Test":"TestAdminAnnouncementListSortParams"}
{"Time":"2026-09-17T17:12:12.537403+08:00","Action":"output","Package":"github.com/TokenFlux/TokenRouter/internal/site/httpapi","Test":"TestAdminAnnouncementListSortParams","Output":"=== RUN   TestAdminAnnouncementListSortParams\n","OutputType":"frame"}
{"Time":"2026-09-17T17:12:12.537713+08:00","Action":"output","Package":"github.com/TokenFlux/TokenRouter/internal/site/httpapi","Test":"TestAdminAnnouncementListSortParams","Output":"--- PASS: TestAdminAnnouncementListSortParams (0.00s)\n","OutputType":"frame"}
{"Time":"2026-09-17T17:12:12.537722+08:00","Action":"pass","Package":"github.com/TokenFlux/TokenRouter/internal/site/httpapi","Test":"TestAdminAnnouncementListSortParams","Elapsed":0}
{"Time":"2026-09-17T17:12:12.537728+08:00","Action":"run","Package":"github.com/TokenFlux/TokenRouter/internal/site/httpapi","Test":"TestAdminAnnouncementListSortDefaults"}
{"Time":"2026-09-17T17:12:12.53773+08:00","Action":"output","Package":"github.com/TokenFlux/TokenRouter/internal/site/httpapi","Test":"TestAdminAnnouncementListSortDefaults","Output":"=== RUN   TestAdminAnnouncementListSortDefaults\n","OutputType":"frame"}
{"Time":"2026-09-17T17:12:12.537759+08:00","Action":"output","Package":"github.com/TokenFlux/TokenRouter/internal/site/httpapi","Test":"TestAdminAnnouncementListSortDefaults","Output":"--- PASS: TestAdminAnnouncementListSortDefaults (0.00s)\n","OutputType":"frame"}
{"Time":"2026-09-17T17:12:12.537764+08:00","Action":"pass","Package":"github.com/TokenFlux/TokenRouter/internal/site/httpapi","Test":"TestAdminAnnouncementListSortDefaults","Elapsed":0}
{"Time":"2026-09-17T17:12:12.537767+08:00","Action":"run","Package":"github.com/TokenFlux/TokenRouter/internal/site/httpapi","Test":"TestAdminAnnouncementReadStatusSortParams"}
{"Time":"2026-09-17T17:12:12.537772+08:00","Action":"output","Package":"github.com/TokenFlux/TokenRouter/internal/site/httpapi","Test":"TestAdminAnnouncementReadStatusSortParams","Output":"=== RUN   TestAdminAnnouncementReadStatusSortParams\n","OutputType":"frame"}
{"Time":"2026-09-17T17:12:12.537786+08:00","Action":"output","Package":"github.com/TokenFlux/TokenRouter/internal/site/httpapi","Test":"TestAdminAnnouncementReadStatusSortParams","Output":"--- PASS: TestAdminAnnouncementReadStatusSortParams (0.00s)\n","OutputType":"frame"}
{"Time":"2026-09-17T17:12:12.53779+08:00","Action":"pass","Package":"github.com/TokenFlux/TokenRouter/internal/site/httpapi","Test":"TestAdminAnnouncementReadStatusSortParams","Elapsed":0}
{"Time":"2026-09-17T17:12:12.537799+08:00","Action":"run","Package":"github.com/TokenFlux/TokenRouter/internal/site/httpapi","Test":"TestAdminAnnouncementReadStatusSortDefaults"}
{"Time":"2026-09-17T17:12:12.537803+08:00","Action":"output","Package":"github.com/TokenFlux/TokenRouter/internal/site/httpapi","Test":"TestAdminAnnouncementReadStatusSortDefaults","Output":"=== RUN   TestAdminAnnouncementReadStatusSortDefaults\n","OutputType":"frame"}
{"Time":"2026-09-17T17:12:12.537807+08:00","Action":"output","Package":"github.com/TokenFlux/TokenRouter/internal/site/httpapi","Test":"TestAdminAnnouncementReadStatusSortDefaults","Output":"--- PASS: TestAdminAnnouncementReadStatusSortDefaults (0.00s)\n","OutputType":"frame"}
{"Time":"2026-09-17T17:12:12.53781+08:00","Action":"pass","Package":"github.com/TokenFlux/TokenRouter/internal/site/httpapi","Test":"TestAdminAnnouncementReadStatusSortDefaults","Elapsed":0}
{"Time":"2026-09-17T17:12:12.537813+08:00","Action":"run","Package":"github.com/TokenFlux/TokenRouter/internal/site/httpapi","Test":"TestPageHTTPBoundaryAndVisibility"}
{"Time":"2026-09-17T17:12:12.537816+08:00","Action":"output","Package":"github.com/TokenFlux/TokenRouter/internal/site/httpapi","Test":"TestPageHTTPBoundaryAndVisibility","Output":"=== RUN   TestPageHTTPBoundaryAndVisibility\n","OutputType":"frame"}
{"Time":"2026-09-17T17:12:12.539483+08:00","Action":"output","Package":"github.com/TokenFlux/TokenRouter/internal/site/httpapi","Test":"TestPageHTTPBoundaryAndVisibility","Output":"--- PASS: TestPageHTTPBoundaryAndVisibility (0.00s)\n","OutputType":"frame"}
{"Time":"2026-09-17T17:12:12.539495+08:00","Action":"pass","Package":"github.com/TokenFlux/TokenRouter/internal/site/httpapi","Test":"TestPageHTTPBoundaryAndVisibility","Elapsed":0}
{"Time":"2026-09-17T17:12:12.539501+08:00","Action":"output","Package":"github.com/TokenFlux/TokenRouter/internal/site/httpapi","Output":"PASS\n","OutputType":"frame"}
{"Time":"2026-09-17T17:12:12.540657+08:00","Action":"output","Package":"github.com/TokenFlux/TokenRouter/internal/site/httpapi","Output":"ok  \tgithub.com/TokenFlux/TokenRouter/internal/site/httpapi\t3.768s\n"}
{"Time":"2026-09-17T17:12:12.54067+08:00","Action":"pass","Package":"github.com/TokenFlux/TokenRouter/internal/site/httpapi","Elapsed":3.768}
{"Time":"2026-09-17T17:12:12.573412+08:00","Action":"output","Package":"github.com/TokenFlux/TokenRouter/internal/server/routes","Test":"TestAuthRoutesRateLimitFailCloseWhenRedisUnavailable","Output":"redis: 2026/09/17 17:12:12 pool.go:419: redis: connection pool: failed to dial after 1 attempts: dial tcp 127.0.0.1:1: connect: connection refused\n"}
{"Time":"2026-09-17T17:12:12.573457+08:00","Action":"output","Package":"github.com/TokenFlux/TokenRouter/internal/server/routes","Test":"TestAuthRoutesRateLimitFailCloseWhenRedisUnavailable","Output":"2026/09/17 17:12:12 [RateLimit] redis error: key=rate_limit:passkey-login-finish mode=fail-close err=dial tcp 127.0.0.1:1: connect: connection refused\n"}
{"Time":"2026-09-17T17:12:12.624519+08:00","Action":"output","Package":"github.com/TokenFlux/TokenRouter/internal/server/routes","Test":"TestAuthRoutesRateLimitFailCloseWhenRedisUnavailable","Output":"redis: 2026/09/17 17:12:12 pool.go:419: redis: connection pool: failed to dial after 1 attempts: dial tcp 127.0.0.1:1: connect: connection refused\n"}
{"Time":"2026-09-17T17:12:12.698538+08:00","Action":"output","Package":"github.com/TokenFlux/TokenRouter/internal/server/routes","Test":"TestAuthRoutesRateLimitFailCloseWhenRedisUnavailable","Output":"redis: 2026/09/17 17:12:12 pool.go:419: redis: connection pool: failed to dial after 1 attempts: dial tcp 127.0.0.1:1: connect: connection refused\n"}
{"Time":"2026-09-17T17:12:12.774501+08:00","Action":"output","Package":"github.com/TokenFlux/TokenRouter/internal/server/routes","Test":"TestAuthRoutesRateLimitFailCloseWhenRedisUnavailable","Output":"redis: 2026/09/17 17:12:12 pool.go:419: redis: connection pool: failed to dial after 1 attempts: dial tcp 127.0.0.1:1: connect: connection refused\n"}
{"Time":"2026-09-17T17:12:12.864153+08:00","Action":"output","Package":"github.com/TokenFlux/TokenRouter/internal/server/routes","Test":"TestAuthRoutesRateLimitFailCloseWhenRedisUnavailable","Output":"redis: 2026/09/17 17:12:12 pool.go:419: redis: connection pool: failed to dial after 1 attempts: dial tcp 127.0.0.1:1: connect: connection refused\n"}
{"Time":"2026-09-17T17:12:12.864206+08:00","Action":"output","Package":"github.com/TokenFlux/TokenRouter/internal/server/routes","Test":"TestAuthRoutesRateLimitFailCloseWhenRedisUnavailable","Output":"2026/09/17 17:12:12 [RateLimit] redis error: key=rate_limit:auth-send-verify-code mode=fail-close err=dial tcp 127.0.0.1:1: connect: connection refused\n"}
{"Time":"2026-09-17T17:12:12.915357+08:00","Action":"output","Package":"github.com/TokenFlux/TokenRouter/internal/server/routes","Test":"TestAuthRoutesRateLimitFailCloseWhenRedisUnavailable","Output":"redis: 2026/09/17 17:12:12 pool.go:419: redis: connection pool: failed to dial after 1 attempts: dial tcp 127.0.0.1:1: connect: connection refused\n"}
{"Time":"2026-09-17T17:12:12.986635+08:00","Action":"output","Package":"github.com/TokenFlux/TokenRouter/internal/server/routes","Test":"TestAuthRoutesRateLimitFailCloseWhenRedisUnavailable","Output":"redis: 2026/09/17 17:12:12 pool.go:419: redis: connection pool: failed to dial after 1 attempts: dial tcp 127.0.0.1:1: connect: connection refused\n"}
{"Time":"2026-09-17T17:12:13.07615+08:00","Action":"output","Package":"github.com/TokenFlux/TokenRouter/internal/server/routes","Test":"TestAuthRoutesRateLimitFailCloseWhenRedisUnavailable","Output":"redis: 2026/09/17 17:12:13 pool.go:419: redis: connection pool: failed to dial after 1 attempts: dial tcp 127.0.0.1:1: connect: connection refused\n"}
{"Time":"2026-09-17T17:12:13.173001+08:00","Action":"output","Package":"github.com/TokenFlux/TokenRouter/internal/server/routes","Test":"TestAuthRoutesRateLimitFailCloseWhenRedisUnavailable","Output":"redis: 2026/09/17 17:12:13 pool.go:419: redis: connection pool: failed to dial after 1 attempts: dial tcp 127.0.0.1:1: connect: connection refused\n"}
{"Time":"2026-09-17T17:12:13.173044+08:00","Action":"output","Package":"github.com/TokenFlux/TokenRouter/internal/server/routes","Test":"TestAuthRoutesRateLimitFailCloseWhenRedisUnavailable","Output":"2026/09/17 17:12:13 [RateLimit] redis error: key=rate_limit:oauth-google-one-tap mode=fail-close err=dial tcp 127.0.0.1:1: connect: connection refused\n"}
{"Time":"2026-09-17T17:12:13.195353+08:00","Action":"run","Package":"github.com/TokenFlux/TokenRouter/internal/pkg/errors","Test":"TestLegacyAndCategoryErrorCompatibility"}
{"Time":"2026-09-17T17:12:13.195396+08:00","Action":"output","Package":"github.com/TokenFlux/TokenRouter/internal/pkg/errors","Test":"TestLegacyAndCategoryErrorCompatibility","Output":"=== RUN   TestLegacyAndCategoryErrorCompatibility\n","OutputType":"frame"}
{"Time":"2026-09-17T17:12:13.195403+08:00","Action":"run","Package":"github.com/TokenFlux/TokenRouter/internal/pkg/errors","Test":"TestLegacyAndCategoryErrorCompatibility/200"}
{"Time":"2026-09-17T17:12:13.195408+08:00","Action":"output","Package":"github.com/TokenFlux/TokenRouter/internal/pkg/errors","Test":"TestLegacyAndCategoryErrorCompatibility/200","Output":"=== RUN   TestLegacyAndCategoryErrorCompatibility/200\n","OutputType":"frame"}
{"Time":"2026-09-17T17:12:13.195471+08:00","Action":"output","Package":"github.com/TokenFlux/TokenRouter/internal/pkg/errors","Test":"TestLegacyAndCategoryErrorCompatibility/200","Output":"--- PASS: TestLegacyAndCategoryErrorCompatibility/200 (0.00s)\n","OutputType":"frame"}
{"Time":"2026-09-17T17:12:13.195477+08:00","Action":"pass","Package":"github.com/TokenFlux/TokenRouter/internal/pkg/errors","Test":"TestLegacyAndCategoryErrorCompatibility/200","Elapsed":0}
{"Time":"2026-09-17T17:12:13.195485+08:00","Action":"run","Package":"github.com/TokenFlux/TokenRouter/internal/pkg/errors","Test":"TestLegacyAndCategoryErrorCompatibility/400"}
{"Time":"2026-09-17T17:12:13.195489+08:00","Action":"output","Package":"github.com/TokenFlux/TokenRouter/internal/pkg/errors","Test":"TestLegacyAndCategoryErrorCompatibility/400","Output":"=== RUN   TestLegacyAndCategoryErrorCompatibility/400\n","OutputType":"frame"}
{"Time":"2026-09-17T17:12:13.195503+08:00","Action":"output","Package":"github.com/TokenFlux/TokenRouter/internal/pkg/errors","Test":"TestLegacyAndCategoryErrorCompatibility/400","Output":"--- PASS: TestLegacyAndCategoryErrorCompatibility/400 (0.00s)\n","OutputType":"frame"}
{"Time":"2026-09-17T17:12:13.195507+08:00","Action":"pass","Package":"github.com/TokenFlux/TokenRouter/internal/pkg/errors","Test":"TestLegacyAndCategoryErrorCompatibility/400","Elapsed":0}
{"Time":"2026-09-17T17:12:13.195509+08:00","Action":"run","Package":"github.com/TokenFlux/TokenRouter/internal/pkg/errors","Test":"TestLegacyAndCategoryErrorCompatibility/401"}
{"Time":"2026-09-17T17:12:13.195511+08:00","Action":"output","Package":"github.com/TokenFlux/TokenRouter/internal/pkg/errors","Test":"TestLegacyAndCategoryErrorCompatibility/401","Output":"=== RUN   TestLegacyAndCategoryErrorCompatibility/401\n","OutputType":"frame"}
{"Time":"2026-09-17T17:12:13.195514+08:00","Action":"output","Package":"github.com/TokenFlux/TokenRouter/internal/pkg/errors","Test":"TestLegacyAndCategoryErrorCompatibility/401","Output":"--- PASS: TestLegacyAndCategoryErrorCompatibility/401 (0.00s)\n","OutputType":"frame"}
{"Time":"2026-09-17T17:12:13.195516+08:00","Action":"pass","Package":"github.com/TokenFlux/TokenRouter/internal/pkg/errors","Test":"TestLegacyAndCategoryErrorCompatibility/401","Elapsed":0}
{"Time":"2026-09-17T17:12:13.195518+08:00","Action":"run","Package":"github.com/TokenFlux/TokenRouter/internal/pkg/errors","Test":"TestLegacyAndCategoryErrorCompatibility/403"}
{"Time":"2026-09-17T17:12:13.19552+08:00","Action":"output","Package":"github.com/TokenFlux/TokenRouter/internal/pkg/errors","Test":"TestLegacyAndCategoryErrorCompatibility/403","Output":"=== RUN   TestLegacyAndCategoryErrorCompatibility/403\n","OutputType":"frame"}
{"Time":"2026-09-17T17:12:13.195522+08:00","Action":"output","Package":"github.com/TokenFlux/TokenRouter/internal/pkg/errors","Test":"TestLegacyAndCategoryErrorCompatibility/403","Output":"--- PASS: TestLegacyAndCategoryErrorCompatibility/403 (0.00s)\n","OutputType":"frame"}
{"Time":"2026-09-17T17:12:13.195523+08:00","Action":"pass","Package":"github.com/TokenFlux/TokenRouter/internal/pkg/errors","Test":"TestLegacyAndCategoryErrorCompatibility/403","Elapsed":0}
{"Time":"2026-09-17T17:12:13.195525+08:00","Action":"run","Package":"github.com/TokenFlux/TokenRouter/internal/pkg/errors","Test":"TestLegacyAndCategoryErrorCompatibility/404"}
{"Time":"2026-09-17T17:12:13.195527+08:00","Action":"output","Package":"github.com/TokenFlux/TokenRouter/internal/pkg/errors","Test":"TestLegacyAndCategoryErrorCompatibility/404","Output":"=== RUN   TestLegacyAndCategoryErrorCompatibility/404\n","OutputType":"frame"}
{"Time":"2026-09-17T17:12:13.195529+08:00","Action":"output","Package":"github.com/TokenFlux/TokenRouter/internal/pkg/errors","Test":"TestLegacyAndCategoryErrorCompatibility/404","Output":"--- PASS: TestLegacyAndCategoryErrorCompatibility/404 (0.00s)\n","OutputType":"frame"}
{"Time":"2026-09-17T17:12:13.195531+08:00","Action":"pass","Package":"github.com/TokenFlux/TokenRouter/internal/pkg/errors","Test":"TestLegacyAndCategoryErrorCompatibility/404","Elapsed":0}
{"Time":"2026-09-17T17:12:13.195534+08:00","Action":"run","Package":"github.com/TokenFlux/TokenRouter/internal/pkg/errors","Test":"TestLegacyAndCategoryErrorCompatibility/409"}
{"Time":"2026-09-17T17:12:13.195537+08:00","Action":"output","Package":"github.com/TokenFlux/TokenRouter/internal/pkg/errors","Test":"TestLegacyAndCategoryErrorCompatibility/409","Output":"=== RUN   TestLegacyAndCategoryErrorCompatibility/409\n","OutputType":"frame"}
{"Time":"2026-09-17T17:12:13.195541+08:00","Action":"output","Package":"github.com/TokenFlux/TokenRouter/internal/pkg/errors","Test":"TestLegacyAndCategoryErrorCompatibility/409","Output":"--- PASS: TestLegacyAndCategoryErrorCompatibility/409 (0.00s)\n","OutputType":"frame"}
{"Time":"2026-09-17T17:12:13.195544+08:00","Action":"pass","Package":"github.com/TokenFlux/TokenRouter/internal/pkg/errors","Test":"TestLegacyAndCategoryErrorCompatibility/409","Elapsed":0}
{"Time":"2026-09-17T17:12:13.195549+08:00","Action":"run","Package":"github.com/TokenFlux/TokenRouter/internal/pkg/errors","Test":"TestLegacyAndCategoryErrorCompatibility/418"}
{"Time":"2026-09-17T17:12:13.195552+08:00","Action":"output","Package":"github.com/TokenFlux/TokenRouter/internal/pkg/errors","Test":"TestLegacyAndCategoryErrorCompatibility/418","Output":"=== RUN   TestLegacyAndCategoryErrorCompatibility/418\n","OutputType":"frame"}
{"Time":"2026-09-17T17:12:13.195556+08:00","Action":"output","Package":"github.com/TokenFlux/TokenRouter/internal/pkg/errors","Test":"TestLegacyAndCategoryErrorCompatibility/418","Output":"--- PASS: TestLegacyAndCategoryErrorCompatibility/418 (0.00s)\n","OutputType":"frame"}
{"Time":"2026-09-17T17:12:13.19556+08:00","Action":"pass","Package":"github.com/TokenFlux/TokenRouter/internal/pkg/errors","Test":"TestLegacyAndCategoryErrorCompatibility/418","Elapsed":0}
{"Time":"2026-09-17T17:12:13.195562+08:00","Action":"run","Package":"github.com/TokenFlux/TokenRouter/internal/pkg/errors","Test":"TestLegacyAndCategoryErrorCompatibility/429"}
{"Time":"2026-09-17T17:12:13.195564+08:00","Action":"output","Package":"github.com/TokenFlux/TokenRouter/internal/pkg/errors","Test":"TestLegacyAndCategoryErrorCompatibility/429","Output":"=== RUN   TestLegacyAndCategoryErrorCompatibility/429\n","OutputType":"frame"}
{"Time":"2026-09-17T17:12:13.195566+08:00","Action":"output","Package":"github.com/TokenFlux/TokenRouter/internal/pkg/errors","Test":"TestLegacyAndCategoryErrorCompatibility/429","Output":"--- PASS: TestLegacyAndCategoryErrorCompatibility/429 (0.00s)\n","OutputType":"frame"}
{"Time":"2026-09-17T17:12:13.195568+08:00","Action":"pass","Package":"github.com/TokenFlux/TokenRouter/internal/pkg/errors","Test":"TestLegacyAndCategoryErrorCompatibility/429","Elapsed":0}
{"Time":"2026-09-17T17:12:13.19557+08:00","Action":"run","Package":"github.com/TokenFlux/TokenRouter/internal/pkg/errors","Test":"TestLegacyAndCategoryErrorCompatibility/499"}
{"Time":"2026-09-17T17:12:13.195571+08:00","Action":"output","Package":"github.com/TokenFlux/TokenRouter/internal/pkg/errors","Test":"TestLegacyAndCategoryErrorCompatibility/499","Output":"=== RUN   TestLegacyAndCategoryErrorCompatibility/499\n","OutputType":"frame"}
{"Time":"2026-09-17T17:12:13.195576+08:00","Action":"output","Package":"github.com/TokenFlux/TokenRouter/internal/pkg/errors","Test":"TestLegacyAndCategoryErrorCompatibility/499","Output":"--- PASS: TestLegacyAndCategoryErrorCompatibility/499 (0.00s)\n","OutputType":"frame"}
{"Time":"2026-09-17T17:12:13.195579+08:00","Action":"pass","Package":"github.com/TokenFlux/TokenRouter/internal/pkg/errors","Test":"TestLegacyAndCategoryErrorCompatibility/499","Elapsed":0}
{"Time":"2026-09-17T17:12:13.19558+08:00","Action":"run","Package":"github.com/TokenFlux/TokenRouter/internal/pkg/errors","Test":"TestLegacyAndCategoryErrorCompatibility/500"}
{"Time":"2026-09-17T17:12:13.195582+08:00","Action":"output","Package":"github.com/TokenFlux/TokenRouter/internal/pkg/errors","Test":"TestLegacyAndCategoryErrorCompatibility/500","Output":"=== RUN   TestLegacyAndCategoryErrorCompatibility/500\n","OutputType":"frame"}
{"Time":"2026-09-17T17:12:13.195584+08:00","Action":"output","Package":"github.com/TokenFlux/TokenRouter/internal/pkg/errors","Test":"TestLegacyAndCategoryErrorCompatibility/500","Output":"--- PASS: TestLegacyAndCategoryErrorCompatibility/500 (0.00s)\n","OutputType":"frame"}
{"Time":"2026-09-17T17:12:13.195585+08:00","Action":"pass","Package":"github.com/TokenFlux/TokenRouter/internal/pkg/errors","Test":"TestLegacyAndCategoryErrorCompatibility/500","Elapsed":0}
{"Time":"2026-09-17T17:12:13.195587+08:00","Action":"run","Package":"github.com/TokenFlux/TokenRouter/internal/pkg/errors","Test":"TestLegacyAndCategoryErrorCompatibility/502"}
{"Time":"2026-09-17T17:12:13.195589+08:00","Action":"output","Package":"github.com/TokenFlux/TokenRouter/internal/pkg/errors","Test":"TestLegacyAndCategoryErrorCompatibility/502","Output":"=== RUN   TestLegacyAndCategoryErrorCompatibility/502\n","OutputType":"frame"}
{"Time":"2026-09-17T17:12:13.19559+08:00","Action":"output","Package":"github.com/TokenFlux/TokenRouter/internal/pkg/errors","Test":"TestLegacyAndCategoryErrorCompatibility/502","Output":"--- PASS: TestLegacyAndCategoryErrorCompatibility/502 (0.00s)\n","OutputType":"frame"}
{"Time":"2026-09-17T17:12:13.195592+08:00","Action":"pass","Package":"github.com/TokenFlux/TokenRouter/internal/pkg/errors","Test":"TestLegacyAndCategoryErrorCompatibility/502","Elapsed":0}
{"Time":"2026-09-17T17:12:13.195594+08:00","Action":"run","Package":"github.com/TokenFlux/TokenRouter/internal/pkg/errors","Test":"TestLegacyAndCategoryErrorCompatibility/503"}
{"Time":"2026-09-17T17:12:13.195596+08:00","Action":"output","Package":"github.com/TokenFlux/TokenRouter/internal/pkg/errors","Test":"TestLegacyAndCategoryErrorCompatibility/503","Output":"=== RUN   TestLegacyAndCategoryErrorCompatibility/503\n","OutputType":"frame"}
{"Time":"2026-09-17T17:12:13.195615+08:00","Action":"output","Package":"github.com/TokenFlux/TokenRouter/internal/pkg/errors","Test":"TestLegacyAndCategoryErrorCompatibility/503","Output":"--- PASS: TestLegacyAndCategoryErrorCompatibility/503 (0.00s)\n","OutputType":"frame"}
{"Time":"2026-09-17T17:12:13.195619+08:00","Action":"pass","Package":"github.com/TokenFlux/TokenRouter/internal/pkg/errors","Test":"TestLegacyAndCategoryErrorCompatibility/503","Elapsed":0}
{"Time":"2026-09-17T17:12:13.195622+08:00","Action":"run","Package":"github.com/TokenFlux/TokenRouter/internal/pkg/errors","Test":"TestLegacyAndCategoryErrorCompatibility/504"}
{"Time":"2026-09-17T17:12:13.195628+08:00","Action":"output","Package":"github.com/TokenFlux/TokenRouter/internal/pkg/errors","Test":"TestLegacyAndCategoryErrorCompatibility/504","Output":"=== RUN   TestLegacyAndCategoryErrorCompatibility/504\n","OutputType":"frame"}
{"Time":"2026-09-17T17:12:13.195636+08:00","Action":"output","Package":"github.com/TokenFlux/TokenRouter/internal/pkg/errors","Test":"TestLegacyAndCategoryErrorCompatibility/504","Output":"--- PASS: TestLegacyAndCategoryErrorCompatibility/504 (0.00s)\n","OutputType":"frame"}
{"Time":"2026-09-17T17:12:13.195639+08:00","Action":"pass","Package":"github.com/TokenFlux/TokenRouter/internal/pkg/errors","Test":"TestLegacyAndCategoryErrorCompatibility/504","Elapsed":0}
{"Time":"2026-09-17T17:12:13.195641+08:00","Action":"run","Package":"github.com/TokenFlux/TokenRouter/internal/pkg/errors","Test":"TestLegacyAndCategoryErrorCompatibility/529"}
{"Time":"2026-09-17T17:12:13.195643+08:00","Action":"output","Package":"github.com/TokenFlux/TokenRouter/internal/pkg/errors","Test":"TestLegacyAndCategoryErrorCompatibility/529","Output":"=== RUN   TestLegacyAndCategoryErrorCompatibility/529\n","OutputType":"frame"}
{"Time":"2026-09-17T17:12:13.195645+08:00","Action":"output","Package":"github.com/TokenFlux/TokenRouter/internal/pkg/errors","Test":"TestLegacyAndCategoryErrorCompatibility/529","Output":"--- PASS: TestLegacyAndCategoryErrorCompatibility/529 (0.00s)\n","OutputType":"frame"}
{"Time":"2026-09-17T17:12:13.195647+08:00","Action":"pass","Package":"github.com/TokenFlux/TokenRouter/internal/pkg/errors","Test":"TestLegacyAndCategoryErrorCompatibility/529","Elapsed":0}
{"Time":"2026-09-17T17:12:13.195649+08:00","Action":"output","Package":"github.com/TokenFlux/TokenRouter/internal/pkg/errors","Test":"TestLegacyAndCategoryErrorCompatibility","Output":"--- PASS: TestLegacyAndCategoryErrorCompatibility (0.00s)\n","OutputType":"frame"}
{"Time":"2026-09-17T17:12:13.19565+08:00","Action":"pass","Package":"github.com/TokenFlux/TokenRouter/internal/pkg/errors","Test":"TestLegacyAndCategoryErrorCompatibility","Elapsed":0}
{"Time":"2026-09-17T17:12:13.195652+08:00","Action":"output","Package":"github.com/TokenFlux/TokenRouter/internal/pkg/errors","Output":"PASS\n","OutputType":"frame"}
{"Time":"2026-09-17T17:12:13.196143+08:00","Action":"output","Package":"github.com/TokenFlux/TokenRouter/internal/pkg/errors","Output":"ok  \tgithub.com/TokenFlux/TokenRouter/internal/pkg/errors\t4.424s\n"}
{"Time":"2026-09-17T17:12:13.196154+08:00","Action":"pass","Package":"github.com/TokenFlux/TokenRouter/internal/pkg/errors","Elapsed":4.424}
{"Time":"2026-09-17T17:12:13.224136+08:00","Action":"output","Package":"github.com/TokenFlux/TokenRouter/internal/server/routes","Test":"TestAuthRoutesRateLimitFailCloseWhenRedisUnavailable","Output":"redis: 2026/09/17 17:12:13 pool.go:419: redis: connection pool: failed to dial after 1 attempts: dial tcp 127.0.0.1:1: connect: connection refused\n"}
{"Time":"2026-09-17T17:12:13.285923+08:00","Action":"output","Package":"github.com/TokenFlux/TokenRouter/internal/server/routes","Test":"TestAuthRoutesRateLimitFailCloseWhenRedisUnavailable","Output":"redis: 2026/09/17 17:12:13 pool.go:419: redis: connection pool: failed to dial after 1 attempts: dial tcp 127.0.0.1:1: connect: connection refused\n"}
{"Time":"2026-09-17T17:12:13.367812+08:00","Action":"output","Package":"github.com/TokenFlux/TokenRouter/internal/server/routes","Test":"TestAuthRoutesRateLimitFailCloseWhenRedisUnavailable","Output":"redis: 2026/09/17 17:12:13 pool.go:419: redis: connection pool: failed to dial after 1 attempts: dial tcp 127.0.0.1:1: connect: connection refused\n"}
{"Time":"2026-09-17T17:12:13.466573+08:00","Action":"output","Package":"github.com/TokenFlux/TokenRouter/internal/server/routes","Test":"TestAuthRoutesRateLimitFailCloseWhenRedisUnavailable","Output":"redis: 2026/09/17 17:12:13 pool.go:419: redis: connection pool: failed to dial after 1 attempts: dial tcp 127.0.0.1:1: connect: connection refused\n"}
{"Time":"2026-09-17T17:12:13.466632+08:00","Action":"output","Package":"github.com/TokenFlux/TokenRouter/internal/server/routes","Test":"TestAuthRoutesRateLimitFailCloseWhenRedisUnavailable","Output":"2026/09/17 17:12:13 [RateLimit] redis error: key=rate_limit:oauth-pending-send-verify-code mode=fail-close err=dial tcp 127.0.0.1:1: connect: connection refused\n"}
{"Time":"2026-09-17T17:12:13.466698+08:00","Action":"output","Package":"github.com/TokenFlux/TokenRouter/internal/server/routes","Test":"TestAuthRoutesRateLimitFailCloseWhenRedisUnavailable","Output":"--- PASS: TestAuthRoutesRateLimitFailCloseWhenRedisUnavailable (2.31s)\n","OutputType":"frame"}
{"Time":"2026-09-17T17:12:13.466719+08:00","Action":"pass","Package":"github.com/TokenFlux/TokenRouter/internal/server/routes","Test":"TestAuthRoutesRateLimitFailCloseWhenRedisUnavailable","Elapsed":2.31}
{"Time":"2026-09-17T17:12:13.46673+08:00","Action":"run","Package":"github.com/TokenFlux/TokenRouter/internal/server/routes","Test":"TestGatewayRoutesModelsWithClientVersionUsesLocalList"}
{"Time":"2026-09-17T17:12:13.466737+08:00","Action":"output","Package":"github.com/TokenFlux/TokenRouter/internal/server/routes","Test":"TestGatewayRoutesModelsWithClientVersionUsesLocalList","Output":"=== RUN   TestGatewayRoutesModelsWithClientVersionUsesLocalList\n","OutputType":"frame"}
{"Time":"2026-09-17T17:12:13.467025+08:00","Action":"run","Package":"github.com/TokenFlux/TokenRouter/internal/server/routes","Test":"TestGatewayRoutesModelsWithClientVersionUsesLocalList//v1/models?client_version=0.144.0"}
{"Time":"2026-09-17T17:12:13.467035+08:00","Action":"output","Package":"github.com/TokenFlux/TokenRouter/internal/server/routes","Test":"TestGatewayRoutesModelsWithClientVersionUsesLocalList//v1/models?client_version=0.144.0","Output":"=== RUN   TestGatewayRoutesModelsWithClientVersionUsesLocalList//v1/models?client_version=0.144.0\n","OutputType":"frame"}
{"Time":"2026-09-17T17:12:13.468113+08:00","Action":"output","Package":"github.com/TokenFlux/TokenRouter/internal/server/routes","Test":"TestGatewayRoutesModelsWithClientVersionUsesLocalList//v1/models?client_version=0.144.0","Output":"--- PASS: TestGatewayRoutesModelsWithClientVersionUsesLocalList//v1/models?client_version=0.144.0 (0.00s)\n","OutputType":"frame"}
{"Time":"2026-09-17T17:12:13.468122+08:00","Action":"pass","Package":"github.com/TokenFlux/TokenRouter/internal/server/routes","Test":"TestGatewayRoutesModelsWithClientVersionUsesLocalList//v1/models?client_version=0.144.0","Elapsed":0}
{"Time":"2026-09-17T17:12:13.468126+08:00","Action":"run","Package":"github.com/TokenFlux/TokenRouter/internal/server/routes","Test":"TestGatewayRoutesModelsWithClientVersionUsesLocalList//models?client_version=0.144.0"}
{"Time":"2026-09-17T17:12:13.46813+08:00","Action":"output","Package":"github.com/TokenFlux/TokenRouter/internal/server/routes","Test":"TestGatewayRoutesModelsWithClientVersionUsesLocalList//models?client_version=0.144.0","Output":"=== RUN   TestGatewayRoutesModelsWithClientVersionUsesLocalList//models?client_version=0.144.0\n","OutputType":"frame"}
{"Time":"2026-09-17T17:12:13.468152+08:00","Action":"output","Package":"github.com/TokenFlux/TokenRouter/internal/server/routes","Test":"TestGatewayRoutesModelsWithClientVersionUsesLocalList//models?client_version=0.144.0","Output":"--- PASS: TestGatewayRoutesModelsWithClientVersionUsesLocalList//models?client_version=0.144.0 (0.00s)\n","OutputType":"frame"}
{"Time":"2026-09-17T17:12:13.468156+08:00","Action":"pass","Package":"github.com/TokenFlux/TokenRouter/internal/server/routes","Test":"TestGatewayRoutesModelsWithClientVersionUsesLocalList//models?client_version=0.144.0","Elapsed":0}
{"Time":"2026-09-17T17:12:13.468159+08:00","Action":"output","Package":"github.com/TokenFlux/TokenRouter/internal/server/routes","Test":"TestGatewayRoutesModelsWithClientVersionUsesLocalList","Output":"--- PASS: TestGatewayRoutesModelsWithClientVersionUsesLocalList (0.00s)\n","OutputType":"frame"}
{"Time":"2026-09-17T17:12:13.468161+08:00","Action":"pass","Package":"github.com/TokenFlux/TokenRouter/internal/server/routes","Test":"TestGatewayRoutesModelsWithClientVersionUsesLocalList","Elapsed":0}
{"Time":"2026-09-17T17:12:13.468164+08:00","Action":"run","Package":"github.com/TokenFlux/TokenRouter/internal/server/routes","Test":"TestGatewayRoutesCodexModelsManifestPathIsRemoved"}
{"Time":"2026-09-17T17:12:13.468166+08:00","Action":"output","Package":"github.com/TokenFlux/TokenRouter/internal/server/routes","Test":"TestGatewayRoutesCodexModelsManifestPathIsRemoved","Output":"=== RUN   TestGatewayRoutesCodexModelsManifestPathIsRemoved\n","OutputType":"frame"}
{"Time":"2026-09-17T17:12:13.46841+08:00","Action":"output","Package":"github.com/TokenFlux/TokenRouter/internal/server/routes","Test":"TestGatewayRoutesCodexModelsManifestPathIsRemoved","Output":"--- PASS: TestGatewayRoutesCodexModelsManifestPathIsRemoved (0.00s)\n","OutputType":"frame"}
{"Time":"2026-09-17T17:12:13.468417+08:00","Action":"pass","Package":"github.com/TokenFlux/TokenRouter/internal/server/routes","Test":"TestGatewayRoutesCodexModelsManifestPathIsRemoved","Elapsed":0}
{"Time":"2026-09-17T17:12:13.468421+08:00","Action":"run","Package":"github.com/TokenFlux/TokenRouter/internal/server/routes","Test":"TestGatewayRoutesClientProtocolGateRejectsAliasesBeforeReadingBody"}
{"Time":"2026-09-17T17:12:13.468424+08:00","Action":"output","Package":"github.com/TokenFlux/TokenRouter/internal/server/routes","Test":"TestGatewayRoutesClientProtocolGateRejectsAliasesBeforeReadingBody","Output":"=== RUN   TestGatewayRoutesClientProtocolGateRejectsAliasesBeforeReadingBody\n","OutputType":"frame"}
{"Time":"2026-09-17T17:12:13.468428+08:00","Action":"run","Package":"github.com/TokenFlux/TokenRouter/internal/server/routes","Test":"TestGatewayRoutesClientProtocolGateRejectsAliasesBeforeReadingBody/messages"}
{"Time":"2026-09-17T17:12:13.46843+08:00","Action":"output","Package":"github.com/TokenFlux/TokenRouter/internal/server/routes","Test":"TestGatewayRoutesClientProtocolGateRejectsAliasesBeforeReadingBody/messages","Output":"=== RUN   TestGatewayRoutesClientProtocolGateRejectsAliasesBeforeReadingBody/messages\n","OutputType":"frame"}
{"Time":"2026-09-17T17:12:13.468541+08:00","Action":"output","Package":"github.com/TokenFlux/TokenRouter/internal/server/routes","Test":"TestGatewayRoutesClientProtocolGateRejectsAliasesBeforeReadingBody/messages","Output":"--- PASS: TestGatewayRoutesClientProtocolGateRejectsAliasesBeforeReadingBody/messages (0.00s)\n","OutputType":"frame"}
{"Time":"2026-09-17T17:12:13.468546+08:00","Action":"pass","Package":"github.com/TokenFlux/TokenRouter/internal/server/routes","Test":"TestGatewayRoutesClientProtocolGateRejectsAliasesBeforeReadingBody/messages","Elapsed":0}
{"Time":"2026-09-17T17:12:13.468549+08:00","Action":"run","Package":"github.com/TokenFlux/TokenRouter/internal/server/routes","Test":"TestGatewayRoutesClientProtocolGateRejectsAliasesBeforeReadingBody/responses"}
{"Time":"2026-09-17T17:12:13.468556+08:00","Action":"output","Package":"github.com/TokenFlux/TokenRouter/internal/server/routes","Test":"TestGatewayRoutesClientProtocolGateRejectsAliasesBeforeReadingBody/responses","Output":"=== RUN   TestGatewayRoutesClientProtocolGateRejectsAliasesBeforeReadingBody/responses\n","OutputType":"frame"}
{"Time":"2026-09-17T17:12:13.468672+08:00","Action":"output","Package":"github.com/TokenFlux/TokenRouter/internal/server/routes","Test":"TestGatewayRoutesClientProtocolGateRejectsAliasesBeforeReadingBody/responses","Output":"--- PASS: TestGatewayRoutesClientProtocolGateRejectsAliasesBeforeReadingBody/responses (0.00s)\n","OutputType":"frame"}
{"Time":"2026-09-17T17:12:13.468682+08:00","Action":"pass","Package":"github.com/TokenFlux/TokenRouter/internal/server/routes","Test":"TestGatewayRoutesClientProtocolGateRejectsAliasesBeforeReadingBody/responses","Elapsed":0}
{"Time":"2026-09-17T17:12:13.468685+08:00","Action":"run","Package":"github.com/TokenFlux/TokenRouter/internal/server/routes","Test":"TestGatewayRoutesClientProtocolGateRejectsAliasesBeforeReadingBody/chat_completions"}
{"Time":"2026-09-17T17:12:13.468687+08:00","Action":"output","Package":"github.com/TokenFlux/TokenRouter/internal/server/routes","Test":"TestGatewayRoutesClientProtocolGateRejectsAliasesBeforeReadingBody/chat_completions","Output":"=== RUN   TestGatewayRoutesClientProtocolGateRejectsAliasesBeforeReadingBody/chat_completions\n","OutputType":"frame"}
{"Time":"2026-09-17T17:12:13.468722+08:00","Action":"output","Package":"github.com/TokenFlux/TokenRouter/internal/server/routes","Test":"TestGatewayRoutesClientProtocolGateRejectsAliasesBeforeReadingBody/chat_completions","Output":"--- PASS: TestGatewayRoutesClientProtocolGateRejectsAliasesBeforeReadingBody/chat_completions (0.00s)\n","OutputType":"frame"}
{"Time":"2026-09-17T17:12:13.468727+08:00","Action":"pass","Package":"github.com/TokenFlux/TokenRouter/internal/server/routes","Test":"TestGatewayRoutesClientProtocolGateRejectsAliasesBeforeReadingBody/chat_completions","Elapsed":0}
{"Time":"2026-09-17T17:12:13.468731+08:00","Action":"output","Package":"github.com/TokenFlux/TokenRouter/internal/server/routes","Test":"TestGatewayRoutesClientProtocolGateRejectsAliasesBeforeReadingBody","Output":"--- PASS: TestGatewayRoutesClientProtocolGateRejectsAliasesBeforeReadingBody (0.00s)\n","OutputType":"frame"}
{"Time":"2026-09-17T17:12:13.468733+08:00","Action":"pass","Package":"github.com/TokenFlux/TokenRouter/internal/server/routes","Test":"TestGatewayRoutesClientProtocolGateRejectsAliasesBeforeReadingBody","Elapsed":0}
{"Time":"2026-09-17T17:12:13.468735+08:00","Action":"run","Package":"github.com/TokenFlux/TokenRouter/internal/server/routes","Test":"TestGatewayRoutesUnsupportedCountTokensBypassesProtocolGate"}
{"Time":"2026-09-17T17:12:13.468738+08:00","Action":"output","Package":"github.com/TokenFlux/TokenRouter/internal/server/routes","Test":"TestGatewayRoutesUnsupportedCountTokensBypassesProtocolGate","Output":"=== RUN   TestGatewayRoutesUnsupportedCountTokensBypassesProtocolGate\n","OutputType":"frame"}
{"Time":"2026-09-17T17:12:13.468743+08:00","Action":"run","Package":"github.com/TokenFlux/TokenRouter/internal/server/routes","Test":"TestGatewayRoutesUnsupportedCountTokensBypassesProtocolGate/qoder_v1"}
{"Time":"2026-09-17T17:12:13.468745+08:00","Action":"output","Package":"github.com/TokenFlux/TokenRouter/internal/server/routes","Test":"TestGatewayRoutesUnsupportedCountTokensBypassesProtocolGate/qoder_v1","Output":"=== RUN   TestGatewayRoutesUnsupportedCountTokensBypassesProtocolGate/qoder_v1\n","OutputType":"frame"}
{"Time":"2026-09-17T17:12:13.468772+08:00","Action":"output","Package":"github.com/TokenFlux/TokenRouter/internal/server/routes","Test":"TestGatewayRoutesUnsupportedCountTokensBypassesProtocolGate/qoder_v1","Output":"--- PASS: TestGatewayRoutesUnsupportedCountTokensBypassesProtocolGate/qoder_v1 (0.00s)\n","OutputType":"frame"}
{"Time":"2026-09-17T17:12:13.468775+08:00","Action":"pass","Package":"github.com/TokenFlux/TokenRouter/internal/server/routes","Test":"TestGatewayRoutesUnsupportedCountTokensBypassesProtocolGate/qoder_v1","Elapsed":0}
{"Time":"2026-09-17T17:12:13.468777+08:00","Action":"run","Package":"github.com/TokenFlux/TokenRouter/internal/server/routes","Test":"TestGatewayRoutesUnsupportedCountTokensBypassesProtocolGate/qoder_alias"}
{"Time":"2026-09-17T17:12:13.468779+08:00","Action":"output","Package":"github.com/TokenFlux/TokenRouter/internal/server/routes","Test":"TestGatewayRoutesUnsupportedCountTokensBypassesProtocolGate/qoder_alias","Output":"=== RUN   TestGatewayRoutesUnsupportedCountTokensBypassesProtocolGate/qoder_alias\n","OutputType":"frame"}
{"Time":"2026-09-17T17:12:13.468809+08:00","Action":"output","Package":"github.com/TokenFlux/TokenRouter/internal/server/routes","Test":"TestGatewayRoutesUnsupportedCountTokensBypassesProtocolGate/qoder_alias","Output":"--- PASS: TestGatewayRoutesUnsupportedCountTokensBypassesProtocolGate/qoder_alias (0.00s)\n","OutputType":"frame"}
{"Time":"2026-09-17T17:12:13.468819+08:00","Action":"pass","Package":"github.com/TokenFlux/TokenRouter/internal/server/routes","Test":"TestGatewayRoutesUnsupportedCountTokensBypassesProtocolGate/qoder_alias","Elapsed":0}
{"Time":"2026-09-17T17:12:13.468823+08:00","Action":"run","Package":"github.com/TokenFlux/TokenRouter/internal/server/routes","Test":"TestGatewayRoutesUnsupportedCountTokensBypassesProtocolGate/antigravity_v1"}
{"Time":"2026-09-17T17:12:13.468826+08:00","Action":"output","Package":"github.com/TokenFlux/TokenRouter/internal/server/routes","Test":"TestGatewayRoutesUnsupportedCountTokensBypassesProtocolGate/antigravity_v1","Output":"=== RUN   TestGatewayRoutesUnsupportedCountTokensBypassesProtocolGate/antigravity_v1\n","OutputType":"frame"}
{"Time":"2026-09-17T17:12:13.468856+08:00","Action":"output","Package":"github.com/TokenFlux/TokenRouter/internal/server/routes","Test":"TestGatewayRoutesUnsupportedCountTokensBypassesProtocolGate/antigravity_v1","Output":"--- PASS: TestGatewayRoutesUnsupportedCountTokensBypassesProtocolGate/antigravity_v1 (0.00s)\n","OutputType":"frame"}
{"Time":"2026-09-17T17:12:13.468859+08:00","Action":"pass","Package":"github.com/TokenFlux/TokenRouter/internal/server/routes","Test":"TestGatewayRoutesUnsupportedCountTokensBypassesProtocolGate/antigravity_v1","Elapsed":0}
{"Time":"2026-09-17T17:12:13.468861+08:00","Action":"run","Package":"github.com/TokenFlux/TokenRouter/internal/server/routes","Test":"TestGatewayRoutesUnsupportedCountTokensBypassesProtocolGate/antigravity_alias"}
{"Time":"2026-09-17T17:12:13.468863+08:00","Action":"output","Package":"github.com/TokenFlux/TokenRouter/internal/server/routes","Test":"TestGatewayRoutesUnsupportedCountTokensBypassesProtocolGate/antigravity_alias","Output":"=== RUN   TestGatewayRoutesUnsupportedCountTokensBypassesProtocolGate/antigravity_alias\n","OutputType":"frame"}
{"Time":"2026-09-17T17:12:13.4689+08:00","Action":"output","Package":"github.com/TokenFlux/TokenRouter/internal/server/routes","Test":"TestGatewayRoutesUnsupportedCountTokensBypassesProtocolGate/antigravity_alias","Output":"--- PASS: TestGatewayRoutesUnsupportedCountTokensBypassesProtocolGate/antigravity_alias (0.00s)\n","OutputType":"frame"}
{"Time":"2026-09-17T17:12:13.46891+08:00","Action":"pass","Package":"github.com/TokenFlux/TokenRouter/internal/server/routes","Test":"TestGatewayRoutesUnsupportedCountTokensBypassesProtocolGate/antigravity_alias","Elapsed":0}
{"Time":"2026-09-17T17:12:13.468915+08:00","Action":"run","Package":"github.com/TokenFlux/TokenRouter/internal/server/routes","Test":"TestGatewayRoutesUnsupportedCountTokensBypassesProtocolGate/forced_antigravity"}
{"Time":"2026-09-17T17:12:13.468918+08:00","Action":"output","Package":"github.com/TokenFlux/TokenRouter/internal/server/routes","Test":"TestGatewayRoutesUnsupportedCountTokensBypassesProtocolGate/forced_antigravity","Output":"=== RUN   TestGatewayRoutesUnsupportedCountTokensBypassesProtocolGate/forced_antigravity\n","OutputType":"frame"}
{"Time":"2026-09-17T17:12:13.468948+08:00","Action":"output","Package":"github.com/TokenFlux/TokenRouter/internal/server/routes","Test":"TestGatewayRoutesUnsupportedCountTokensBypassesProtocolGate/forced_antigravity","Output":"--- PASS: TestGatewayRoutesUnsupportedCountTokensBypassesProtocolGate/forced_antigravity (0.00s)\n","OutputType":"frame"}
{"Time":"2026-09-17T17:12:13.468952+08:00","Action":"pass","Package":"github.com/TokenFlux/TokenRouter/internal/server/routes","Test":"TestGatewayRoutesUnsupportedCountTokensBypassesProtocolGate/forced_antigravity","Elapsed":0}
{"Time":"2026-09-17T17:12:13.468961+08:00","Action":"output","Package":"github.com/TokenFlux/TokenRouter/internal/server/routes","Test":"TestGatewayRoutesUnsupportedCountTokensBypassesProtocolGate","Output":"--- PASS: TestGatewayRoutesUnsupportedCountTokensBypassesProtocolGate (0.00s)\n","OutputType":"frame"}
{"Time":"2026-09-17T17:12:13.468963+08:00","Action":"pass","Package":"github.com/TokenFlux/TokenRouter/internal/server/routes","Test":"TestGatewayRoutesUnsupportedCountTokensBypassesProtocolGate","Elapsed":0}
{"Time":"2026-09-17T17:12:13.468968+08:00","Action":"run","Package":"github.com/TokenFlux/TokenRouter/internal/server/routes","Test":"TestGatewayRoutesResponsesSubpathGuardRunsBeforeProtocolGate"}
{"Time":"2026-09-17T17:12:13.46897+08:00","Action":"output","Package":"github.com/TokenFlux/TokenRouter/internal/server/routes","Test":"TestGatewayRoutesResponsesSubpathGuardRunsBeforeProtocolGate","Output":"=== RUN   TestGatewayRoutesResponsesSubpathGuardRunsBeforeProtocolGate\n","OutputType":"frame"}
{"Time":"2026-09-17T17:12:13.469045+08:00","Action":"output","Package":"github.com/TokenFlux/TokenRouter/internal/server/routes","Test":"TestGatewayRoutesResponsesSubpathGuardRunsBeforeProtocolGate","Output":"--- PASS: TestGatewayRoutesResponsesSubpathGuardRunsBeforeProtocolGate (0.00s)\n","OutputType":"frame"}
{"Time":"2026-09-17T17:12:13.469049+08:00","Action":"pass","Package":"github.com/TokenFlux/TokenRouter/internal/server/routes","Test":"TestGatewayRoutesResponsesSubpathGuardRunsBeforeProtocolGate","Elapsed":0}
{"Time":"2026-09-17T17:12:13.469051+08:00","Action":"run","Package":"github.com/TokenFlux/TokenRouter/internal/server/routes","Test":"TestRequireGroupClientProtocolUsesNativeErrorEnvelopes"}
{"Time":"2026-09-17T17:12:13.469053+08:00","Action":"output","Package":"github.com/TokenFlux/TokenRouter/internal/server/routes","Test":"TestRequireGroupClientProtocolUsesNativeErrorEnvelopes","Output":"=== RUN   TestRequireGroupClientProtocolUsesNativeErrorEnvelopes\n","OutputType":"frame"}
{"Time":"2026-09-17T17:12:13.469056+08:00","Action":"run","Package":"github.com/TokenFlux/TokenRouter/internal/server/routes","Test":"TestRequireGroupClientProtocolUsesNativeErrorEnvelopes/anthropic"}
{"Time":"2026-09-17T17:12:13.46907+08:00","Action":"output","Package":"github.com/TokenFlux/TokenRouter/internal/server/routes","Test":"TestRequireGroupClientProtocolUsesNativeErrorEnvelopes/anthropic","Output":"=== RUN   TestRequireGroupClientProtocolUsesNativeErrorEnvelopes/anthropic\n","OutputType":"frame"}
{"Time":"2026-09-17T17:12:13.469074+08:00","Action":"output","Package":"github.com/TokenFlux/TokenRouter/internal/server/routes","Test":"TestRequireGroupClientProtocolUsesNativeErrorEnvelopes/anthropic","Output":"--- PASS: TestRequireGroupClientProtocolUsesNativeErrorEnvelopes/anthropic (0.00s)\n","OutputType":"frame"}
{"Time":"2026-09-17T17:12:13.469076+08:00","Action":"pass","Package":"github.com/TokenFlux/TokenRouter/internal/server/routes","Test":"TestRequireGroupClientProtocolUsesNativeErrorEnvelopes/anthropic","Elapsed":0}
{"Time":"2026-09-17T17:12:13.469077+08:00","Action":"run","Package":"github.com/TokenFlux/TokenRouter/internal/server/routes","Test":"TestRequireGroupClientProtocolUsesNativeErrorEnvelopes/openai"}
{"Time":"2026-09-17T17:12:13.469079+08:00","Action":"output","Package":"github.com/TokenFlux/TokenRouter/internal/server/routes","Test":"TestRequireGroupClientProtocolUsesNativeErrorEnvelopes/openai","Output":"=== RUN   TestRequireGroupClientProtocolUsesNativeErrorEnvelopes/openai\n","OutputType":"frame"}
{"Time":"2026-09-17T17:12:13.469086+08:00","Action":"output","Package":"github.com/TokenFlux/TokenRouter/internal/server/routes","Test":"TestRequireGroupClientProtocolUsesNativeErrorEnvelopes/openai","Output":"--- PASS: TestRequireGroupClientProtocolUsesNativeErrorEnvelopes/openai (0.00s)\n","OutputType":"frame"}
{"Time":"2026-09-17T17:12:13.469088+08:00","Action":"pass","Package":"github.com/TokenFlux/TokenRouter/internal/server/routes","Test":"TestRequireGroupClientProtocolUsesNativeErrorEnvelopes/openai","Elapsed":0}
{"Time":"2026-09-17T17:12:13.46909+08:00","Action":"run","Package":"github.com/TokenFlux/TokenRouter/internal/server/routes","Test":"TestRequireGroupClientProtocolUsesNativeErrorEnvelopes/google"}
{"Time":"2026-09-17T17:12:13.469092+08:00","Action":"output","Package":"github.com/TokenFlux/TokenRouter/internal/server/routes","Test":"TestRequireGroupClientProtocolUsesNativeErrorEnvelopes/google","Output":"=== RUN   TestRequireGroupClientProtocolUsesNativeErrorEnvelopes/google\n","OutputType":"frame"}
{"Time":"2026-09-17T17:12:13.469105+08:00","Action":"output","Package":"github.com/TokenFlux/TokenRouter/internal/server/routes","Test":"TestRequireGroupClientProtocolUsesNativeErrorEnvelopes/google","Output":"--- PASS: TestRequireGroupClientProtocolUsesNativeErrorEnvelopes/google (0.00s)\n","OutputType":"frame"}
{"Time":"2026-09-17T17:12:13.469111+08:00","Action":"pass","Package":"github.com/TokenFlux/TokenRouter/internal/server/routes","Test":"TestRequireGroupClientProtocolUsesNativeErrorEnvelopes/google","Elapsed":0}
{"Time":"2026-09-17T17:12:13.469114+08:00","Action":"output","Package":"github.com/TokenFlux/TokenRouter/internal/server/routes","Test":"TestRequireGroupClientProtocolUsesNativeErrorEnvelopes","Output":"--- PASS: TestRequireGroupClientProtocolUsesNativeErrorEnvelopes (0.00s)\n","OutputType":"frame"}
{"Time":"2026-09-17T17:12:13.469116+08:00","Action":"pass","Package":"github.com/TokenFlux/TokenRouter/internal/server/routes","Test":"TestRequireGroupClientProtocolUsesNativeErrorEnvelopes","Elapsed":0}
{"Time":"2026-09-17T17:12:13.46912+08:00","Action":"run","Package":"github.com/TokenFlux/TokenRouter/internal/server/routes","Test":"TestRequireGeminiGenerateContentProtocolOnlyGatesTextActions"}
{"Time":"2026-09-17T17:12:13.469122+08:00","Action":"output","Package":"github.com/TokenFlux/TokenRouter/internal/server/routes","Test":"TestRequireGeminiGenerateContentProtocolOnlyGatesTextActions","Output":"=== RUN   TestRequireGeminiGenerateContentProtocolOnlyGatesTextActions\n","OutputType":"frame"}
{"Time":"2026-09-17T17:12:13.469153+08:00","Action":"output","Package":"github.com/TokenFlux/TokenRouter/internal/server/routes","Test":"TestRequireGeminiGenerateContentProtocolOnlyGatesTextActions","Output":"--- PASS: TestRequireGeminiGenerateContentProtocolOnlyGatesTextActions (0.00s)\n","OutputType":"frame"}
{"Time":"2026-09-17T17:12:13.469156+08:00","Action":"pass","Package":"github.com/TokenFlux/TokenRouter/internal/server/routes","Test":"TestRequireGeminiGenerateContentProtocolOnlyGatesTextActions","Elapsed":0}
{"Time":"2026-09-17T17:12:13.469158+08:00","Action":"run","Package":"github.com/TokenFlux/TokenRouter/internal/server/routes","Test":"TestGatewayRoutesOpenAIResponsesCompactPathIsRegistered"}
{"Time":"2026-09-17T17:12:13.469161+08:00","Action":"output","Package":"github.com/TokenFlux/TokenRouter/internal/server/routes","Test":"TestGatewayRoutesOpenAIResponsesCompactPathIsRegistered","Output":"=== RUN   TestGatewayRoutesOpenAIResponsesCompactPathIsRegistered\n","OutputType":"frame"}
{"Time":"2026-09-17T17:12:13.469269+08:00","Action":"output","Package":"github.com/TokenFlux/TokenRouter/internal/server/routes","Test":"TestGatewayRoutesOpenAIResponsesCompactPathIsRegistered","Output":"--- PASS: TestGatewayRoutesOpenAIResponsesCompactPathIsRegistered (0.00s)\n","OutputType":"frame"}
{"Time":"2026-09-17T17:12:13.469273+08:00","Action":"pass","Package":"github.com/TokenFlux/TokenRouter/internal/server/routes","Test":"TestGatewayRoutesOpenAIResponsesCompactPathIsRegistered","Elapsed":0}
{"Time":"2026-09-17T17:12:13.469275+08:00","Action":"run","Package":"github.com/TokenFlux/TokenRouter/internal/server/routes","Test":"TestGatewayRoutesQoderPathsAreRegistered"}
{"Time":"2026-09-17T17:12:13.46928+08:00","Action":"output","Package":"github.com/TokenFlux/TokenRouter/internal/server/routes","Test":"TestGatewayRoutesQoderPathsAreRegistered","Output":"=== RUN   TestGatewayRoutesQoderPathsAreRegistered\n","OutputType":"frame"}
{"Time":"2026-09-17T17:12:13.469419+08:00","Action":"output","Package":"github.com/TokenFlux/TokenRouter/internal/server/routes","Test":"TestGatewayRoutesQoderPathsAreRegistered","Output":"--- PASS: TestGatewayRoutesQoderPathsAreRegistered (0.00s)\n","OutputType":"frame"}
{"Time":"2026-09-17T17:12:13.469425+08:00","Action":"pass","Package":"github.com/TokenFlux/TokenRouter/internal/server/routes","Test":"TestGatewayRoutesQoderPathsAreRegistered","Elapsed":0}
{"Time":"2026-09-17T17:12:13.469428+08:00","Action":"run","Package":"github.com/TokenFlux/TokenRouter/internal/server/routes","Test":"TestGatewayRoutesQoderResponsesSubpathsAreRejected"}
{"Time":"2026-09-17T17:12:13.46943+08:00","Action":"output","Package":"github.com/TokenFlux/TokenRouter/internal/server/routes","Test":"TestGatewayRoutesQoderResponsesSubpathsAreRejected","Output":"=== RUN   TestGatewayRoutesQoderResponsesSubpathsAreRejected\n","OutputType":"frame"}
{"Time":"2026-09-17T17:12:13.469486+08:00","Action":"output","Package":"github.com/TokenFlux/TokenRouter/internal/server/routes","Test":"TestGatewayRoutesQoderResponsesSubpathsAreRejected","Output":"--- PASS: TestGatewayRoutesQoderResponsesSubpathsAreRejected (0.00s)\n","OutputType":"frame"}
{"Time":"2026-09-17T17:12:13.469491+08:00","Action":"pass","Package":"github.com/TokenFlux/TokenRouter/internal/server/routes","Test":"TestGatewayRoutesQoderResponsesSubpathsAreRejected","Elapsed":0}
{"Time":"2026-09-17T17:12:13.469493+08:00","Action":"run","Package":"github.com/TokenFlux/TokenRouter/internal/server/routes","Test":"TestGatewayRoutesQoderResponsesWebSocketIsRejected"}
{"Time":"2026-09-17T17:12:13.469495+08:00","Action":"output","Package":"github.com/TokenFlux/TokenRouter/internal/server/routes","Test":"TestGatewayRoutesQoderResponsesWebSocketIsRejected","Output":"=== RUN   TestGatewayRoutesQoderResponsesWebSocketIsRejected\n","OutputType":"frame"}
{"Time":"2026-09-17T17:12:13.469538+08:00","Action":"output","Package":"github.com/TokenFlux/TokenRouter/internal/server/routes","Test":"TestGatewayRoutesQoderResponsesWebSocketIsRejected","Output":"--- PASS: TestGatewayRoutesQoderResponsesWebSocketIsRejected (0.00s)\n","OutputType":"frame"}
{"Time":"2026-09-17T17:12:13.469541+08:00","Action":"pass","Package":"github.com/TokenFlux/TokenRouter/internal/server/routes","Test":"TestGatewayRoutesQoderResponsesWebSocketIsRejected","Elapsed":0}
{"Time":"2026-09-17T17:12:13.469543+08:00","Action":"run","Package":"github.com/TokenFlux/TokenRouter/internal/server/routes","Test":"TestGatewayRoutesNonNativeResponsesWebSocketIsRejected"}
{"Time":"2026-09-17T17:12:13.469545+08:00","Action":"output","Package":"github.com/TokenFlux/TokenRouter/internal/server/routes","Test":"TestGatewayRoutesNonNativeResponsesWebSocketIsRejected","Output":"=== RUN   TestGatewayRoutesNonNativeResponsesWebSocketIsRejected\n","OutputType":"frame"}
{"Time":"2026-09-17T17:12:13.469591+08:00","Action":"output","Package":"github.com/TokenFlux/TokenRouter/internal/server/routes","Test":"TestGatewayRoutesNonNativeResponsesWebSocketIsRejected","Output":"--- PASS: TestGatewayRoutesNonNativeResponsesWebSocketIsRejected (0.00s)\n","OutputType":"frame"}
{"Time":"2026-09-17T17:12:13.469596+08:00","Action":"pass","Package":"github.com/TokenFlux/TokenRouter/internal/server/routes","Test":"TestGatewayRoutesNonNativeResponsesWebSocketIsRejected","Elapsed":0}
{"Time":"2026-09-17T17:12:13.469599+08:00","Action":"run","Package":"github.com/TokenFlux/TokenRouter/internal/server/routes","Test":"TestGatewayRoutesOpenAIAlphaSearchPathsAreRegistered"}
{"Time":"2026-09-17T17:12:13.469603+08:00","Action":"output","Package":"github.com/TokenFlux/TokenRouter/internal/server/routes","Test":"TestGatewayRoutesOpenAIAlphaSearchPathsAreRegistered","Output":"=== RUN   TestGatewayRoutesOpenAIAlphaSearchPathsAreRegistered\n","OutputType":"frame"}
{"Time":"2026-09-17T17:12:13.469637+08:00","Action":"output","Package":"github.com/TokenFlux/TokenRouter/internal/server/routes","Test":"TestGatewayRoutesOpenAIAlphaSearchPathsAreRegistered","Output":"--- PASS: TestGatewayRoutesOpenAIAlphaSearchPathsAreRegistered (0.00s)\n","OutputType":"frame"}
{"Time":"2026-09-17T17:12:13.469641+08:00","Action":"pass","Package":"github.com/TokenFlux/TokenRouter/internal/server/routes","Test":"TestGatewayRoutesOpenAIAlphaSearchPathsAreRegistered","Elapsed":0}
{"Time":"2026-09-17T17:12:13.469643+08:00","Action":"run","Package":"github.com/TokenFlux/TokenRouter/internal/server/routes","Test":"TestGatewayRoutesAlphaSearchRejectsNonOpenAIGroup"}
{"Time":"2026-09-17T17:12:13.469645+08:00","Action":"output","Package":"github.com/TokenFlux/TokenRouter/internal/server/routes","Test":"TestGatewayRoutesAlphaSearchRejectsNonOpenAIGroup","Output":"=== RUN   TestGatewayRoutesAlphaSearchRejectsNonOpenAIGroup\n","OutputType":"frame"}
{"Time":"2026-09-17T17:12:13.469701+08:00","Action":"output","Package":"github.com/TokenFlux/TokenRouter/internal/server/routes","Test":"TestGatewayRoutesAlphaSearchRejectsNonOpenAIGroup","Output":"--- PASS: TestGatewayRoutesAlphaSearchRejectsNonOpenAIGroup (0.00s)\n","OutputType":"frame"}
{"Time":"2026-09-17T17:12:13.469705+08:00","Action":"pass","Package":"github.com/TokenFlux/TokenRouter/internal/server/routes","Test":"TestGatewayRoutesAlphaSearchRejectsNonOpenAIGroup","Elapsed":0}
{"Time":"2026-09-17T17:12:13.469707+08:00","Action":"run","Package":"github.com/TokenFlux/TokenRouter/internal/server/routes","Test":"TestGatewayRoutesOpenAIImagesPathsAreRegistered"}
{"Time":"2026-09-17T17:12:13.469709+08:00","Action":"output","Package":"github.com/TokenFlux/TokenRouter/internal/server/routes","Test":"TestGatewayRoutesOpenAIImagesPathsAreRegistered","Output":"=== RUN   TestGatewayRoutesOpenAIImagesPathsAreRegistered\n","OutputType":"frame"}
{"Time":"2026-09-17T17:12:13.469763+08:00","Action":"output","Package":"github.com/TokenFlux/TokenRouter/internal/server/routes","Test":"TestGatewayRoutesOpenAIImagesPathsAreRegistered","Output":"--- PASS: TestGatewayRoutesOpenAIImagesPathsAreRegistered (0.00s)\n","OutputType":"frame"}
{"Time":"2026-09-17T17:12:13.469767+08:00","Action":"pass","Package":"github.com/TokenFlux/TokenRouter/internal/server/routes","Test":"TestGatewayRoutesOpenAIImagesPathsAreRegistered","Elapsed":0}
{"Time":"2026-09-17T17:12:13.46977+08:00","Action":"run","Package":"github.com/TokenFlux/TokenRouter/internal/server/routes","Test":"TestGatewayRoutesAsyncImagesPathsAreRemoved"}
{"Time":"2026-09-17T17:12:13.469772+08:00","Action":"output","Package":"github.com/TokenFlux/TokenRouter/internal/server/routes","Test":"TestGatewayRoutesAsyncImagesPathsAreRemoved","Output":"=== RUN   TestGatewayRoutesAsyncImagesPathsAreRemoved\n","OutputType":"frame"}
{"Time":"2026-09-17T17:12:13.469836+08:00","Action":"output","Package":"github.com/TokenFlux/TokenRouter/internal/server/routes","Test":"TestGatewayRoutesAsyncImagesPathsAreRemoved","Output":"--- PASS: TestGatewayRoutesAsyncImagesPathsAreRemoved (0.00s)\n","OutputType":"frame"}
{"Time":"2026-09-17T17:12:13.469845+08:00","Action":"pass","Package":"github.com/TokenFlux/TokenRouter/internal/server/routes","Test":"TestGatewayRoutesAsyncImagesPathsAreRemoved","Elapsed":0}
{"Time":"2026-09-17T17:12:13.469848+08:00","Action":"run","Package":"github.com/TokenFlux/TokenRouter/internal/server/routes","Test":"TestGatewayRoutesBillingIntrospectionIsRemoved"}
{"Time":"2026-09-17T17:12:13.469852+08:00","Action":"output","Package":"github.com/TokenFlux/TokenRouter/internal/server/routes","Test":"TestGatewayRoutesBillingIntrospectionIsRemoved","Output":"=== RUN   TestGatewayRoutesBillingIntrospectionIsRemoved\n","OutputType":"frame"}
{"Time":"2026-09-17T17:12:13.469884+08:00","Action":"output","Package":"github.com/TokenFlux/TokenRouter/internal/server/routes","Test":"TestGatewayRoutesBillingIntrospectionIsRemoved","Output":"--- PASS: TestGatewayRoutesBillingIntrospectionIsRemoved (0.00s)\n","OutputType":"frame"}
{"Time":"2026-09-17T17:12:13.469889+08:00","Action":"pass","Package":"github.com/TokenFlux/TokenRouter/internal/server/routes","Test":"TestGatewayRoutesBillingIntrospectionIsRemoved","Elapsed":0}
{"Time":"2026-09-17T17:12:13.469892+08:00","Action":"run","Package":"github.com/TokenFlux/TokenRouter/internal/server/routes","Test":"TestGatewayRoutesGrokImagesAndVideosPathsAreRegistered"}
{"Time":"2026-09-17T17:12:13.469895+08:00","Action":"output","Package":"github.com/TokenFlux/TokenRouter/internal/server/routes","Test":"TestGatewayRoutesGrokImagesAndVideosPathsAreRegistered","Output":"=== RUN   TestGatewayRoutesGrokImagesAndVideosPathsAreRegistered\n","OutputType":"frame"}
{"Time":"2026-09-17T17:12:13.470554+08:00","Action":"output","Package":"github.com/TokenFlux/TokenRouter/internal/server/routes","Test":"TestGatewayRoutesGrokImagesAndVideosPathsAreRegistered","Output":"--- PASS: TestGatewayRoutesGrokImagesAndVideosPathsAreRegistered (0.00s)\n","OutputType":"frame"}
{"Time":"2026-09-17T17:12:13.470562+08:00","Action":"pass","Package":"github.com/TokenFlux/TokenRouter/internal/server/routes","Test":"TestGatewayRoutesGrokImagesAndVideosPathsAreRegistered","Elapsed":0}
{"Time":"2026-09-17T17:12:13.470565+08:00","Action":"run","Package":"github.com/TokenFlux/TokenRouter/internal/server/routes","Test":"TestGatewayRoutesNonGrokVideosAreRejectedAtPlatformGate"}
{"Time":"2026-09-17T17:12:13.470568+08:00","Action":"output","Package":"github.com/TokenFlux/TokenRouter/internal/server/routes","Test":"TestGatewayRoutesNonGrokVideosAreRejectedAtPlatformGate","Output":"=== RUN   TestGatewayRoutesNonGrokVideosAreRejectedAtPlatformGate\n","OutputType":"frame"}
{"Time":"2026-09-17T17:12:13.471078+08:00","Action":"output","Package":"github.com/TokenFlux/TokenRouter/internal/server/routes","Test":"TestGatewayRoutesNonGrokVideosAreRejectedAtPlatformGate","Output":"--- PASS: TestGatewayRoutesNonGrokVideosAreRejectedAtPlatformGate (0.00s)\n","OutputType":"frame"}
{"Time":"2026-09-17T17:12:13.471085+08:00","Action":"pass","Package":"github.com/TokenFlux/TokenRouter/internal/server/routes","Test":"TestGatewayRoutesNonGrokVideosAreRejectedAtPlatformGate","Elapsed":0}
{"Time":"2026-09-17T17:12:13.471089+08:00","Action":"run","Package":"github.com/TokenFlux/TokenRouter/internal/server/routes","Test":"TestGatewayRoutesGrokAllowsCLICompatibilityEntrypoints"}
{"Time":"2026-09-17T17:12:13.471092+08:00","Action":"output","Package":"github.com/TokenFlux/TokenRouter/internal/server/routes","Test":"TestGatewayRoutesGrokAllowsCLICompatibilityEntrypoints","Output":"=== RUN   TestGatewayRoutesGrokAllowsCLICompatibilityEntrypoints\n","OutputType":"frame"}
{"Time":"2026-09-17T17:12:13.479936+08:00","Action":"output","Package":"github.com/TokenFlux/TokenRouter/internal/server/routes","Test":"TestGatewayRoutesGrokAllowsCLICompatibilityEntrypoints","Output":"--- PASS: TestGatewayRoutesGrokAllowsCLICompatibilityEntrypoints (0.01s)\n","OutputType":"frame"}
{"Time":"2026-09-17T17:12:13.47996+08:00","Action":"pass","Package":"github.com/TokenFlux/TokenRouter/internal/server/routes","Test":"TestGatewayRoutesGrokAllowsCLICompatibilityEntrypoints","Elapsed":0.01}
{"Time":"2026-09-17T17:12:13.479965+08:00","Action":"run","Package":"github.com/TokenFlux/TokenRouter/internal/server/routes","Test":"TestGatewayRoutesResponsesSubpathRejectsNonConformingSubpaths"}
{"Time":"2026-09-17T17:12:13.479967+08:00","Action":"output","Package":"github.com/TokenFlux/TokenRouter/internal/server/routes","Test":"TestGatewayRoutesResponsesSubpathRejectsNonConformingSubpaths","Output":"=== RUN   TestGatewayRoutesResponsesSubpathRejectsNonConformingSubpaths\n","OutputType":"frame"}
{"Time":"2026-09-17T17:12:13.480036+08:00","Action":"output","Package":"github.com/TokenFlux/TokenRouter/internal/server/routes","Test":"TestGatewayRoutesResponsesSubpathRejectsNonConformingSubpaths","Output":"--- PASS: TestGatewayRoutesResponsesSubpathRejectsNonConformingSubpaths (0.00s)\n","OutputType":"frame"}
{"Time":"2026-09-17T17:12:13.480042+08:00","Action":"pass","Package":"github.com/TokenFlux/TokenRouter/internal/server/routes","Test":"TestGatewayRoutesResponsesSubpathRejectsNonConformingSubpaths","Elapsed":0}
{"Time":"2026-09-17T17:12:13.480045+08:00","Action":"run","Package":"github.com/TokenFlux/TokenRouter/internal/server/routes","Test":"TestGatewayRoutesOpenAICompatibleCountTokensPathIsRegistered"}
{"Time":"2026-09-17T17:12:13.480048+08:00","Action":"output","Package":"github.com/TokenFlux/TokenRouter/internal/server/routes","Test":"TestGatewayRoutesOpenAICompatibleCountTokensPathIsRegistered","Output":"=== RUN   TestGatewayRoutesOpenAICompatibleCountTokensPathIsRegistered\n","OutputType":"frame"}
{"Time":"2026-09-17T17:12:13.480052+08:00","Action":"run","Package":"github.com/TokenFlux/TokenRouter/internal/server/routes","Test":"TestGatewayRoutesOpenAICompatibleCountTokensPathIsRegistered/openai"}
{"Time":"2026-09-17T17:12:13.480055+08:00","Action":"output","Package":"github.com/TokenFlux/TokenRouter/internal/server/routes","Test":"TestGatewayRoutesOpenAICompatibleCountTokensPathIsRegistered/openai","Output":"=== RUN   TestGatewayRoutesOpenAICompatibleCountTokensPathIsRegistered/openai\n","OutputType":"frame"}
{"Time":"2026-09-17T17:12:13.480128+08:00","Action":"output","Package":"github.com/TokenFlux/TokenRouter/internal/server/routes","Test":"TestGatewayRoutesOpenAICompatibleCountTokensPathIsRegistered/openai","Output":"--- PASS: TestGatewayRoutesOpenAICompatibleCountTokensPathIsRegistered/openai (0.00s)\n","OutputType":"frame"}
{"Time":"2026-09-17T17:12:13.480133+08:00","Action":"pass","Package":"github.com/TokenFlux/TokenRouter/internal/server/routes","Test":"TestGatewayRoutesOpenAICompatibleCountTokensPathIsRegistered/openai","Elapsed":0}
{"Time":"2026-09-17T17:12:13.480137+08:00","Action":"run","Package":"github.com/TokenFlux/TokenRouter/internal/server/routes","Test":"TestGatewayRoutesOpenAICompatibleCountTokensPathIsRegistered/kimi"}
{"Time":"2026-09-17T17:12:13.48014+08:00","Action":"output","Package":"github.com/TokenFlux/TokenRouter/internal/server/routes","Test":"TestGatewayRoutesOpenAICompatibleCountTokensPathIsRegistered/kimi","Output":"=== RUN   TestGatewayRoutesOpenAICompatibleCountTokensPathIsRegistered/kimi\n","OutputType":"frame"}
{"Time":"2026-09-17T17:12:13.480177+08:00","Action":"output","Package":"github.com/TokenFlux/TokenRouter/internal/server/routes","Test":"TestGatewayRoutesOpenAICompatibleCountTokensPathIsRegistered/kimi","Output":"--- PASS: TestGatewayRoutesOpenAICompatibleCountTokensPathIsRegistered/kimi (0.00s)\n","OutputType":"frame"}
{"Time":"2026-09-17T17:12:13.480181+08:00","Action":"pass","Package":"github.com/TokenFlux/TokenRouter/internal/server/routes","Test":"TestGatewayRoutesOpenAICompatibleCountTokensPathIsRegistered/kimi","Elapsed":0}
{"Time":"2026-09-17T17:12:13.480183+08:00","Action":"run","Package":"github.com/TokenFlux/TokenRouter/internal/server/routes","Test":"TestGatewayRoutesOpenAICompatibleCountTokensPathIsRegistered/zhipu"}
{"Time":"2026-09-17T17:12:13.480185+08:00","Action":"output","Package":"github.com/TokenFlux/TokenRouter/internal/server/routes","Test":"TestGatewayRoutesOpenAICompatibleCountTokensPathIsRegistered/zhipu","Output":"=== RUN   TestGatewayRoutesOpenAICompatibleCountTokensPathIsRegistered/zhipu\n","OutputType":"frame"}
{"Time":"2026-09-17T17:12:13.480213+08:00","Action":"output","Package":"github.com/TokenFlux/TokenRouter/internal/server/routes","Test":"TestGatewayRoutesOpenAICompatibleCountTokensPathIsRegistered/zhipu","Output":"--- PASS: TestGatewayRoutesOpenAICompatibleCountTokensPathIsRegistered/zhipu (0.00s)\n","OutputType":"frame"}
{"Time":"2026-09-17T17:12:13.480217+08:00","Action":"pass","Package":"github.com/TokenFlux/TokenRouter/internal/server/routes","Test":"TestGatewayRoutesOpenAICompatibleCountTokensPathIsRegistered/zhipu","Elapsed":0}
{"Time":"2026-09-17T17:12:13.480219+08:00","Action":"run","Package":"github.com/TokenFlux/TokenRouter/internal/server/routes","Test":"TestGatewayRoutesOpenAICompatibleCountTokensPathIsRegistered/deepseek"}
{"Time":"2026-09-17T17:12:13.480222+08:00","Action":"output","Package":"github.com/TokenFlux/TokenRouter/internal/server/routes","Test":"TestGatewayRoutesOpenAICompatibleCountTokensPathIsRegistered/deepseek","Output":"=== RUN   TestGatewayRoutesOpenAICompatibleCountTokensPathIsRegistered/deepseek\n","OutputType":"frame"}
{"Time":"2026-09-17T17:12:13.480256+08:00","Action":"output","Package":"github.com/TokenFlux/TokenRouter/internal/server/routes","Test":"TestGatewayRoutesOpenAICompatibleCountTokensPathIsRegistered/deepseek","Output":"--- PASS: TestGatewayRoutesOpenAICompatibleCountTokensPathIsRegistered/deepseek (0.00s)\n","OutputType":"frame"}
{"Time":"2026-09-17T17:12:13.480262+08:00","Action":"pass","Package":"github.com/TokenFlux/TokenRouter/internal/server/routes","Test":"TestGatewayRoutesOpenAICompatibleCountTokensPathIsRegistered/deepseek","Elapsed":0}
{"Time":"2026-09-17T17:12:13.480267+08:00","Action":"output","Package":"github.com/TokenFlux/TokenRouter/internal/server/routes","Test":"TestGatewayRoutesOpenAICompatibleCountTokensPathIsRegistered","Output":"--- PASS: TestGatewayRoutesOpenAICompatibleCountTokensPathIsRegistered (0.00s)\n","OutputType":"frame"}
{"Time":"2026-09-17T17:12:13.480271+08:00","Action":"pass","Package":"github.com/TokenFlux/TokenRouter/internal/server/routes","Test":"TestGatewayRoutesOpenAICompatibleCountTokensPathIsRegistered","Elapsed":0}
{"Time":"2026-09-17T17:12:13.480274+08:00","Action":"run","Package":"github.com/TokenFlux/TokenRouter/internal/server/routes","Test":"TestOpsAdminRoutesRequireAdminAuthentication"}
{"Time":"2026-09-17T17:12:13.480276+08:00","Action":"output","Package":"github.com/TokenFlux/TokenRouter/internal/server/routes","Test":"TestOpsAdminRoutesRequireAdminAuthentication","Output":"=== RUN   TestOpsAdminRoutesRequireAdminAuthentication\n","OutputType":"frame"}
{"Time":"2026-09-17T17:12:13.480404+08:00","Action":"run","Package":"github.com/TokenFlux/TokenRouter/internal/server/routes","Test":"TestOpsAdminRoutesRequireAdminAuthentication//api/v1/admin/ops/ingress-rejections/unauthenticated"}
{"Time":"2026-09-17T17:12:13.480409+08:00","Action":"output","Package":"github.com/TokenFlux/TokenRouter/internal/server/routes","Test":"TestOpsAdminRoutesRequireAdminAuthentication//api/v1/admin/ops/ingress-rejections/unauthenticated","Output":"=== RUN   TestOpsAdminRoutesRequireAdminAuthentication//api/v1/admin/ops/ingress-rejections/unauthenticated\n","OutputType":"frame"}
{"Time":"2026-09-17T17:12:13.480464+08:00","Action":"output","Package":"github.com/TokenFlux/TokenRouter/internal/server/routes","Test":"TestOpsAdminRoutesRequireAdminAuthentication//api/v1/admin/ops/ingress-rejections/unauthenticated","Output":"--- PASS: TestOpsAdminRoutesRequireAdminAuthentication//api/v1/admin/ops/ingress-rejections/unauthenticated (0.00s)\n","OutputType":"frame"}
{"Time":"2026-09-17T17:12:13.480475+08:00","Action":"pass","Package":"github.com/TokenFlux/TokenRouter/internal/server/routes","Test":"TestOpsAdminRoutesRequireAdminAuthentication//api/v1/admin/ops/ingress-rejections/unauthenticated","Elapsed":0}
{"Time":"2026-09-17T17:12:13.48048+08:00","Action":"run","Package":"github.com/TokenFlux/TokenRouter/internal/server/routes","Test":"TestOpsAdminRoutesRequireAdminAuthentication//api/v1/admin/ops/ingress-rejections/non-admin"}
{"Time":"2026-09-17T17:12:13.480483+08:00","Action":"output","Package":"github.com/TokenFlux/TokenRouter/internal/server/routes","Test":"TestOpsAdminRoutesRequireAdminAuthentication//api/v1/admin/ops/ingress-rejections/non-admin","Output":"=== RUN   TestOpsAdminRoutesRequireAdminAuthentication//api/v1/admin/ops/ingress-rejections/non-admin\n","OutputType":"frame"}
{"Time":"2026-09-17T17:12:13.480499+08:00","Action":"output","Package":"github.com/TokenFlux/TokenRouter/internal/server/routes","Test":"TestOpsAdminRoutesRequireAdminAuthentication//api/v1/admin/ops/ingress-rejections/non-admin","Output":"--- PASS: TestOpsAdminRoutesRequireAdminAuthentication//api/v1/admin/ops/ingress-rejections/non-admin (0.00s)\n","OutputType":"frame"}
{"Time":"2026-09-17T17:12:13.480503+08:00","Action":"pass","Package":"github.com/TokenFlux/TokenRouter/internal/server/routes","Test":"TestOpsAdminRoutesRequireAdminAuthentication//api/v1/admin/ops/ingress-rejections/non-admin","Elapsed":0}
{"Time":"2026-09-17T17:12:13.480506+08:00","Action":"run","Package":"github.com/TokenFlux/TokenRouter/internal/server/routes","Test":"TestOpsAdminRoutesRequireAdminAuthentication//api/v1/admin/ops/ingress-rejections/health/unauthenticated"}
{"Time":"2026-09-17T17:12:13.480508+08:00","Action":"output","Package":"github.com/TokenFlux/TokenRouter/internal/server/routes","Test":"TestOpsAdminRoutesRequireAdminAuthentication//api/v1/admin/ops/ingress-rejections/health/unauthenticated","Output":"=== RUN   TestOpsAdminRoutesRequireAdminAuthentication//api/v1/admin/ops/ingress-rejections/health/unauthenticated\n","OutputType":"frame"}
{"Time":"2026-09-17T17:12:13.480512+08:00","Action":"output","Package":"github.com/TokenFlux/TokenRouter/internal/server/routes","Test":"TestOpsAdminRoutesRequireAdminAuthentication//api/v1/admin/ops/ingress-rejections/health/unauthenticated","Output":"--- PASS: TestOpsAdminRoutesRequireAdminAuthentication//api/v1/admin/ops/ingress-rejections/health/unauthenticated (0.00s)\n","OutputType":"frame"}
{"Time":"2026-09-17T17:12:13.480514+08:00","Action":"pass","Package":"github.com/TokenFlux/TokenRouter/internal/server/routes","Test":"TestOpsAdminRoutesRequireAdminAuthentication//api/v1/admin/ops/ingress-rejections/health/unauthenticated","Elapsed":0}
{"Time":"2026-09-17T17:12:13.480517+08:00","Action":"run","Package":"github.com/TokenFlux/TokenRouter/internal/server/routes","Test":"TestOpsAdminRoutesRequireAdminAuthentication//api/v1/admin/ops/ingress-rejections/health/non-admin"}
{"Time":"2026-09-17T17:12:13.480521+08:00","Action":"output","Package":"github.com/TokenFlux/TokenRouter/internal/server/routes","Test":"TestOpsAdminRoutesRequireAdminAuthentication//api/v1/admin/ops/ingress-rejections/health/non-admin","Output":"=== RUN   TestOpsAdminRoutesRequireAdminAuthentication//api/v1/admin/ops/ingress-rejections/health/non-admin\n","OutputType":"frame"}
{"Time":"2026-09-17T17:12:13.480524+08:00","Action":"output","Package":"github.com/TokenFlux/TokenRouter/internal/server/routes","Test":"TestOpsAdminRoutesRequireAdminAuthentication//api/v1/admin/ops/ingress-rejections/health/non-admin","Output":"--- PASS: TestOpsAdminRoutesRequireAdminAuthentication//api/v1/admin/ops/ingress-rejections/health/non-admin (0.00s)\n","OutputType":"frame"}
{"Time":"2026-09-17T17:12:13.480527+08:00","Action":"pass","Package":"github.com/TokenFlux/TokenRouter/internal/server/routes","Test":"TestOpsAdminRoutesRequireAdminAuthentication//api/v1/admin/ops/ingress-rejections/health/non-admin","Elapsed":0}
{"Time":"2026-09-17T17:12:13.480529+08:00","Action":"run","Package":"github.com/TokenFlux/TokenRouter/internal/server/routes","Test":"TestOpsAdminRoutesRequireAdminAuthentication//api/v1/admin/ops/dashboard/token-stats/unauthenticated"}
{"Time":"2026-09-17T17:12:13.480531+08:00","Action":"output","Package":"github.com/TokenFlux/TokenRouter/internal/server/routes","Test":"TestOpsAdminRoutesRequireAdminAuthentication//api/v1/admin/ops/dashboard/token-stats/unauthenticated","Output":"=== RUN   TestOpsAdminRoutesRequireAdminAuthentication//api/v1/admin/ops/dashboard/token-stats/unauthenticated\n","OutputType":"frame"}
{"Time":"2026-09-17T17:12:13.480534+08:00","Action":"output","Package":"github.com/TokenFlux/TokenRouter/internal/server/routes","Test":"TestOpsAdminRoutesRequireAdminAuthentication//api/v1/admin/ops/dashboard/token-stats/unauthenticated","Output":"--- PASS: TestOpsAdminRoutesRequireAdminAuthentication//api/v1/admin/ops/dashboard/token-stats/unauthenticated (0.00s)\n","OutputType":"frame"}
{"Time":"2026-09-17T17:12:13.480536+08:00","Action":"pass","Package":"github.com/TokenFlux/TokenRouter/internal/server/routes","Test":"TestOpsAdminRoutesRequireAdminAuthentication//api/v1/admin/ops/dashboard/token-stats/unauthenticated","Elapsed":0}
{"Time":"2026-09-17T17:12:13.480537+08:00","Action":"run","Package":"github.com/TokenFlux/TokenRouter/internal/server/routes","Test":"TestOpsAdminRoutesRequireAdminAuthentication//api/v1/admin/ops/dashboard/token-stats/non-admin"}
{"Time":"2026-09-17T17:12:13.480539+08:00","Action":"output","Package":"github.com/TokenFlux/TokenRouter/internal/server/routes","Test":"TestOpsAdminRoutesRequireAdminAuthentication//api/v1/admin/ops/dashboard/token-stats/non-admin","Output":"=== RUN   TestOpsAdminRoutesRequireAdminAuthentication//api/v1/admin/ops/dashboard/token-stats/non-admin\n","OutputType":"frame"}
{"Time":"2026-09-17T17:12:13.480684+08:00","Action":"output","Package":"github.com/TokenFlux/TokenRouter/internal/server/routes","Test":"TestOpsAdminRoutesRequireAdminAuthentication//api/v1/admin/ops/dashboard/token-stats/non-admin","Output":"--- PASS: TestOpsAdminRoutesRequireAdminAuthentication//api/v1/admin/ops/dashboard/token-stats/non-admin (0.00s)\n","OutputType":"frame"}
{"Time":"2026-09-17T17:12:13.480688+08:00","Action":"pass","Package":"github.com/TokenFlux/TokenRouter/internal/server/routes","Test":"TestOpsAdminRoutesRequireAdminAuthentication//api/v1/admin/ops/dashboard/token-stats/non-admin","Elapsed":0}
{"Time":"2026-09-17T17:12:13.480691+08:00","Action":"run","Package":"github.com/TokenFlux/TokenRouter/internal/server/routes","Test":"TestOpsAdminRoutesRequireAdminAuthentication//api/v1/admin/ops/dashboard/openai-token-stats/unauthenticated"}
{"Time":"2026-09-17T17:12:13.480693+08:00","Action":"output","Package":"github.com/TokenFlux/TokenRouter/internal/server/routes","Test":"TestOpsAdminRoutesRequireAdminAuthentication//api/v1/admin/ops/dashboard/openai-token-stats/unauthenticated","Output":"=== RUN   TestOpsAdminRoutesRequireAdminAuthentication//api/v1/admin/ops/dashboard/openai-token-stats/unauthenticated\n","OutputType":"frame"}
{"Time":"2026-09-17T17:12:13.480696+08:00","Action":"output","Package":"github.com/TokenFlux/TokenRouter/internal/server/routes","Test":"TestOpsAdminRoutesRequireAdminAuthentication//api/v1/admin/ops/dashboard/openai-token-stats/unauthenticated","Output":"--- PASS: TestOpsAdminRoutesRequireAdminAuthentication//api/v1/admin/ops/dashboard/openai-token-stats/unauthenticated (0.00s)\n","OutputType":"frame"}
{"Time":"2026-09-17T17:12:13.480703+08:00","Action":"pass","Package":"github.com/TokenFlux/TokenRouter/internal/server/routes","Test":"TestOpsAdminRoutesRequireAdminAuthentication//api/v1/admin/ops/dashboard/openai-token-stats/unauthenticated","Elapsed":0}
{"Time":"2026-09-17T17:12:13.480706+08:00","Action":"run","Package":"github.com/TokenFlux/TokenRouter/internal/server/routes","Test":"TestOpsAdminRoutesRequireAdminAuthentication//api/v1/admin/ops/dashboard/openai-token-stats/non-admin"}
{"Time":"2026-09-17T17:12:13.480708+08:00","Action":"output","Package":"github.com/TokenFlux/TokenRouter/internal/server/routes","Test":"TestOpsAdminRoutesRequireAdminAuthentication//api/v1/admin/ops/dashboard/openai-token-stats/non-admin","Output":"=== RUN   TestOpsAdminRoutesRequireAdminAuthentication//api/v1/admin/ops/dashboard/openai-token-stats/non-admin\n","OutputType":"frame"}
{"Time":"2026-09-17T17:12:13.48071+08:00","Action":"output","Package":"github.com/TokenFlux/TokenRouter/internal/server/routes","Test":"TestOpsAdminRoutesRequireAdminAuthentication//api/v1/admin/ops/dashboard/openai-token-stats/non-admin","Output":"--- PASS: TestOpsAdminRoutesRequireAdminAuthentication//api/v1/admin/ops/dashboard/openai-token-stats/non-admin (0.00s)\n","OutputType":"frame"}
{"Time":"2026-09-17T17:12:13.480712+08:00","Action":"pass","Package":"github.com/TokenFlux/TokenRouter/internal/server/routes","Test":"TestOpsAdminRoutesRequireAdminAuthentication//api/v1/admin/ops/dashboard/openai-token-stats/non-admin","Elapsed":0}
{"Time":"2026-09-17T17:12:13.480714+08:00","Action":"output","Package":"github.com/TokenFlux/TokenRouter/internal/server/routes","Test":"TestOpsAdminRoutesRequireAdminAuthentication","Output":"--- PASS: TestOpsAdminRoutesRequireAdminAuthentication (0.00s)\n","OutputType":"frame"}
{"Time":"2026-09-17T17:12:13.480716+08:00","Action":"pass","Package":"github.com/TokenFlux/TokenRouter/internal/server/routes","Test":"TestOpsAdminRoutesRequireAdminAuthentication","Elapsed":0}
{"Time":"2026-09-17T17:12:13.480722+08:00","Action":"run","Package":"github.com/TokenFlux/TokenRouter/internal/server/routes","Test":"TestPaymentRoutesDoNotExposeAIChannels"}
{"Time":"2026-09-17T17:12:13.480725+08:00","Action":"output","Package":"github.com/TokenFlux/TokenRouter/internal/server/routes","Test":"TestPaymentRoutesDoNotExposeAIChannels","Output":"=== RUN   TestPaymentRoutesDoNotExposeAIChannels\n","OutputType":"frame"}
{"Time":"2026-09-17T17:12:13.480731+08:00","Action":"output","Package":"github.com/TokenFlux/TokenRouter/internal/server/routes","Test":"TestPaymentRoutesDoNotExposeAIChannels","Output":"--- PASS: TestPaymentRoutesDoNotExposeAIChannels (0.00s)\n","OutputType":"frame"}
{"Time":"2026-09-17T17:12:13.480735+08:00","Action":"pass","Package":"github.com/TokenFlux/TokenRouter/internal/server/routes","Test":"TestPaymentRoutesDoNotExposeAIChannels","Elapsed":0}
{"Time":"2026-09-17T17:12:13.480737+08:00","Action":"run","Package":"github.com/TokenFlux/TokenRouter/internal/server/routes","Test":"TestProtocolAllPublicRoutesDeniedBeforeUpstream"}
{"Time":"2026-09-17T17:12:13.480739+08:00","Action":"output","Package":"github.com/TokenFlux/TokenRouter/internal/server/routes","Test":"TestProtocolAllPublicRoutesDeniedBeforeUpstream","Output":"=== RUN   TestProtocolAllPublicRoutesDeniedBeforeUpstream\n","OutputType":"frame"}
{"Time":"2026-09-17T17:12:13.480741+08:00","Action":"run","Package":"github.com/TokenFlux/TokenRouter/internal/server/routes","Test":"TestProtocolAllPublicRoutesDeniedBeforeUpstream/POST/v1/messages"}
{"Time":"2026-09-17T17:12:13.480743+08:00","Action":"output","Package":"github.com/TokenFlux/TokenRouter/internal/server/routes","Test":"TestProtocolAllPublicRoutesDeniedBeforeUpstream/POST/v1/messages","Output":"=== RUN   TestProtocolAllPublicRoutesDeniedBeforeUpstream/POST/v1/messages\n","OutputType":"frame"}
{"Time":"2026-09-17T17:12:13.480803+08:00","Action":"output","Package":"github.com/TokenFlux/TokenRouter/internal/server/routes","Test":"TestProtocolAllPublicRoutesDeniedBeforeUpstream/POST/v1/messages","Output":"--- PASS: TestProtocolAllPublicRoutesDeniedBeforeUpstream/POST/v1/messages (0.00s)\n","OutputType":"frame"}
{"Time":"2026-09-17T17:12:13.480818+08:00","Action":"pass","Package":"github.com/TokenFlux/TokenRouter/internal/server/routes","Test":"TestProtocolAllPublicRoutesDeniedBeforeUpstream/POST/v1/messages","Elapsed":0}
{"Time":"2026-09-17T17:12:13.480823+08:00","Action":"run","Package":"github.com/TokenFlux/TokenRouter/internal/server/routes","Test":"TestProtocolAllPublicRoutesDeniedBeforeUpstream/POST/v1/responses"}
{"Time":"2026-09-17T17:12:13.480826+08:00","Action":"output","Package":"github.com/TokenFlux/TokenRouter/internal/server/routes","Test":"TestProtocolAllPublicRoutesDeniedBeforeUpstream/POST/v1/responses","Output":"=== RUN   TestProtocolAllPublicRoutesDeniedBeforeUpstream/POST/v1/responses\n","OutputType":"frame"}
{"Time":"2026-09-17T17:12:13.480846+08:00","Action":"output","Package":"github.com/TokenFlux/TokenRouter/internal/server/routes","Test":"TestProtocolAllPublicRoutesDeniedBeforeUpstream/POST/v1/responses","Output":"--- PASS: TestProtocolAllPublicRoutesDeniedBeforeUpstream/POST/v1/responses (0.00s)\n","OutputType":"frame"}
{"Time":"2026-09-17T17:12:13.480851+08:00","Action":"pass","Package":"github.com/TokenFlux/TokenRouter/internal/server/routes","Test":"TestProtocolAllPublicRoutesDeniedBeforeUpstream/POST/v1/responses","Elapsed":0}
{"Time":"2026-09-17T17:12:13.480854+08:00","Action":"run","Package":"github.com/TokenFlux/TokenRouter/internal/server/routes","Test":"TestProtocolAllPublicRoutesDeniedBeforeUpstream/POST/responses"}
{"Time":"2026-09-17T17:12:13.480857+08:00","Action":"output","Package":"github.com/TokenFlux/TokenRouter/internal/server/routes","Test":"TestProtocolAllPublicRoutesDeniedBeforeUpstream/POST/responses","Output":"=== RUN   TestProtocolAllPublicRoutesDeniedBeforeUpstream/POST/responses\n","OutputType":"frame"}
{"Time":"2026-09-17T17:12:13.480889+08:00","Action":"output","Package":"github.com/TokenFlux/TokenRouter/internal/server/routes","Test":"TestProtocolAllPublicRoutesDeniedBeforeUpstream/POST/responses","Output":"--- PASS: TestProtocolAllPublicRoutesDeniedBeforeUpstream/POST/responses (0.00s)\n","OutputType":"frame"}
{"Time":"2026-09-17T17:12:13.480894+08:00","Action":"pass","Package":"github.com/TokenFlux/TokenRouter/internal/server/routes","Test":"TestProtocolAllPublicRoutesDeniedBeforeUpstream/POST/responses","Elapsed":0}
{"Time":"2026-09-17T17:12:13.480898+08:00","Action":"run","Package":"github.com/TokenFlux/TokenRouter/internal/server/routes","Test":"TestProtocolAllPublicRoutesDeniedBeforeUpstream/POST/backend-api/codex/responses"}
{"Time":"2026-09-17T17:12:13.4809+08:00","Action":"output","Package":"github.com/TokenFlux/TokenRouter/internal/server/routes","Test":"TestProtocolAllPublicRoutesDeniedBeforeUpstream/POST/backend-api/codex/responses","Output":"=== RUN   TestProtocolAllPublicRoutesDeniedBeforeUpstream/POST/backend-api/codex/responses\n","OutputType":"frame"}
{"Time":"2026-09-17T17:12:13.480932+08:00","Action":"output","Package":"github.com/TokenFlux/TokenRouter/internal/server/routes","Test":"TestProtocolAllPublicRoutesDeniedBeforeUpstream/POST/backend-api/codex/responses","Output":"--- PASS: TestProtocolAllPublicRoutesDeniedBeforeUpstream/POST/backend-api/codex/responses (0.00s)\n","OutputType":"frame"}
{"Time":"2026-09-17T17:12:13.480937+08:00","Action":"pass","Package":"github.com/TokenFlux/TokenRouter/internal/server/routes","Test":"TestProtocolAllPublicRoutesDeniedBeforeUpstream/POST/backend-api/codex/responses","Elapsed":0}
{"Time":"2026-09-17T17:12:13.480945+08:00","Action":"run","Package":"github.com/TokenFlux/TokenRouter/internal/server/routes","Test":"TestProtocolAllPublicRoutesDeniedBeforeUpstream/POST/v1/chat/completions"}
{"Time":"2026-09-17T17:12:13.480948+08:00","Action":"output","Package":"github.com/TokenFlux/TokenRouter/internal/server/routes","Test":"TestProtocolAllPublicRoutesDeniedBeforeUpstream/POST/v1/chat/completions","Output":"=== RUN   TestProtocolAllPublicRoutesDeniedBeforeUpstream/POST/v1/chat/completions\n","OutputType":"frame"}
{"Time":"2026-09-17T17:12:13.480981+08:00","Action":"output","Package":"github.com/TokenFlux/TokenRouter/internal/server/routes","Test":"TestProtocolAllPublicRoutesDeniedBeforeUpstream/POST/v1/chat/completions","Output":"--- PASS: TestProtocolAllPublicRoutesDeniedBeforeUpstream/POST/v1/chat/completions (0.00s)\n","OutputType":"frame"}
{"Time":"2026-09-17T17:12:13.480987+08:00","Action":"pass","Package":"github.com/TokenFlux/TokenRouter/internal/server/routes","Test":"TestProtocolAllPublicRoutesDeniedBeforeUpstream/POST/v1/chat/completions","Elapsed":0}
{"Time":"2026-09-17T17:12:13.480991+08:00","Action":"run","Package":"github.com/TokenFlux/TokenRouter/internal/server/routes","Test":"TestProtocolAllPublicRoutesDeniedBeforeUpstream/POST/chat/completions"}
{"Time":"2026-09-17T17:12:13.480995+08:00","Action":"output","Package":"github.com/TokenFlux/TokenRouter/internal/server/routes","Test":"TestProtocolAllPublicRoutesDeniedBeforeUpstream/POST/chat/completions","Output":"=== RUN   TestProtocolAllPublicRoutesDeniedBeforeUpstream/POST/chat/completions\n","OutputType":"frame"}
{"Time":"2026-09-17T17:12:13.481024+08:00","Action":"output","Package":"github.com/TokenFlux/TokenRouter/internal/server/routes","Test":"TestProtocolAllPublicRoutesDeniedBeforeUpstream/POST/chat/completions","Output":"--- PASS: TestProtocolAllPublicRoutesDeniedBeforeUpstream/POST/chat/completions (0.00s)\n","OutputType":"frame"}
{"Time":"2026-09-17T17:12:13.481029+08:00","Action":"pass","Package":"github.com/TokenFlux/TokenRouter/internal/server/routes","Test":"TestProtocolAllPublicRoutesDeniedBeforeUpstream/POST/chat/completions","Elapsed":0}
{"Time":"2026-09-17T17:12:13.481036+08:00","Action":"run","Package":"github.com/TokenFlux/TokenRouter/internal/server/routes","Test":"TestProtocolAllPublicRoutesDeniedBeforeUpstream/POST/v1beta/models/gemini:generateContent"}
{"Time":"2026-09-17T17:12:13.48104+08:00","Action":"output","Package":"github.com/TokenFlux/TokenRouter/internal/server/routes","Test":"TestProtocolAllPublicRoutesDeniedBeforeUpstream/POST/v1beta/models/gemini:generateContent","Output":"=== RUN   TestProtocolAllPublicRoutesDeniedBeforeUpstream/POST/v1beta/models/gemini:generateContent\n","OutputType":"frame"}
{"Time":"2026-09-17T17:12:13.481059+08:00","Action":"output","Package":"github.com/TokenFlux/TokenRouter/internal/server/routes","Test":"TestProtocolAllPublicRoutesDeniedBeforeUpstream/POST/v1beta/models/gemini:generateContent","Output":"--- PASS: TestProtocolAllPublicRoutesDeniedBeforeUpstream/POST/v1beta/models/gemini:generateContent (0.00s)\n","OutputType":"frame"}
{"Time":"2026-09-17T17:12:13.481076+08:00","Action":"pass","Package":"github.com/TokenFlux/TokenRouter/internal/server/routes","Test":"TestProtocolAllPublicRoutesDeniedBeforeUpstream/POST/v1beta/models/gemini:generateContent","Elapsed":0}
{"Time":"2026-09-17T17:12:13.481079+08:00","Action":"run","Package":"github.com/TokenFlux/TokenRouter/internal/server/routes","Test":"TestProtocolAllPublicRoutesDeniedBeforeUpstream/POST/v1beta/models/gemini:streamGenerateContent"}
{"Time":"2026-09-17T17:12:13.481081+08:00","Action":"output","Package":"github.com/TokenFlux/TokenRouter/internal/server/routes","Test":"TestProtocolAllPublicRoutesDeniedBeforeUpstream/POST/v1beta/models/gemini:streamGenerateContent","Output":"=== RUN   TestProtocolAllPublicRoutesDeniedBeforeUpstream/POST/v1beta/models/gemini:streamGenerateContent\n","OutputType":"frame"}
{"Time":"2026-09-17T17:12:13.481098+08:00","Action":"output","Package":"github.com/TokenFlux/TokenRouter/internal/server/routes","Test":"TestProtocolAllPublicRoutesDeniedBeforeUpstream/POST/v1beta/models/gemini:streamGenerateContent","Output":"--- PASS: TestProtocolAllPublicRoutesDeniedBeforeUpstream/POST/v1beta/models/gemini:streamGenerateContent (0.00s)\n","OutputType":"frame"}
{"Time":"2026-09-17T17:12:13.481104+08:00","Action":"pass","Package":"github.com/TokenFlux/TokenRouter/internal/server/routes","Test":"TestProtocolAllPublicRoutesDeniedBeforeUpstream/POST/v1beta/models/gemini:streamGenerateContent","Elapsed":0}
{"Time":"2026-09-17T17:12:13.481107+08:00","Action":"run","Package":"github.com/TokenFlux/TokenRouter/internal/server/routes","Test":"TestProtocolAllPublicRoutesDeniedBeforeUpstream/POST/v1/embeddings"}
{"Time":"2026-09-17T17:12:13.481109+08:00","Action":"output","Package":"github.com/TokenFlux/TokenRouter/internal/server/routes","Test":"TestProtocolAllPublicRoutesDeniedBeforeUpstream/POST/v1/embeddings","Output":"=== RUN   TestProtocolAllPublicRoutesDeniedBeforeUpstream/POST/v1/embeddings\n","OutputType":"frame"}
{"Time":"2026-09-17T17:12:13.481141+08:00","Action":"output","Package":"github.com/TokenFlux/TokenRouter/internal/server/routes","Test":"TestProtocolAllPublicRoutesDeniedBeforeUpstream/POST/v1/embeddings","Output":"--- PASS: TestProtocolAllPublicRoutesDeniedBeforeUpstream/POST/v1/embeddings (0.00s)\n","OutputType":"frame"}
{"Time":"2026-09-17T17:12:13.481146+08:00","Action":"pass","Package":"github.com/TokenFlux/TokenRouter/internal/server/routes","Test":"TestProtocolAllPublicRoutesDeniedBeforeUpstream/POST/v1/embeddings","Elapsed":0}
{"Time":"2026-09-17T17:12:13.481148+08:00","Action":"run","Package":"github.com/TokenFlux/TokenRouter/internal/server/routes","Test":"TestProtocolAllPublicRoutesDeniedBeforeUpstream/POST/embeddings"}
{"Time":"2026-09-17T17:12:13.481149+08:00","Action":"output","Package":"github.com/TokenFlux/TokenRouter/internal/server/routes","Test":"TestProtocolAllPublicRoutesDeniedBeforeUpstream/POST/embeddings","Output":"=== RUN   TestProtocolAllPublicRoutesDeniedBeforeUpstream/POST/embeddings\n","OutputType":"frame"}
{"Time":"2026-09-17T17:12:13.481188+08:00","Action":"output","Package":"github.com/TokenFlux/TokenRouter/internal/server/routes","Test":"TestProtocolAllPublicRoutesDeniedBeforeUpstream/POST/embeddings","Output":"--- PASS: TestProtocolAllPublicRoutesDeniedBeforeUpstream/POST/embeddings (0.00s)\n","OutputType":"frame"}
{"Time":"2026-09-17T17:12:13.481195+08:00","Action":"pass","Package":"github.com/TokenFlux/TokenRouter/internal/server/routes","Test":"TestProtocolAllPublicRoutesDeniedBeforeUpstream/POST/embeddings","Elapsed":0}
{"Time":"2026-09-17T17:12:13.481199+08:00","Action":"run","Package":"github.com/TokenFlux/TokenRouter/internal/server/routes","Test":"TestProtocolAllPublicRoutesDeniedBeforeUpstream/POST/v1/images/generations"}
{"Time":"2026-09-17T17:12:13.481203+08:00","Action":"output","Package":"github.com/TokenFlux/TokenRouter/internal/server/routes","Test":"TestProtocolAllPublicRoutesDeniedBeforeUpstream/POST/v1/images/generations","Output":"=== RUN   TestProtocolAllPublicRoutesDeniedBeforeUpstream/POST/v1/images/generations\n","OutputType":"frame"}
{"Time":"2026-09-17T17:12:13.481223+08:00","Action":"output","Package":"github.com/TokenFlux/TokenRouter/internal/server/routes","Test":"TestProtocolAllPublicRoutesDeniedBeforeUpstream/POST/v1/images/generations","Output":"--- PASS: TestProtocolAllPublicRoutesDeniedBeforeUpstream/POST/v1/images/generations (0.00s)\n","OutputType":"frame"}
{"Time":"2026-09-17T17:12:13.481236+08:00","Action":"pass","Package":"github.com/TokenFlux/TokenRouter/internal/server/routes","Test":"TestProtocolAllPublicRoutesDeniedBeforeUpstream/POST/v1/images/generations","Elapsed":0}
{"Time":"2026-09-17T17:12:13.48124+08:00","Action":"run","Package":"github.com/TokenFlux/TokenRouter/internal/server/routes","Test":"TestProtocolAllPublicRoutesDeniedBeforeUpstream/POST/images/generations"}
{"Time":"2026-09-17T17:12:13.481243+08:00","Action":"output","Package":"github.com/TokenFlux/TokenRouter/internal/server/routes","Test":"TestProtocolAllPublicRoutesDeniedBeforeUpstream/POST/images/generations","Output":"=== RUN   TestProtocolAllPublicRoutesDeniedBeforeUpstream/POST/images/generations\n","OutputType":"frame"}
{"Time":"2026-09-17T17:12:13.481265+08:00","Action":"output","Package":"github.com/TokenFlux/TokenRouter/internal/server/routes","Test":"TestProtocolAllPublicRoutesDeniedBeforeUpstream/POST/images/generations","Output":"--- PASS: TestProtocolAllPublicRoutesDeniedBeforeUpstream/POST/images/generations (0.00s)\n","OutputType":"frame"}
{"Time":"2026-09-17T17:12:13.481269+08:00","Action":"pass","Package":"github.com/TokenFlux/TokenRouter/internal/server/routes","Test":"TestProtocolAllPublicRoutesDeniedBeforeUpstream/POST/images/generations","Elapsed":0}
{"Time":"2026-09-17T17:12:13.481273+08:00","Action":"run","Package":"github.com/TokenFlux/TokenRouter/internal/server/routes","Test":"TestProtocolAllPublicRoutesDeniedBeforeUpstream/POST/v1/images/edits"}
{"Time":"2026-09-17T17:12:13.481276+08:00","Action":"output","Package":"github.com/TokenFlux/TokenRouter/internal/server/routes","Test":"TestProtocolAllPublicRoutesDeniedBeforeUpstream/POST/v1/images/edits","Output":"=== RUN   TestProtocolAllPublicRoutesDeniedBeforeUpstream/POST/v1/images/edits\n","OutputType":"frame"}
{"Time":"2026-09-17T17:12:13.481303+08:00","Action":"output","Package":"github.com/TokenFlux/TokenRouter/internal/server/routes","Test":"TestProtocolAllPublicRoutesDeniedBeforeUpstream/POST/v1/images/edits","Output":"--- PASS: TestProtocolAllPublicRoutesDeniedBeforeUpstream/POST/v1/images/edits (0.00s)\n","OutputType":"frame"}
{"Time":"2026-09-17T17:12:13.481306+08:00","Action":"pass","Package":"github.com/TokenFlux/TokenRouter/internal/server/routes","Test":"TestProtocolAllPublicRoutesDeniedBeforeUpstream/POST/v1/images/edits","Elapsed":0}
{"Time":"2026-09-17T17:12:13.481308+08:00","Action":"run","Package":"github.com/TokenFlux/TokenRouter/internal/server/routes","Test":"TestProtocolAllPublicRoutesDeniedBeforeUpstream/POST/images/edits"}
{"Time":"2026-09-17T17:12:13.481311+08:00","Action":"output","Package":"github.com/TokenFlux/TokenRouter/internal/server/routes","Test":"TestProtocolAllPublicRoutesDeniedBeforeUpstream/POST/images/edits","Output":"=== RUN   TestProtocolAllPublicRoutesDeniedBeforeUpstream/POST/images/edits\n","OutputType":"frame"}
{"Time":"2026-09-17T17:12:13.481339+08:00","Action":"output","Package":"github.com/TokenFlux/TokenRouter/internal/server/routes","Test":"TestProtocolAllPublicRoutesDeniedBeforeUpstream/POST/images/edits","Output":"--- PASS: TestProtocolAllPublicRoutesDeniedBeforeUpstream/POST/images/edits (0.00s)\n","OutputType":"frame"}
{"Time":"2026-09-17T17:12:13.481344+08:00","Action":"pass","Package":"github.com/TokenFlux/TokenRouter/internal/server/routes","Test":"TestProtocolAllPublicRoutesDeniedBeforeUpstream/POST/images/edits","Elapsed":0}
{"Time":"2026-09-17T17:12:13.481348+08:00","Action":"run","Package":"github.com/TokenFlux/TokenRouter/internal/server/routes","Test":"TestProtocolAllPublicRoutesDeniedBeforeUpstream/POST/v1/images/batches"}
{"Time":"2026-09-17T17:12:13.481359+08:00","Action":"output","Package":"github.com/TokenFlux/TokenRouter/internal/server/routes","Test":"TestProtocolAllPublicRoutesDeniedBeforeUpstream/POST/v1/images/batches","Output":"=== RUN   TestProtocolAllPublicRoutesDeniedBeforeUpstream/POST/v1/images/batches\n","OutputType":"frame"}
{"Time":"2026-09-17T17:12:13.481379+08:00","Action":"output","Package":"github.com/TokenFlux/TokenRouter/internal/server/routes","Test":"TestProtocolAllPublicRoutesDeniedBeforeUpstream/POST/v1/images/batches","Output":"--- PASS: TestProtocolAllPublicRoutesDeniedBeforeUpstream/POST/v1/images/batches (0.00s)\n","OutputType":"frame"}
{"Time":"2026-09-17T17:12:13.481383+08:00","Action":"pass","Package":"github.com/TokenFlux/TokenRouter/internal/server/routes","Test":"TestProtocolAllPublicRoutesDeniedBeforeUpstream/POST/v1/images/batches","Elapsed":0}
{"Time":"2026-09-17T17:12:13.481389+08:00","Action":"run","Package":"github.com/TokenFlux/TokenRouter/internal/server/routes","Test":"TestProtocolAllPublicRoutesDeniedBeforeUpstream/POST/v1/videos"}
{"Time":"2026-09-17T17:12:13.481392+08:00","Action":"output","Package":"github.com/TokenFlux/TokenRouter/internal/server/routes","Test":"TestProtocolAllPublicRoutesDeniedBeforeUpstream/POST/v1/videos","Output":"=== RUN   TestProtocolAllPublicRoutesDeniedBeforeUpstream/POST/v1/videos\n","OutputType":"frame"}
{"Time":"2026-09-17T17:12:13.48143+08:00","Action":"output","Package":"github.com/TokenFlux/TokenRouter/internal/server/routes","Test":"TestProtocolAllPublicRoutesDeniedBeforeUpstream/POST/v1/videos","Output":"--- PASS: TestProtocolAllPublicRoutesDeniedBeforeUpstream/POST/v1/videos (0.00s)\n","OutputType":"frame"}
{"Time":"2026-09-17T17:12:13.481438+08:00","Action":"pass","Package":"github.com/TokenFlux/TokenRouter/internal/server/routes","Test":"TestProtocolAllPublicRoutesDeniedBeforeUpstream/POST/v1/videos","Elapsed":0}
{"Time":"2026-09-17T17:12:13.481442+08:00","Action":"run","Package":"github.com/TokenFlux/TokenRouter/internal/server/routes","Test":"TestProtocolAllPublicRoutesDeniedBeforeUpstream/POST/videos"}
{"Time":"2026-09-17T17:12:13.481445+08:00","Action":"output","Package":"github.com/TokenFlux/TokenRouter/internal/server/routes","Test":"TestProtocolAllPublicRoutesDeniedBeforeUpstream/POST/videos","Output":"=== RUN   TestProtocolAllPublicRoutesDeniedBeforeUpstream/POST/videos\n","OutputType":"frame"}
{"Time":"2026-09-17T17:12:13.481465+08:00","Action":"output","Package":"github.com/TokenFlux/TokenRouter/internal/server/routes","Test":"TestProtocolAllPublicRoutesDeniedBeforeUpstream/POST/videos","Output":"--- PASS: TestProtocolAllPublicRoutesDeniedBeforeUpstream/POST/videos (0.00s)\n","OutputType":"frame"}
{"Time":"2026-09-17T17:12:13.48147+08:00","Action":"pass","Package":"github.com/TokenFlux/TokenRouter/internal/server/routes","Test":"TestProtocolAllPublicRoutesDeniedBeforeUpstream/POST/videos","Elapsed":0}
{"Time":"2026-09-17T17:12:13.481475+08:00","Action":"run","Package":"github.com/TokenFlux/TokenRouter/internal/server/routes","Test":"TestProtocolAllPublicRoutesDeniedBeforeUpstream/POST/v1/videos/generations"}
{"Time":"2026-09-17T17:12:13.481478+08:00","Action":"output","Package":"github.com/TokenFlux/TokenRouter/internal/server/routes","Test":"TestProtocolAllPublicRoutesDeniedBeforeUpstream/POST/v1/videos/generations","Output":"=== RUN   TestProtocolAllPublicRoutesDeniedBeforeUpstream/POST/v1/videos/generations\n","OutputType":"frame"}
{"Time":"2026-09-17T17:12:13.481516+08:00","Action":"output","Package":"github.com/TokenFlux/TokenRouter/internal/server/routes","Test":"TestProtocolAllPublicRoutesDeniedBeforeUpstream/POST/v1/videos/generations","Output":"--- PASS: TestProtocolAllPublicRoutesDeniedBeforeUpstream/POST/v1/videos/generations (0.00s)\n","OutputType":"frame"}
{"Time":"2026-09-17T17:12:13.48152+08:00","Action":"pass","Package":"github.com/TokenFlux/TokenRouter/internal/server/routes","Test":"TestProtocolAllPublicRoutesDeniedBeforeUpstream/POST/v1/videos/generations","Elapsed":0}
{"Time":"2026-09-17T17:12:13.481531+08:00","Action":"run","Package":"github.com/TokenFlux/TokenRouter/internal/server/routes","Test":"TestProtocolAllPublicRoutesDeniedBeforeUpstream/POST/videos/generations"}
{"Time":"2026-09-17T17:12:13.481534+08:00","Action":"output","Package":"github.com/TokenFlux/TokenRouter/internal/server/routes","Test":"TestProtocolAllPublicRoutesDeniedBeforeUpstream/POST/videos/generations","Output":"=== RUN   TestProtocolAllPublicRoutesDeniedBeforeUpstream/POST/videos/generations\n","OutputType":"frame"}
{"Time":"2026-09-17T17:12:13.481557+08:00","Action":"output","Package":"github.com/TokenFlux/TokenRouter/internal/server/routes","Test":"TestProtocolAllPublicRoutesDeniedBeforeUpstream/POST/videos/generations","Output":"--- PASS: TestProtocolAllPublicRoutesDeniedBeforeUpstream/POST/videos/generations (0.00s)\n","OutputType":"frame"}
{"Time":"2026-09-17T17:12:13.481561+08:00","Action":"pass","Package":"github.com/TokenFlux/TokenRouter/internal/server/routes","Test":"TestProtocolAllPublicRoutesDeniedBeforeUpstream/POST/videos/generations","Elapsed":0}
{"Time":"2026-09-17T17:12:13.481564+08:00","Action":"run","Package":"github.com/TokenFlux/TokenRouter/internal/server/routes","Test":"TestProtocolAllPublicRoutesDeniedBeforeUpstream/POST/v1/videos/edits"}
{"Time":"2026-09-17T17:12:13.481566+08:00","Action":"output","Package":"github.com/TokenFlux/TokenRouter/internal/server/routes","Test":"TestProtocolAllPublicRoutesDeniedBeforeUpstream/POST/v1/videos/edits","Output":"=== RUN   TestProtocolAllPublicRoutesDeniedBeforeUpstream/POST/v1/videos/edits\n","OutputType":"frame"}
{"Time":"2026-09-17T17:12:13.481597+08:00","Action":"output","Package":"github.com/TokenFlux/TokenRouter/internal/server/routes","Test":"TestProtocolAllPublicRoutesDeniedBeforeUpstream/POST/v1/videos/edits","Output":"--- PASS: TestProtocolAllPublicRoutesDeniedBeforeUpstream/POST/v1/videos/edits (0.00s)\n","OutputType":"frame"}
{"Time":"2026-09-17T17:12:13.481601+08:00","Action":"pass","Package":"github.com/TokenFlux/TokenRouter/internal/server/routes","Test":"TestProtocolAllPublicRoutesDeniedBeforeUpstream/POST/v1/videos/edits","Elapsed":0}
{"Time":"2026-09-17T17:12:13.481605+08:00","Action":"run","Package":"github.com/TokenFlux/TokenRouter/internal/server/routes","Test":"TestProtocolAllPublicRoutesDeniedBeforeUpstream/POST/videos/edits"}
{"Time":"2026-09-17T17:12:13.481608+08:00","Action":"output","Package":"github.com/TokenFlux/TokenRouter/internal/server/routes","Test":"TestProtocolAllPublicRoutesDeniedBeforeUpstream/POST/videos/edits","Output":"=== RUN   TestProtocolAllPublicRoutesDeniedBeforeUpstream/POST/videos/edits\n","OutputType":"frame"}
{"Time":"2026-09-17T17:12:13.481638+08:00","Action":"output","Package":"github.com/TokenFlux/TokenRouter/internal/server/routes","Test":"TestProtocolAllPublicRoutesDeniedBeforeUpstream/POST/videos/edits","Output":"--- PASS: TestProtocolAllPublicRoutesDeniedBeforeUpstream/POST/videos/edits (0.00s)\n","OutputType":"frame"}
{"Time":"2026-09-17T17:12:13.481642+08:00","Action":"pass","Package":"github.com/TokenFlux/TokenRouter/internal/server/routes","Test":"TestProtocolAllPublicRoutesDeniedBeforeUpstream/POST/videos/edits","Elapsed":0}
{"Time":"2026-09-17T17:12:13.481644+08:00","Action":"run","Package":"github.com/TokenFlux/TokenRouter/internal/server/routes","Test":"TestProtocolAllPublicRoutesDeniedBeforeUpstream/POST/v1/videos/extensions"}
{"Time":"2026-09-17T17:12:13.481646+08:00","Action":"output","Package":"github.com/TokenFlux/TokenRouter/internal/server/routes","Test":"TestProtocolAllPublicRoutesDeniedBeforeUpstream/POST/v1/videos/extensions","Output":"=== RUN   TestProtocolAllPublicRoutesDeniedBeforeUpstream/POST/v1/videos/extensions\n","OutputType":"frame"}
{"Time":"2026-09-17T17:12:13.481674+08:00","Action":"output","Package":"github.com/TokenFlux/TokenRouter/internal/server/routes","Test":"TestProtocolAllPublicRoutesDeniedBeforeUpstream/POST/v1/videos/extensions","Output":"--- PASS: TestProtocolAllPublicRoutesDeniedBeforeUpstream/POST/v1/videos/extensions (0.00s)\n","OutputType":"frame"}
{"Time":"2026-09-17T17:12:13.48168+08:00","Action":"pass","Package":"github.com/TokenFlux/TokenRouter/internal/server/routes","Test":"TestProtocolAllPublicRoutesDeniedBeforeUpstream/POST/v1/videos/extensions","Elapsed":0}
{"Time":"2026-09-17T17:12:13.481684+08:00","Action":"run","Package":"github.com/TokenFlux/TokenRouter/internal/server/routes","Test":"TestProtocolAllPublicRoutesDeniedBeforeUpstream/POST/videos/extensions"}
{"Time":"2026-09-17T17:12:13.481687+08:00","Action":"output","Package":"github.com/TokenFlux/TokenRouter/internal/server/routes","Test":"TestProtocolAllPublicRoutesDeniedBeforeUpstream/POST/videos/extensions","Output":"=== RUN   TestProtocolAllPublicRoutesDeniedBeforeUpstream/POST/videos/extensions\n","OutputType":"frame"}
{"Time":"2026-09-17T17:12:13.481724+08:00","Action":"output","Package":"github.com/TokenFlux/TokenRouter/internal/server/routes","Test":"TestProtocolAllPublicRoutesDeniedBeforeUpstream/POST/videos/extensions","Output":"--- PASS: TestProtocolAllPublicRoutesDeniedBeforeUpstream/POST/videos/extensions (0.00s)\n","OutputType":"frame"}
{"Time":"2026-09-17T17:12:13.481731+08:00","Action":"pass","Package":"github.com/TokenFlux/TokenRouter/internal/server/routes","Test":"TestProtocolAllPublicRoutesDeniedBeforeUpstream/POST/videos/extensions","Elapsed":0}
{"Time":"2026-09-17T17:12:13.481735+08:00","Action":"run","Package":"github.com/TokenFlux/TokenRouter/internal/server/routes","Test":"TestProtocolAllPublicRoutesDeniedBeforeUpstream/POST/v1/tts"}
{"Time":"2026-09-17T17:12:13.481738+08:00","Action":"output","Package":"github.com/TokenFlux/TokenRouter/internal/server/routes","Test":"TestProtocolAllPublicRoutesDeniedBeforeUpstream/POST/v1/tts","Output":"=== RUN   TestProtocolAllPublicRoutesDeniedBeforeUpstream/POST/v1/tts\n","OutputType":"frame"}
{"Time":"2026-09-17T17:12:13.481793+08:00","Action":"output","Package":"github.com/TokenFlux/TokenRouter/internal/server/routes","Test":"TestProtocolAllPublicRoutesDeniedBeforeUpstream/POST/v1/tts","Output":"--- PASS: TestProtocolAllPublicRoutesDeniedBeforeUpstream/POST/v1/tts (0.00s)\n","OutputType":"frame"}
{"Time":"2026-09-17T17:12:13.481801+08:00","Action":"pass","Package":"github.com/TokenFlux/TokenRouter/internal/server/routes","Test":"TestProtocolAllPublicRoutesDeniedBeforeUpstream/POST/v1/tts","Elapsed":0}
{"Time":"2026-09-17T17:12:13.481807+08:00","Action":"run","Package":"github.com/TokenFlux/TokenRouter/internal/server/routes","Test":"TestProtocolAllPublicRoutesDeniedBeforeUpstream/POST/tts"}
{"Time":"2026-09-17T17:12:13.481812+08:00","Action":"output","Package":"github.com/TokenFlux/TokenRouter/internal/server/routes","Test":"TestProtocolAllPublicRoutesDeniedBeforeUpstream/POST/tts","Output":"=== RUN   TestProtocolAllPublicRoutesDeniedBeforeUpstream/POST/tts\n","OutputType":"frame"}
{"Time":"2026-09-17T17:12:13.481859+08:00","Action":"output","Package":"github.com/TokenFlux/TokenRouter/internal/server/routes","Test":"TestProtocolAllPublicRoutesDeniedBeforeUpstream/POST/tts","Output":"--- PASS: TestProtocolAllPublicRoutesDeniedBeforeUpstream/POST/tts (0.00s)\n","OutputType":"frame"}
{"Time":"2026-09-17T17:12:13.481868+08:00","Action":"pass","Package":"github.com/TokenFlux/TokenRouter/internal/server/routes","Test":"TestProtocolAllPublicRoutesDeniedBeforeUpstream/POST/tts","Elapsed":0}
{"Time":"2026-09-17T17:12:13.481873+08:00","Action":"run","Package":"github.com/TokenFlux/TokenRouter/internal/server/routes","Test":"TestProtocolAllPublicRoutesDeniedBeforeUpstream/POST/v1/stt"}
{"Time":"2026-09-17T17:12:13.481876+08:00","Action":"output","Package":"github.com/TokenFlux/TokenRouter/internal/server/routes","Test":"TestProtocolAllPublicRoutesDeniedBeforeUpstream/POST/v1/stt","Output":"=== RUN   TestProtocolAllPublicRoutesDeniedBeforeUpstream/POST/v1/stt\n","OutputType":"frame"}
{"Time":"2026-09-17T17:12:13.48193+08:00","Action":"output","Package":"github.com/TokenFlux/TokenRouter/internal/server/routes","Test":"TestProtocolAllPublicRoutesDeniedBeforeUpstream/POST/v1/stt","Output":"--- PASS: TestProtocolAllPublicRoutesDeniedBeforeUpstream/POST/v1/stt (0.00s)\n","OutputType":"frame"}
{"Time":"2026-09-17T17:12:13.481937+08:00","Action":"pass","Package":"github.com/TokenFlux/TokenRouter/internal/server/routes","Test":"TestProtocolAllPublicRoutesDeniedBeforeUpstream/POST/v1/stt","Elapsed":0}
{"Time":"2026-09-17T17:12:13.481942+08:00","Action":"run","Package":"github.com/TokenFlux/TokenRouter/internal/server/routes","Test":"TestProtocolAllPublicRoutesDeniedBeforeUpstream/POST/stt"}
{"Time":"2026-09-17T17:12:13.481946+08:00","Action":"output","Package":"github.com/TokenFlux/TokenRouter/internal/server/routes","Test":"TestProtocolAllPublicRoutesDeniedBeforeUpstream/POST/stt","Output":"=== RUN   TestProtocolAllPublicRoutesDeniedBeforeUpstream/POST/stt\n","OutputType":"frame"}
{"Time":"2026-09-17T17:12:13.482009+08:00","Action":"output","Package":"github.com/TokenFlux/TokenRouter/internal/server/routes","Test":"TestProtocolAllPublicRoutesDeniedBeforeUpstream/POST/stt","Output":"--- PASS: TestProtocolAllPublicRoutesDeniedBeforeUpstream/POST/stt (0.00s)\n","OutputType":"frame"}
{"Time":"2026-09-17T17:12:13.482017+08:00","Action":"pass","Package":"github.com/TokenFlux/TokenRouter/internal/server/routes","Test":"TestProtocolAllPublicRoutesDeniedBeforeUpstream/POST/stt","Elapsed":0}
{"Time":"2026-09-17T17:12:13.482021+08:00","Action":"run","Package":"github.com/TokenFlux/TokenRouter/internal/server/routes","Test":"TestProtocolAllPublicRoutesDeniedBeforeUpstream/POST/v1/custom-voices"}
{"Time":"2026-09-17T17:12:13.482026+08:00","Action":"output","Package":"github.com/TokenFlux/TokenRouter/internal/server/routes","Test":"TestProtocolAllPublicRoutesDeniedBeforeUpstream/POST/v1/custom-voices","Output":"=== RUN   TestProtocolAllPublicRoutesDeniedBeforeUpstream/POST/v1/custom-voices\n","OutputType":"frame"}
{"Time":"2026-09-17T17:12:13.482078+08:00","Action":"output","Package":"github.com/TokenFlux/TokenRouter/internal/server/routes","Test":"TestProtocolAllPublicRoutesDeniedBeforeUpstream/POST/v1/custom-voices","Output":"--- PASS: TestProtocolAllPublicRoutesDeniedBeforeUpstream/POST/v1/custom-voices (0.00s)\n","OutputType":"frame"}
{"Time":"2026-09-17T17:12:13.482084+08:00","Action":"pass","Package":"github.com/TokenFlux/TokenRouter/internal/server/routes","Test":"TestProtocolAllPublicRoutesDeniedBeforeUpstream/POST/v1/custom-voices","Elapsed":0}
{"Time":"2026-09-17T17:12:13.482088+08:00","Action":"run","Package":"github.com/TokenFlux/TokenRouter/internal/server/routes","Test":"TestProtocolAllPublicRoutesDeniedBeforeUpstream/POST/custom-voices"}
{"Time":"2026-09-17T17:12:13.482091+08:00","Action":"output","Package":"github.com/TokenFlux/TokenRouter/internal/server/routes","Test":"TestProtocolAllPublicRoutesDeniedBeforeUpstream/POST/custom-voices","Output":"=== RUN   TestProtocolAllPublicRoutesDeniedBeforeUpstream/POST/custom-voices\n","OutputType":"frame"}
{"Time":"2026-09-17T17:12:13.482137+08:00","Action":"output","Package":"github.com/TokenFlux/TokenRouter/internal/server/routes","Test":"TestProtocolAllPublicRoutesDeniedBeforeUpstream/POST/custom-voices","Output":"--- PASS: TestProtocolAllPublicRoutesDeniedBeforeUpstream/POST/custom-voices (0.00s)\n","OutputType":"frame"}
{"Time":"2026-09-17T17:12:13.482145+08:00","Action":"pass","Package":"github.com/TokenFlux/TokenRouter/internal/server/routes","Test":"TestProtocolAllPublicRoutesDeniedBeforeUpstream/POST/custom-voices","Elapsed":0}
{"Time":"2026-09-17T17:12:13.48215+08:00","Action":"run","Package":"github.com/TokenFlux/TokenRouter/internal/server/routes","Test":"TestProtocolAllPublicRoutesDeniedBeforeUpstream/GET/v1/realtime"}
{"Time":"2026-09-17T17:12:13.482154+08:00","Action":"output","Package":"github.com/TokenFlux/TokenRouter/internal/server/routes","Test":"TestProtocolAllPublicRoutesDeniedBeforeUpstream/GET/v1/realtime","Output":"=== RUN   TestProtocolAllPublicRoutesDeniedBeforeUpstream/GET/v1/realtime\n","OutputType":"frame"}
{"Time":"2026-09-17T17:12:13.482195+08:00","Action":"output","Package":"github.com/TokenFlux/TokenRouter/internal/server/routes","Test":"TestProtocolAllPublicRoutesDeniedBeforeUpstream/GET/v1/realtime","Output":"--- PASS: TestProtocolAllPublicRoutesDeniedBeforeUpstream/GET/v1/realtime (0.00s)\n","OutputType":"frame"}
{"Time":"2026-09-17T17:12:13.482202+08:00","Action":"pass","Package":"github.com/TokenFlux/TokenRouter/internal/server/routes","Test":"TestProtocolAllPublicRoutesDeniedBeforeUpstream/GET/v1/realtime","Elapsed":0}
{"Time":"2026-09-17T17:12:13.482206+08:00","Action":"run","Package":"github.com/TokenFlux/TokenRouter/internal/server/routes","Test":"TestProtocolAllPublicRoutesDeniedBeforeUpstream/GET/realtime"}
{"Time":"2026-09-17T17:12:13.482209+08:00","Action":"output","Package":"github.com/TokenFlux/TokenRouter/internal/server/routes","Test":"TestProtocolAllPublicRoutesDeniedBeforeUpstream/GET/realtime","Output":"=== RUN   TestProtocolAllPublicRoutesDeniedBeforeUpstream/GET/realtime\n","OutputType":"frame"}
{"Time":"2026-09-17T17:12:13.482249+08:00","Action":"output","Package":"github.com/TokenFlux/TokenRouter/internal/server/routes","Test":"TestProtocolAllPublicRoutesDeniedBeforeUpstream/GET/realtime","Output":"--- PASS: TestProtocolAllPublicRoutesDeniedBeforeUpstream/GET/realtime (0.00s)\n","OutputType":"frame"}
{"Time":"2026-09-17T17:12:13.482253+08:00","Action":"pass","Package":"github.com/TokenFlux/TokenRouter/internal/server/routes","Test":"TestProtocolAllPublicRoutesDeniedBeforeUpstream/GET/realtime","Elapsed":0}
{"Time":"2026-09-17T17:12:13.482255+08:00","Action":"run","Package":"github.com/TokenFlux/TokenRouter/internal/server/routes","Test":"TestProtocolAllPublicRoutesDeniedBeforeUpstream/GET/v1/responses"}
{"Time":"2026-09-17T17:12:13.482257+08:00","Action":"output","Package":"github.com/TokenFlux/TokenRouter/internal/server/routes","Test":"TestProtocolAllPublicRoutesDeniedBeforeUpstream/GET/v1/responses","Output":"=== RUN   TestProtocolAllPublicRoutesDeniedBeforeUpstream/GET/v1/responses\n","OutputType":"frame"}
{"Time":"2026-09-17T17:12:13.482282+08:00","Action":"output","Package":"github.com/TokenFlux/TokenRouter/internal/server/routes","Test":"TestProtocolAllPublicRoutesDeniedBeforeUpstream/GET/v1/responses","Output":"--- PASS: TestProtocolAllPublicRoutesDeniedBeforeUpstream/GET/v1/responses (0.00s)\n","OutputType":"frame"}
{"Time":"2026-09-17T17:12:13.48229+08:00","Action":"pass","Package":"github.com/TokenFlux/TokenRouter/internal/server/routes","Test":"TestProtocolAllPublicRoutesDeniedBeforeUpstream/GET/v1/responses","Elapsed":0}
{"Time":"2026-09-17T17:12:13.482293+08:00","Action":"run","Package":"github.com/TokenFlux/TokenRouter/internal/server/routes","Test":"TestProtocolAllPublicRoutesDeniedBeforeUpstream/GET/responses"}
{"Time":"2026-09-17T17:12:13.482296+08:00","Action":"output","Package":"github.com/TokenFlux/TokenRouter/internal/server/routes","Test":"TestProtocolAllPublicRoutesDeniedBeforeUpstream/GET/responses","Output":"=== RUN   TestProtocolAllPublicRoutesDeniedBeforeUpstream/GET/responses\n","OutputType":"frame"}
{"Time":"2026-09-17T17:12:13.482328+08:00","Action":"output","Package":"github.com/TokenFlux/TokenRouter/internal/server/routes","Test":"TestProtocolAllPublicRoutesDeniedBeforeUpstream/GET/responses","Output":"--- PASS: TestProtocolAllPublicRoutesDeniedBeforeUpstream/GET/responses (0.00s)\n","OutputType":"frame"}
{"Time":"2026-09-17T17:12:13.482333+08:00","Action":"pass","Package":"github.com/TokenFlux/TokenRouter/internal/server/routes","Test":"TestProtocolAllPublicRoutesDeniedBeforeUpstream/GET/responses","Elapsed":0}
{"Time":"2026-09-17T17:12:13.482335+08:00","Action":"run","Package":"github.com/TokenFlux/TokenRouter/internal/server/routes","Test":"TestProtocolAllPublicRoutesDeniedBeforeUpstream/GET/backend-api/codex/responses"}
{"Time":"2026-09-17T17:12:13.482337+08:00","Action":"output","Package":"github.com/TokenFlux/TokenRouter/internal/server/routes","Test":"TestProtocolAllPublicRoutesDeniedBeforeUpstream/GET/backend-api/codex/responses","Output":"=== RUN   TestProtocolAllPublicRoutesDeniedBeforeUpstream/GET/backend-api/codex/responses\n","OutputType":"frame"}
{"Time":"2026-09-17T17:12:13.48237+08:00","Action":"output","Package":"github.com/TokenFlux/TokenRouter/internal/server/routes","Test":"TestProtocolAllPublicRoutesDeniedBeforeUpstream/GET/backend-api/codex/responses","Output":"--- PASS: TestProtocolAllPublicRoutesDeniedBeforeUpstream/GET/backend-api/codex/responses (0.00s)\n","OutputType":"frame"}
{"Time":"2026-09-17T17:12:13.482374+08:00","Action":"pass","Package":"github.com/TokenFlux/TokenRouter/internal/server/routes","Test":"TestProtocolAllPublicRoutesDeniedBeforeUpstream/GET/backend-api/codex/responses","Elapsed":0}
{"Time":"2026-09-17T17:12:13.482379+08:00","Action":"run","Package":"github.com/TokenFlux/TokenRouter/internal/server/routes","Test":"TestProtocolAllPublicRoutesDeniedBeforeUpstream/POST/v1/live"}
{"Time":"2026-09-17T17:12:13.482382+08:00","Action":"output","Package":"github.com/TokenFlux/TokenRouter/internal/server/routes","Test":"TestProtocolAllPublicRoutesDeniedBeforeUpstream/POST/v1/live","Output":"=== RUN   TestProtocolAllPublicRoutesDeniedBeforeUpstream/POST/v1/live\n","OutputType":"frame"}
{"Time":"2026-09-17T17:12:13.482408+08:00","Action":"output","Package":"github.com/TokenFlux/TokenRouter/internal/server/routes","Test":"TestProtocolAllPublicRoutesDeniedBeforeUpstream/POST/v1/live","Output":"--- PASS: TestProtocolAllPublicRoutesDeniedBeforeUpstream/POST/v1/live (0.00s)\n","OutputType":"frame"}
{"Time":"2026-09-17T17:12:13.482414+08:00","Action":"pass","Package":"github.com/TokenFlux/TokenRouter/internal/server/routes","Test":"TestProtocolAllPublicRoutesDeniedBeforeUpstream/POST/v1/live","Elapsed":0}
{"Time":"2026-09-17T17:12:13.482417+08:00","Action":"run","Package":"github.com/TokenFlux/TokenRouter/internal/server/routes","Test":"TestProtocolAllPublicRoutesDeniedBeforeUpstream/POST/backend-api/codex/realtime/calls"}
{"Time":"2026-09-17T17:12:13.482418+08:00","Action":"output","Package":"github.com/TokenFlux/TokenRouter/internal/server/routes","Test":"TestProtocolAllPublicRoutesDeniedBeforeUpstream/POST/backend-api/codex/realtime/calls","Output":"=== RUN   TestProtocolAllPublicRoutesDeniedBeforeUpstream/POST/backend-api/codex/realtime/calls\n","OutputType":"frame"}
{"Time":"2026-09-17T17:12:13.482442+08:00","Action":"output","Package":"github.com/TokenFlux/TokenRouter/internal/server/routes","Test":"TestProtocolAllPublicRoutesDeniedBeforeUpstream/POST/backend-api/codex/realtime/calls","Output":"--- PASS: TestProtocolAllPublicRoutesDeniedBeforeUpstream/POST/backend-api/codex/realtime/calls (0.00s)\n","OutputType":"frame"}
{"Time":"2026-09-17T17:12:13.482445+08:00","Action":"pass","Package":"github.com/TokenFlux/TokenRouter/internal/server/routes","Test":"TestProtocolAllPublicRoutesDeniedBeforeUpstream/POST/backend-api/codex/realtime/calls","Elapsed":0}
{"Time":"2026-09-17T17:12:13.482448+08:00","Action":"run","Package":"github.com/TokenFlux/TokenRouter/internal/server/routes","Test":"TestProtocolAllPublicRoutesDeniedBeforeUpstream/POST/v1/responses/compact"}
{"Time":"2026-09-17T17:12:13.48245+08:00","Action":"output","Package":"github.com/TokenFlux/TokenRouter/internal/server/routes","Test":"TestProtocolAllPublicRoutesDeniedBeforeUpstream/POST/v1/responses/compact","Output":"=== RUN   TestProtocolAllPublicRoutesDeniedBeforeUpstream/POST/v1/responses/compact\n","OutputType":"frame"}
{"Time":"2026-09-17T17:12:13.482494+08:00","Action":"output","Package":"github.com/TokenFlux/TokenRouter/internal/server/routes","Test":"TestProtocolAllPublicRoutesDeniedBeforeUpstream/POST/v1/responses/compact","Output":"--- PASS: TestProtocolAllPublicRoutesDeniedBeforeUpstream/POST/v1/responses/compact (0.00s)\n","OutputType":"frame"}
{"Time":"2026-09-17T17:12:13.4825+08:00","Action":"pass","Package":"github.com/TokenFlux/TokenRouter/internal/server/routes","Test":"TestProtocolAllPublicRoutesDeniedBeforeUpstream/POST/v1/responses/compact","Elapsed":0}
{"Time":"2026-09-17T17:12:13.482502+08:00","Action":"run","Package":"github.com/TokenFlux/TokenRouter/internal/server/routes","Test":"TestProtocolAllPublicRoutesDeniedBeforeUpstream/POST/responses/compact"}
{"Time":"2026-09-17T17:12:13.482505+08:00","Action":"output","Package":"github.com/TokenFlux/TokenRouter/internal/server/routes","Test":"TestProtocolAllPublicRoutesDeniedBeforeUpstream/POST/responses/compact","Output":"=== RUN   TestProtocolAllPublicRoutesDeniedBeforeUpstream/POST/responses/compact\n","OutputType":"frame"}
{"Time":"2026-09-17T17:12:13.482537+08:00","Action":"output","Package":"github.com/TokenFlux/TokenRouter/internal/server/routes","Test":"TestProtocolAllPublicRoutesDeniedBeforeUpstream/POST/responses/compact","Output":"--- PASS: TestProtocolAllPublicRoutesDeniedBeforeUpstream/POST/responses/compact (0.00s)\n","OutputType":"frame"}
{"Time":"2026-09-17T17:12:13.482543+08:00","Action":"pass","Package":"github.com/TokenFlux/TokenRouter/internal/server/routes","Test":"TestProtocolAllPublicRoutesDeniedBeforeUpstream/POST/responses/compact","Elapsed":0}
{"Time":"2026-09-17T17:12:13.482545+08:00","Action":"run","Package":"github.com/TokenFlux/TokenRouter/internal/server/routes","Test":"TestProtocolAllPublicRoutesDeniedBeforeUpstream/POST/backend-api/codex/responses/compact"}
{"Time":"2026-09-17T17:12:13.482548+08:00","Action":"output","Package":"github.com/TokenFlux/TokenRouter/internal/server/routes","Test":"TestProtocolAllPublicRoutesDeniedBeforeUpstream/POST/backend-api/codex/responses/compact","Output":"=== RUN   TestProtocolAllPublicRoutesDeniedBeforeUpstream/POST/backend-api/codex/responses/compact\n","OutputType":"frame"}
{"Time":"2026-09-17T17:12:13.48258+08:00","Action":"output","Package":"github.com/TokenFlux/TokenRouter/internal/server/routes","Test":"TestProtocolAllPublicRoutesDeniedBeforeUpstream/POST/backend-api/codex/responses/compact","Output":"--- PASS: TestProtocolAllPublicRoutesDeniedBeforeUpstream/POST/backend-api/codex/responses/compact (0.00s)\n","OutputType":"frame"}
{"Time":"2026-09-17T17:12:13.482584+08:00","Action":"pass","Package":"github.com/TokenFlux/TokenRouter/internal/server/routes","Test":"TestProtocolAllPublicRoutesDeniedBeforeUpstream/POST/backend-api/codex/responses/compact","Elapsed":0}
{"Time":"2026-09-17T17:12:13.482586+08:00","Action":"run","Package":"github.com/TokenFlux/TokenRouter/internal/server/routes","Test":"TestProtocolAllPublicRoutesDeniedBeforeUpstream/POST/v1/alpha/search"}
{"Time":"2026-09-17T17:12:13.482588+08:00","Action":"output","Package":"github.com/TokenFlux/TokenRouter/internal/server/routes","Test":"TestProtocolAllPublicRoutesDeniedBeforeUpstream/POST/v1/alpha/search","Output":"=== RUN   TestProtocolAllPublicRoutesDeniedBeforeUpstream/POST/v1/alpha/search\n","OutputType":"frame"}
{"Time":"2026-09-17T17:12:13.482624+08:00","Action":"output","Package":"github.com/TokenFlux/TokenRouter/internal/server/routes","Test":"TestProtocolAllPublicRoutesDeniedBeforeUpstream/POST/v1/alpha/search","Output":"--- PASS: TestProtocolAllPublicRoutesDeniedBeforeUpstream/POST/v1/alpha/search (0.00s)\n","OutputType":"frame"}
{"Time":"2026-09-17T17:12:13.482631+08:00","Action":"pass","Package":"github.com/TokenFlux/TokenRouter/internal/server/routes","Test":"TestProtocolAllPublicRoutesDeniedBeforeUpstream/POST/v1/alpha/search","Elapsed":0}
{"Time":"2026-09-17T17:12:13.482634+08:00","Action":"run","Package":"github.com/TokenFlux/TokenRouter/internal/server/routes","Test":"TestProtocolAllPublicRoutesDeniedBeforeUpstream/POST/alpha/search"}
{"Time":"2026-09-17T17:12:13.482637+08:00","Action":"output","Package":"github.com/TokenFlux/TokenRouter/internal/server/routes","Test":"TestProtocolAllPublicRoutesDeniedBeforeUpstream/POST/alpha/search","Output":"=== RUN   TestProtocolAllPublicRoutesDeniedBeforeUpstream/POST/alpha/search\n","OutputType":"frame"}
{"Time":"2026-09-17T17:12:13.4827+08:00","Action":"output","Package":"github.com/TokenFlux/TokenRouter/internal/server/routes","Test":"TestProtocolAllPublicRoutesDeniedBeforeUpstream/POST/alpha/search","Output":"--- PASS: TestProtocolAllPublicRoutesDeniedBeforeUpstream/POST/alpha/search (0.00s)\n","OutputType":"frame"}
{"Time":"2026-09-17T17:12:13.482705+08:00","Action":"pass","Package":"github.com/TokenFlux/TokenRouter/internal/server/routes","Test":"TestProtocolAllPublicRoutesDeniedBeforeUpstream/POST/alpha/search","Elapsed":0}
{"Time":"2026-09-17T17:12:13.48271+08:00","Action":"run","Package":"github.com/TokenFlux/TokenRouter/internal/server/routes","Test":"TestProtocolAllPublicRoutesDeniedBeforeUpstream/POST/backend-api/codex/alpha/search"}
{"Time":"2026-09-17T17:12:13.482714+08:00","Action":"output","Package":"github.com/TokenFlux/TokenRouter/internal/server/routes","Test":"TestProtocolAllPublicRoutesDeniedBeforeUpstream/POST/backend-api/codex/alpha/search","Output":"=== RUN   TestProtocolAllPublicRoutesDeniedBeforeUpstream/POST/backend-api/codex/alpha/search\n","OutputType":"frame"}
{"Time":"2026-09-17T17:12:13.48276+08:00","Action":"output","Package":"github.com/TokenFlux/TokenRouter/internal/server/routes","Test":"TestProtocolAllPublicRoutesDeniedBeforeUpstream/POST/backend-api/codex/alpha/search","Output":"--- PASS: TestProtocolAllPublicRoutesDeniedBeforeUpstream/POST/backend-api/codex/alpha/search (0.00s)\n","OutputType":"frame"}
{"Time":"2026-09-17T17:12:13.482766+08:00","Action":"pass","Package":"github.com/TokenFlux/TokenRouter/internal/server/routes","Test":"TestProtocolAllPublicRoutesDeniedBeforeUpstream/POST/backend-api/codex/alpha/search","Elapsed":0}
{"Time":"2026-09-17T17:12:13.482769+08:00","Action":"run","Package":"github.com/TokenFlux/TokenRouter/internal/server/routes","Test":"TestProtocolAllPublicRoutesDeniedBeforeUpstream/POST/v1/web_search"}
{"Time":"2026-09-17T17:12:13.482772+08:00","Action":"output","Package":"github.com/TokenFlux/TokenRouter/internal/server/routes","Test":"TestProtocolAllPublicRoutesDeniedBeforeUpstream/POST/v1/web_search","Output":"=== RUN   TestProtocolAllPublicRoutesDeniedBeforeUpstream/POST/v1/web_search\n","OutputType":"frame"}
{"Time":"2026-09-17T17:12:13.482827+08:00","Action":"output","Package":"github.com/TokenFlux/TokenRouter/internal/server/routes","Test":"TestProtocolAllPublicRoutesDeniedBeforeUpstream/POST/v1/web_search","Output":"--- PASS: TestProtocolAllPublicRoutesDeniedBeforeUpstream/POST/v1/web_search (0.00s)\n","OutputType":"frame"}
{"Time":"2026-09-17T17:12:13.482835+08:00","Action":"pass","Package":"github.com/TokenFlux/TokenRouter/internal/server/routes","Test":"TestProtocolAllPublicRoutesDeniedBeforeUpstream/POST/v1/web_search","Elapsed":0}
{"Time":"2026-09-17T17:12:13.482839+08:00","Action":"run","Package":"github.com/TokenFlux/TokenRouter/internal/server/routes","Test":"TestProtocolAllPublicRoutesDeniedBeforeUpstream/POST/web_search"}
{"Time":"2026-09-17T17:12:13.482844+08:00","Action":"output","Package":"github.com/TokenFlux/TokenRouter/internal/server/routes","Test":"TestProtocolAllPublicRoutesDeniedBeforeUpstream/POST/web_search","Output":"=== RUN   TestProtocolAllPublicRoutesDeniedBeforeUpstream/POST/web_search\n","OutputType":"frame"}
{"Time":"2026-09-17T17:12:13.482889+08:00","Action":"output","Package":"github.com/TokenFlux/TokenRouter/internal/server/routes","Test":"TestProtocolAllPublicRoutesDeniedBeforeUpstream/POST/web_search","Output":"--- PASS: TestProtocolAllPublicRoutesDeniedBeforeUpstream/POST/web_search (0.00s)\n","OutputType":"frame"}
{"Time":"2026-09-17T17:12:13.482896+08:00","Action":"pass","Package":"github.com/TokenFlux/TokenRouter/internal/server/routes","Test":"TestProtocolAllPublicRoutesDeniedBeforeUpstream/POST/web_search","Elapsed":0}
{"Time":"2026-09-17T17:12:13.4829+08:00","Action":"run","Package":"github.com/TokenFlux/TokenRouter/internal/server/routes","Test":"TestProtocolAllPublicRoutesDeniedBeforeUpstream/POST/v1/x_search"}
{"Time":"2026-09-17T17:12:13.482903+08:00","Action":"output","Package":"github.com/TokenFlux/TokenRouter/internal/server/routes","Test":"TestProtocolAllPublicRoutesDeniedBeforeUpstream/POST/v1/x_search","Output":"=== RUN   TestProtocolAllPublicRoutesDeniedBeforeUpstream/POST/v1/x_search\n","OutputType":"frame"}
{"Time":"2026-09-17T17:12:13.48295+08:00","Action":"output","Package":"github.com/TokenFlux/TokenRouter/internal/server/routes","Test":"TestProtocolAllPublicRoutesDeniedBeforeUpstream/POST/v1/x_search","Output":"--- PASS: TestProtocolAllPublicRoutesDeniedBeforeUpstream/POST/v1/x_search (0.00s)\n","OutputType":"frame"}
{"Time":"2026-09-17T17:12:13.482957+08:00","Action":"pass","Package":"github.com/TokenFlux/TokenRouter/internal/server/routes","Test":"TestProtocolAllPublicRoutesDeniedBeforeUpstream/POST/v1/x_search","Elapsed":0}
{"Time":"2026-09-17T17:12:13.482961+08:00","Action":"run","Package":"github.com/TokenFlux/TokenRouter/internal/server/routes","Test":"TestProtocolAllPublicRoutesDeniedBeforeUpstream/POST/x_search"}
{"Time":"2026-09-17T17:12:13.482966+08:00","Action":"output","Package":"github.com/TokenFlux/TokenRouter/internal/server/routes","Test":"TestProtocolAllPublicRoutesDeniedBeforeUpstream/POST/x_search","Output":"=== RUN   TestProtocolAllPublicRoutesDeniedBeforeUpstream/POST/x_search\n","OutputType":"frame"}
{"Time":"2026-09-17T17:12:13.483015+08:00","Action":"output","Package":"github.com/TokenFlux/TokenRouter/internal/server/routes","Test":"TestProtocolAllPublicRoutesDeniedBeforeUpstream/POST/x_search","Output":"--- PASS: TestProtocolAllPublicRoutesDeniedBeforeUpstream/POST/x_search (0.00s)\n","OutputType":"frame"}
{"Time":"2026-09-17T17:12:13.483021+08:00","Action":"pass","Package":"github.com/TokenFlux/TokenRouter/internal/server/routes","Test":"TestProtocolAllPublicRoutesDeniedBeforeUpstream/POST/x_search","Elapsed":0}
{"Time":"2026-09-17T17:12:13.483024+08:00","Action":"run","Package":"github.com/TokenFlux/TokenRouter/internal/server/routes","Test":"TestProtocolAllPublicRoutesDeniedBeforeUpstream/POST/v1/messages/count_tokens"}
{"Time":"2026-09-17T17:12:13.483027+08:00","Action":"output","Package":"github.com/TokenFlux/TokenRouter/internal/server/routes","Test":"TestProtocolAllPublicRoutesDeniedBeforeUpstream/POST/v1/messages/count_tokens","Output":"=== RUN   TestProtocolAllPublicRoutesDeniedBeforeUpstream/POST/v1/messages/count_tokens\n","OutputType":"frame"}
{"Time":"2026-09-17T17:12:13.483097+08:00","Action":"output","Package":"github.com/TokenFlux/TokenRouter/internal/server/routes","Test":"TestProtocolAllPublicRoutesDeniedBeforeUpstream/POST/v1/messages/count_tokens","Output":"--- PASS: TestProtocolAllPublicRoutesDeniedBeforeUpstream/POST/v1/messages/count_tokens (0.00s)\n","OutputType":"frame"}
{"Time":"2026-09-17T17:12:13.483104+08:00","Action":"pass","Package":"github.com/TokenFlux/TokenRouter/internal/server/routes","Test":"TestProtocolAllPublicRoutesDeniedBeforeUpstream/POST/v1/messages/count_tokens","Elapsed":0}
{"Time":"2026-09-17T17:12:13.483109+08:00","Action":"run","Package":"github.com/TokenFlux/TokenRouter/internal/server/routes","Test":"TestProtocolAllPublicRoutesDeniedBeforeUpstream/POST/messages/count_tokens"}
{"Time":"2026-09-17T17:12:13.483113+08:00","Action":"output","Package":"github.com/TokenFlux/TokenRouter/internal/server/routes","Test":"TestProtocolAllPublicRoutesDeniedBeforeUpstream/POST/messages/count_tokens","Output":"=== RUN   TestProtocolAllPublicRoutesDeniedBeforeUpstream/POST/messages/count_tokens\n","OutputType":"frame"}
{"Time":"2026-09-17T17:12:13.483171+08:00","Action":"output","Package":"github.com/TokenFlux/TokenRouter/internal/server/routes","Test":"TestProtocolAllPublicRoutesDeniedBeforeUpstream/POST/messages/count_tokens","Output":"--- PASS: TestProtocolAllPublicRoutesDeniedBeforeUpstream/POST/messages/count_tokens (0.00s)\n","OutputType":"frame"}
{"Time":"2026-09-17T17:12:13.483178+08:00","Action":"pass","Package":"github.com/TokenFlux/TokenRouter/internal/server/routes","Test":"TestProtocolAllPublicRoutesDeniedBeforeUpstream/POST/messages/count_tokens","Elapsed":0}
{"Time":"2026-09-17T17:12:13.483182+08:00","Action":"run","Package":"github.com/TokenFlux/TokenRouter/internal/server/routes","Test":"TestProtocolAllPublicRoutesDeniedBeforeUpstream/POST/v1/responses/input_tokens"}
{"Time":"2026-09-17T17:12:13.483185+08:00","Action":"output","Package":"github.com/TokenFlux/TokenRouter/internal/server/routes","Test":"TestProtocolAllPublicRoutesDeniedBeforeUpstream/POST/v1/responses/input_tokens","Output":"=== RUN   TestProtocolAllPublicRoutesDeniedBeforeUpstream/POST/v1/responses/input_tokens\n","OutputType":"frame"}
{"Time":"2026-09-17T17:12:13.483235+08:00","Action":"output","Package":"github.com/TokenFlux/TokenRouter/internal/server/routes","Test":"TestProtocolAllPublicRoutesDeniedBeforeUpstream/POST/v1/responses/input_tokens","Output":"--- PASS: TestProtocolAllPublicRoutesDeniedBeforeUpstream/POST/v1/responses/input_tokens (0.00s)\n","OutputType":"frame"}
{"Time":"2026-09-17T17:12:13.483241+08:00","Action":"pass","Package":"github.com/TokenFlux/TokenRouter/internal/server/routes","Test":"TestProtocolAllPublicRoutesDeniedBeforeUpstream/POST/v1/responses/input_tokens","Elapsed":0}
{"Time":"2026-09-17T17:12:13.483243+08:00","Action":"run","Package":"github.com/TokenFlux/TokenRouter/internal/server/routes","Test":"TestProtocolAllPublicRoutesDeniedBeforeUpstream/POST/v1beta/models/gemini:countTokens"}
{"Time":"2026-09-17T17:12:13.483245+08:00","Action":"output","Package":"github.com/TokenFlux/TokenRouter/internal/server/routes","Test":"TestProtocolAllPublicRoutesDeniedBeforeUpstream/POST/v1beta/models/gemini:countTokens","Output":"=== RUN   TestProtocolAllPublicRoutesDeniedBeforeUpstream/POST/v1beta/models/gemini:countTokens\n","OutputType":"frame"}
{"Time":"2026-09-17T17:12:13.483279+08:00","Action":"output","Package":"github.com/TokenFlux/TokenRouter/internal/server/routes","Test":"TestProtocolAllPublicRoutesDeniedBeforeUpstream/POST/v1beta/models/gemini:countTokens","Output":"--- PASS: TestProtocolAllPublicRoutesDeniedBeforeUpstream/POST/v1beta/models/gemini:countTokens (0.00s)\n","OutputType":"frame"}
{"Time":"2026-09-17T17:12:13.483284+08:00","Action":"pass","Package":"github.com/TokenFlux/TokenRouter/internal/server/routes","Test":"TestProtocolAllPublicRoutesDeniedBeforeUpstream/POST/v1beta/models/gemini:countTokens","Elapsed":0}
{"Time":"2026-09-17T17:12:13.483288+08:00","Action":"output","Package":"github.com/TokenFlux/TokenRouter/internal/server/routes","Test":"TestProtocolAllPublicRoutesDeniedBeforeUpstream","Output":"--- PASS: TestProtocolAllPublicRoutesDeniedBeforeUpstream (0.00s)\n","OutputType":"frame"}
{"Time":"2026-09-17T17:12:13.483292+08:00","Action":"pass","Package":"github.com/TokenFlux/TokenRouter/internal/server/routes","Test":"TestProtocolAllPublicRoutesDeniedBeforeUpstream","Elapsed":0}
{"Time":"2026-09-17T17:12:13.483295+08:00","Action":"run","Package":"github.com/TokenFlux/TokenRouter/internal/server/routes","Test":"TestProtocolAuxiliaryAndExistingJobs"}
{"Time":"2026-09-17T17:12:13.483298+08:00","Action":"output","Package":"github.com/TokenFlux/TokenRouter/internal/server/routes","Test":"TestProtocolAuxiliaryAndExistingJobs","Output":"=== RUN   TestProtocolAuxiliaryAndExistingJobs\n","OutputType":"frame"}
{"Time":"2026-09-17T17:12:13.483302+08:00","Action":"output","Package":"github.com/TokenFlux/TokenRouter/internal/server/routes","Test":"TestProtocolAuxiliaryAndExistingJobs","Output":"--- PASS: TestProtocolAuxiliaryAndExistingJobs (0.00s)\n","OutputType":"frame"}
{"Time":"2026-09-17T17:12:13.483304+08:00","Action":"pass","Package":"github.com/TokenFlux/TokenRouter/internal/server/routes","Test":"TestProtocolAuxiliaryAndExistingJobs","Elapsed":0}
{"Time":"2026-09-17T17:12:13.483307+08:00","Action":"run","Package":"github.com/TokenFlux/TokenRouter/internal/server/routes","Test":"TestProtocolRouteAliases"}
{"Time":"2026-09-17T17:12:13.483309+08:00","Action":"output","Package":"github.com/TokenFlux/TokenRouter/internal/server/routes","Test":"TestProtocolRouteAliases","Output":"=== RUN   TestProtocolRouteAliases\n","OutputType":"frame"}
{"Time":"2026-09-17T17:12:13.483313+08:00","Action":"run","Package":"github.com/TokenFlux/TokenRouter/internal/server/routes","Test":"TestProtocolRouteAliases/POST/embeddings"}
{"Time":"2026-09-17T17:12:13.483316+08:00","Action":"output","Package":"github.com/TokenFlux/TokenRouter/internal/server/routes","Test":"TestProtocolRouteAliases/POST/embeddings","Output":"=== RUN   TestProtocolRouteAliases/POST/embeddings\n","OutputType":"frame"}
{"Time":"2026-09-17T17:12:13.48332+08:00","Action":"output","Package":"github.com/TokenFlux/TokenRouter/internal/server/routes","Test":"TestProtocolRouteAliases/POST/embeddings","Output":"--- PASS: TestProtocolRouteAliases/POST/embeddings (0.00s)\n","OutputType":"frame"}
{"Time":"2026-09-17T17:12:13.483323+08:00","Action":"pass","Package":"github.com/TokenFlux/TokenRouter/internal/server/routes","Test":"TestProtocolRouteAliases/POST/embeddings","Elapsed":0}
{"Time":"2026-09-17T17:12:13.483325+08:00","Action":"run","Package":"github.com/TokenFlux/TokenRouter/internal/server/routes","Test":"TestProtocolRouteAliases/POST/v1/embeddings"}
{"Time":"2026-09-17T17:12:13.483327+08:00","Action":"output","Package":"github.com/TokenFlux/TokenRouter/internal/server/routes","Test":"TestProtocolRouteAliases/POST/v1/embeddings","Output":"=== RUN   TestProtocolRouteAliases/POST/v1/embeddings\n","OutputType":"frame"}
{"Time":"2026-09-17T17:12:13.483329+08:00","Action":"output","Package":"github.com/TokenFlux/TokenRouter/internal/server/routes","Test":"TestProtocolRouteAliases/POST/v1/embeddings","Output":"--- PASS: TestProtocolRouteAliases/POST/v1/embeddings (0.00s)\n","OutputType":"frame"}
{"Time":"2026-09-17T17:12:13.483331+08:00","Action":"pass","Package":"github.com/TokenFlux/TokenRouter/internal/server/routes","Test":"TestProtocolRouteAliases/POST/v1/embeddings","Elapsed":0}
{"Time":"2026-09-17T17:12:13.483333+08:00","Action":"run","Package":"github.com/TokenFlux/TokenRouter/internal/server/routes","Test":"TestProtocolRouteAliases/POST/backend-api/codex/embeddings"}
{"Time":"2026-09-17T17:12:13.483336+08:00","Action":"output","Package":"github.com/TokenFlux/TokenRouter/internal/server/routes","Test":"TestProtocolRouteAliases/POST/backend-api/codex/embeddings","Output":"=== RUN   TestProtocolRouteAliases/POST/backend-api/codex/embeddings\n","OutputType":"frame"}
{"Time":"2026-09-17T17:12:13.48334+08:00","Action":"output","Package":"github.com/TokenFlux/TokenRouter/internal/server/routes","Test":"TestProtocolRouteAliases/POST/backend-api/codex/embeddings","Output":"--- PASS: TestProtocolRouteAliases/POST/backend-api/codex/embeddings (0.00s)\n","OutputType":"frame"}
{"Time":"2026-09-17T17:12:13.483352+08:00","Action":"pass","Package":"github.com/TokenFlux/TokenRouter/internal/server/routes","Test":"TestProtocolRouteAliases/POST/backend-api/codex/embeddings","Elapsed":0}
{"Time":"2026-09-17T17:12:13.483355+08:00","Action":"run","Package":"github.com/TokenFlux/TokenRouter/internal/server/routes","Test":"TestProtocolRouteAliases/POST/images/generations"}
{"Time":"2026-09-17T17:12:13.483358+08:00","Action":"output","Package":"github.com/TokenFlux/TokenRouter/internal/server/routes","Test":"TestProtocolRouteAliases/POST/images/generations","Output":"=== RUN   TestProtocolRouteAliases/POST/images/generations\n","OutputType":"frame"}
{"Time":"2026-09-17T17:12:13.483361+08:00","Action":"output","Package":"github.com/TokenFlux/TokenRouter/internal/server/routes","Test":"TestProtocolRouteAliases/POST/images/generations","Output":"--- PASS: TestProtocolRouteAliases/POST/images/generations (0.00s)\n","OutputType":"frame"}
{"Time":"2026-09-17T17:12:13.483363+08:00","Action":"pass","Package":"github.com/TokenFlux/TokenRouter/internal/server/routes","Test":"TestProtocolRouteAliases/POST/images/generations","Elapsed":0}
{"Time":"2026-09-17T17:12:13.483365+08:00","Action":"run","Package":"github.com/TokenFlux/TokenRouter/internal/server/routes","Test":"TestProtocolRouteAliases/POST/v1/images/generations"}
{"Time":"2026-09-17T17:12:13.483373+08:00","Action":"output","Package":"github.com/TokenFlux/TokenRouter/internal/server/routes","Test":"TestProtocolRouteAliases/POST/v1/images/generations","Output":"=== RUN   TestProtocolRouteAliases/POST/v1/images/generations\n","OutputType":"frame"}
{"Time":"2026-09-17T17:12:13.483376+08:00","Action":"output","Package":"github.com/TokenFlux/TokenRouter/internal/server/routes","Test":"TestProtocolRouteAliases/POST/v1/images/generations","Output":"--- PASS: TestProtocolRouteAliases/POST/v1/images/generations (0.00s)\n","OutputType":"frame"}
{"Time":"2026-09-17T17:12:13.48338+08:00","Action":"pass","Package":"github.com/TokenFlux/TokenRouter/internal/server/routes","Test":"TestProtocolRouteAliases/POST/v1/images/generations","Elapsed":0}
{"Time":"2026-09-17T17:12:13.483382+08:00","Action":"run","Package":"github.com/TokenFlux/TokenRouter/internal/server/routes","Test":"TestProtocolRouteAliases/POST/backend-api/codex/images/generations"}
{"Time":"2026-09-17T17:12:13.483385+08:00","Action":"output","Package":"github.com/TokenFlux/TokenRouter/internal/server/routes","Test":"TestProtocolRouteAliases/POST/backend-api/codex/images/generations","Output":"=== RUN   TestProtocolRouteAliases/POST/backend-api/codex/images/generations\n","OutputType":"frame"}
{"Time":"2026-09-17T17:12:13.483389+08:00","Action":"output","Package":"github.com/TokenFlux/TokenRouter/internal/server/routes","Test":"TestProtocolRouteAliases/POST/backend-api/codex/images/generations","Output":"--- PASS: TestProtocolRouteAliases/POST/backend-api/codex/images/generations (0.00s)\n","OutputType":"frame"}
{"Time":"2026-09-17T17:12:13.483395+08:00","Action":"pass","Package":"github.com/TokenFlux/TokenRouter/internal/server/routes","Test":"TestProtocolRouteAliases/POST/backend-api/codex/images/generations","Elapsed":0}
{"Time":"2026-09-17T17:12:13.483397+08:00","Action":"run","Package":"github.com/TokenFlux/TokenRouter/internal/server/routes","Test":"TestProtocolRouteAliases/POST/images/edits"}
{"Time":"2026-09-17T17:12:13.483399+08:00","Action":"output","Package":"github.com/TokenFlux/TokenRouter/internal/server/routes","Test":"TestProtocolRouteAliases/POST/images/edits","Output":"=== RUN   TestProtocolRouteAliases/POST/images/edits\n","OutputType":"frame"}
{"Time":"2026-09-17T17:12:13.483401+08:00","Action":"output","Package":"github.com/TokenFlux/TokenRouter/internal/server/routes","Test":"TestProtocolRouteAliases/POST/images/edits","Output":"--- PASS: TestProtocolRouteAliases/POST/images/edits (0.00s)\n","OutputType":"frame"}
{"Time":"2026-09-17T17:12:13.483403+08:00","Action":"pass","Package":"github.com/TokenFlux/TokenRouter/internal/server/routes","Test":"TestProtocolRouteAliases/POST/images/edits","Elapsed":0}
{"Time":"2026-09-17T17:12:13.483405+08:00","Action":"run","Package":"github.com/TokenFlux/TokenRouter/internal/server/routes","Test":"TestProtocolRouteAliases/POST/v1/images/edits"}
{"Time":"2026-09-17T17:12:13.483407+08:00","Action":"output","Package":"github.com/TokenFlux/TokenRouter/internal/server/routes","Test":"TestProtocolRouteAliases/POST/v1/images/edits","Output":"=== RUN   TestProtocolRouteAliases/POST/v1/images/edits\n","OutputType":"frame"}
{"Time":"2026-09-17T17:12:13.483412+08:00","Action":"output","Package":"github.com/TokenFlux/TokenRouter/internal/server/routes","Test":"TestProtocolRouteAliases/POST/v1/images/edits","Output":"--- PASS: TestProtocolRouteAliases/POST/v1/images/edits (0.00s)\n","OutputType":"frame"}
{"Time":"2026-09-17T17:12:13.483416+08:00","Action":"pass","Package":"github.com/TokenFlux/TokenRouter/internal/server/routes","Test":"TestProtocolRouteAliases/POST/v1/images/edits","Elapsed":0}
{"Time":"2026-09-17T17:12:13.483418+08:00","Action":"run","Package":"github.com/TokenFlux/TokenRouter/internal/server/routes","Test":"TestProtocolRouteAliases/POST/backend-api/codex/images/edits"}
{"Time":"2026-09-17T17:12:13.483422+08:00","Action":"output","Package":"github.com/TokenFlux/TokenRouter/internal/server/routes","Test":"TestProtocolRouteAliases/POST/backend-api/codex/images/edits","Output":"=== RUN   TestProtocolRouteAliases/POST/backend-api/codex/images/edits\n","OutputType":"frame"}
{"Time":"2026-09-17T17:12:13.483426+08:00","Action":"output","Package":"github.com/TokenFlux/TokenRouter/internal/server/routes","Test":"TestProtocolRouteAliases/POST/backend-api/codex/images/edits","Output":"--- PASS: TestProtocolRouteAliases/POST/backend-api/codex/images/edits (0.00s)\n","OutputType":"frame"}
{"Time":"2026-09-17T17:12:13.483429+08:00","Action":"pass","Package":"github.com/TokenFlux/TokenRouter/internal/server/routes","Test":"TestProtocolRouteAliases/POST/backend-api/codex/images/edits","Elapsed":0}
{"Time":"2026-09-17T17:12:13.483432+08:00","Action":"run","Package":"github.com/TokenFlux/TokenRouter/internal/server/routes","Test":"TestProtocolRouteAliases/POST/images/batches"}
{"Time":"2026-09-17T17:12:13.483434+08:00","Action":"output","Package":"github.com/TokenFlux/TokenRouter/internal/server/routes","Test":"TestProtocolRouteAliases/POST/images/batches","Output":"=== RUN   TestProtocolRouteAliases/POST/images/batches\n","OutputType":"frame"}
{"Time":"2026-09-17T17:12:13.483437+08:00","Action":"output","Package":"github.com/TokenFlux/TokenRouter/internal/server/routes","Test":"TestProtocolRouteAliases/POST/images/batches","Output":"--- PASS: TestProtocolRouteAliases/POST/images/batches (0.00s)\n","OutputType":"frame"}
{"Time":"2026-09-17T17:12:13.48344+08:00","Action":"pass","Package":"github.com/TokenFlux/TokenRouter/internal/server/routes","Test":"TestProtocolRouteAliases/POST/images/batches","Elapsed":0}
{"Time":"2026-09-17T17:12:13.483443+08:00","Action":"run","Package":"github.com/TokenFlux/TokenRouter/internal/server/routes","Test":"TestProtocolRouteAliases/POST/v1/images/batches"}
{"Time":"2026-09-17T17:12:13.483446+08:00","Action":"output","Package":"github.com/TokenFlux/TokenRouter/internal/server/routes","Test":"TestProtocolRouteAliases/POST/v1/images/batches","Output":"=== RUN   TestProtocolRouteAliases/POST/v1/images/batches\n","OutputType":"frame"}
{"Time":"2026-09-17T17:12:13.483448+08:00","Action":"output","Package":"github.com/TokenFlux/TokenRouter/internal/server/routes","Test":"TestProtocolRouteAliases/POST/v1/images/batches","Output":"--- PASS: TestProtocolRouteAliases/POST/v1/images/batches (0.00s)\n","OutputType":"frame"}
{"Time":"2026-09-17T17:12:13.48345+08:00","Action":"pass","Package":"github.com/TokenFlux/TokenRouter/internal/server/routes","Test":"TestProtocolRouteAliases/POST/v1/images/batches","Elapsed":0}
{"Time":"2026-09-17T17:12:13.483452+08:00","Action":"run","Package":"github.com/TokenFlux/TokenRouter/internal/server/routes","Test":"TestProtocolRouteAliases/POST/backend-api/codex/images/batches"}
{"Time":"2026-09-17T17:12:13.483454+08:00","Action":"output","Package":"github.com/TokenFlux/TokenRouter/internal/server/routes","Test":"TestProtocolRouteAliases/POST/backend-api/codex/images/batches","Output":"=== RUN   TestProtocolRouteAliases/POST/backend-api/codex/images/batches\n","OutputType":"frame"}
{"Time":"2026-09-17T17:12:13.483457+08:00","Action":"output","Package":"github.com/TokenFlux/TokenRouter/internal/server/routes","Test":"TestProtocolRouteAliases/POST/backend-api/codex/images/batches","Output":"--- PASS: TestProtocolRouteAliases/POST/backend-api/codex/images/batches (0.00s)\n","OutputType":"frame"}
{"Time":"2026-09-17T17:12:13.483459+08:00","Action":"pass","Package":"github.com/TokenFlux/TokenRouter/internal/server/routes","Test":"TestProtocolRouteAliases/POST/backend-api/codex/images/batches","Elapsed":0}
{"Time":"2026-09-17T17:12:13.483461+08:00","Action":"run","Package":"github.com/TokenFlux/TokenRouter/internal/server/routes","Test":"TestProtocolRouteAliases/POST/videos"}
{"Time":"2026-09-17T17:12:13.483463+08:00","Action":"output","Package":"github.com/TokenFlux/TokenRouter/internal/server/routes","Test":"TestProtocolRouteAliases/POST/videos","Output":"=== RUN   TestProtocolRouteAliases/POST/videos\n","OutputType":"frame"}
{"Time":"2026-09-17T17:12:13.483467+08:00","Action":"output","Package":"github.com/TokenFlux/TokenRouter/internal/server/routes","Test":"TestProtocolRouteAliases/POST/videos","Output":"--- PASS: TestProtocolRouteAliases/POST/videos (0.00s)\n","OutputType":"frame"}
{"Time":"2026-09-17T17:12:13.48347+08:00","Action":"pass","Package":"github.com/TokenFlux/TokenRouter/internal/server/routes","Test":"TestProtocolRouteAliases/POST/videos","Elapsed":0}
{"Time":"2026-09-17T17:12:13.483473+08:00","Action":"run","Package":"github.com/TokenFlux/TokenRouter/internal/server/routes","Test":"TestProtocolRouteAliases/POST/v1/videos"}
{"Time":"2026-09-17T17:12:13.483476+08:00","Action":"output","Package":"github.com/TokenFlux/TokenRouter/internal/server/routes","Test":"TestProtocolRouteAliases/POST/v1/videos","Output":"=== RUN   TestProtocolRouteAliases/POST/v1/videos\n","OutputType":"frame"}
{"Time":"2026-09-17T17:12:13.48348+08:00","Action":"output","Package":"github.com/TokenFlux/TokenRouter/internal/server/routes","Test":"TestProtocolRouteAliases/POST/v1/videos","Output":"--- PASS: TestProtocolRouteAliases/POST/v1/videos (0.00s)\n","OutputType":"frame"}
{"Time":"2026-09-17T17:12:13.483483+08:00","Action":"pass","Package":"github.com/TokenFlux/TokenRouter/internal/server/routes","Test":"TestProtocolRouteAliases/POST/v1/videos","Elapsed":0}
{"Time":"2026-09-17T17:12:13.483487+08:00","Action":"run","Package":"github.com/TokenFlux/TokenRouter/internal/server/routes","Test":"TestProtocolRouteAliases/POST/backend-api/codex/videos"}
{"Time":"2026-09-17T17:12:13.483489+08:00","Action":"output","Package":"github.com/TokenFlux/TokenRouter/internal/server/routes","Test":"TestProtocolRouteAliases/POST/backend-api/codex/videos","Output":"=== RUN   TestProtocolRouteAliases/POST/backend-api/codex/videos\n","OutputType":"frame"}
{"Time":"2026-09-17T17:12:13.483491+08:00","Action":"output","Package":"github.com/TokenFlux/TokenRouter/internal/server/routes","Test":"TestProtocolRouteAliases/POST/backend-api/codex/videos","Output":"--- PASS: TestProtocolRouteAliases/POST/backend-api/codex/videos (0.00s)\n","OutputType":"frame"}
{"Time":"2026-09-17T17:12:13.483493+08:00","Action":"pass","Package":"github.com/TokenFlux/TokenRouter/internal/server/routes","Test":"TestProtocolRouteAliases/POST/backend-api/codex/videos","Elapsed":0}
{"Time":"2026-09-17T17:12:13.483496+08:00","Action":"run","Package":"github.com/TokenFlux/TokenRouter/internal/server/routes","Test":"TestProtocolRouteAliases/POST/videos/generations"}
{"Time":"2026-09-17T17:12:13.483498+08:00","Action":"output","Package":"github.com/TokenFlux/TokenRouter/internal/server/routes","Test":"TestProtocolRouteAliases/POST/videos/generations","Output":"=== RUN   TestProtocolRouteAliases/POST/videos/generations\n","OutputType":"frame"}
{"Time":"2026-09-17T17:12:13.483502+08:00","Action":"output","Package":"github.com/TokenFlux/TokenRouter/internal/server/routes","Test":"TestProtocolRouteAliases/POST/videos/generations","Output":"--- PASS: TestProtocolRouteAliases/POST/videos/generations (0.00s)\n","OutputType":"frame"}
{"Time":"2026-09-17T17:12:13.483505+08:00","Action":"pass","Package":"github.com/TokenFlux/TokenRouter/internal/server/routes","Test":"TestProtocolRouteAliases/POST/videos/generations","Elapsed":0}
{"Time":"2026-09-17T17:12:13.483506+08:00","Action":"run","Package":"github.com/TokenFlux/TokenRouter/internal/server/routes","Test":"TestProtocolRouteAliases/POST/v1/videos/generations"}
{"Time":"2026-09-17T17:12:13.483508+08:00","Action":"output","Package":"github.com/TokenFlux/TokenRouter/internal/server/routes","Test":"TestProtocolRouteAliases/POST/v1/videos/generations","Output":"=== RUN   TestProtocolRouteAliases/POST/v1/videos/generations\n","OutputType":"frame"}
{"Time":"2026-09-17T17:12:13.48351+08:00","Action":"output","Package":"github.com/TokenFlux/TokenRouter/internal/server/routes","Test":"TestProtocolRouteAliases/POST/v1/videos/generations","Output":"--- PASS: TestProtocolRouteAliases/POST/v1/videos/generations (0.00s)\n","OutputType":"frame"}
{"Time":"2026-09-17T17:12:13.483513+08:00","Action":"pass","Package":"github.com/TokenFlux/TokenRouter/internal/server/routes","Test":"TestProtocolRouteAliases/POST/v1/videos/generations","Elapsed":0}
{"Time":"2026-09-17T17:12:13.483514+08:00","Action":"run","Package":"github.com/TokenFlux/TokenRouter/internal/server/routes","Test":"TestProtocolRouteAliases/POST/backend-api/codex/videos/generations"}
{"Time":"2026-09-17T17:12:13.483516+08:00","Action":"output","Package":"github.com/TokenFlux/TokenRouter/internal/server/routes","Test":"TestProtocolRouteAliases/POST/backend-api/codex/videos/generations","Output":"=== RUN   TestProtocolRouteAliases/POST/backend-api/codex/videos/generations\n","OutputType":"frame"}
{"Time":"2026-09-17T17:12:13.483518+08:00","Action":"output","Package":"github.com/TokenFlux/TokenRouter/internal/server/routes","Test":"TestProtocolRouteAliases/POST/backend-api/codex/videos/generations","Output":"--- PASS: TestProtocolRouteAliases/POST/backend-api/codex/videos/generations (0.00s)\n","OutputType":"frame"}
{"Time":"2026-09-17T17:12:13.48353+08:00","Action":"pass","Package":"github.com/TokenFlux/TokenRouter/internal/server/routes","Test":"TestProtocolRouteAliases/POST/backend-api/codex/videos/generations","Elapsed":0}
{"Time":"2026-09-17T17:12:13.483534+08:00","Action":"run","Package":"github.com/TokenFlux/TokenRouter/internal/server/routes","Test":"TestProtocolRouteAliases/POST/videos/edits"}
{"Time":"2026-09-17T17:12:13.483536+08:00","Action":"output","Package":"github.com/TokenFlux/TokenRouter/internal/server/routes","Test":"TestProtocolRouteAliases/POST/videos/edits","Output":"=== RUN   TestProtocolRouteAliases/POST/videos/edits\n","OutputType":"frame"}
{"Time":"2026-09-17T17:12:13.483539+08:00","Action":"output","Package":"github.com/TokenFlux/TokenRouter/internal/server/routes","Test":"TestProtocolRouteAliases/POST/videos/edits","Output":"--- PASS: TestProtocolRouteAliases/POST/videos/edits (0.00s)\n","OutputType":"frame"}
{"Time":"2026-09-17T17:12:13.483542+08:00","Action":"pass","Package":"github.com/TokenFlux/TokenRouter/internal/server/routes","Test":"TestProtocolRouteAliases/POST/videos/edits","Elapsed":0}
{"Time":"2026-09-17T17:12:13.483544+08:00","Action":"run","Package":"github.com/TokenFlux/TokenRouter/internal/server/routes","Test":"TestProtocolRouteAliases/POST/v1/videos/edits"}
{"Time":"2026-09-17T17:12:13.483546+08:00","Action":"output","Package":"github.com/TokenFlux/TokenRouter/internal/server/routes","Test":"TestProtocolRouteAliases/POST/v1/videos/edits","Output":"=== RUN   TestProtocolRouteAliases/POST/v1/videos/edits\n","OutputType":"frame"}
{"Time":"2026-09-17T17:12:13.483548+08:00","Action":"output","Package":"github.com/TokenFlux/TokenRouter/internal/server/routes","Test":"TestProtocolRouteAliases/POST/v1/videos/edits","Output":"--- PASS: TestProtocolRouteAliases/POST/v1/videos/edits (0.00s)\n","OutputType":"frame"}
{"Time":"2026-09-17T17:12:13.48355+08:00","Action":"pass","Package":"github.com/TokenFlux/TokenRouter/internal/server/routes","Test":"TestProtocolRouteAliases/POST/v1/videos/edits","Elapsed":0}
{"Time":"2026-09-17T17:12:13.483551+08:00","Action":"run","Package":"github.com/TokenFlux/TokenRouter/internal/server/routes","Test":"TestProtocolRouteAliases/POST/backend-api/codex/videos/edits"}
{"Time":"2026-09-17T17:12:13.483553+08:00","Action":"output","Package":"github.com/TokenFlux/TokenRouter/internal/server/routes","Test":"TestProtocolRouteAliases/POST/backend-api/codex/videos/edits","Output":"=== RUN   TestProtocolRouteAliases/POST/backend-api/codex/videos/edits\n","OutputType":"frame"}
{"Time":"2026-09-17T17:12:13.483558+08:00","Action":"output","Package":"github.com/TokenFlux/TokenRouter/internal/server/routes","Test":"TestProtocolRouteAliases/POST/backend-api/codex/videos/edits","Output":"--- PASS: TestProtocolRouteAliases/POST/backend-api/codex/videos/edits (0.00s)\n","OutputType":"frame"}
{"Time":"2026-09-17T17:12:13.483561+08:00","Action":"pass","Package":"github.com/TokenFlux/TokenRouter/internal/server/routes","Test":"TestProtocolRouteAliases/POST/backend-api/codex/videos/edits","Elapsed":0}
{"Time":"2026-09-17T17:12:13.483563+08:00","Action":"run","Package":"github.com/TokenFlux/TokenRouter/internal/server/routes","Test":"TestProtocolRouteAliases/POST/videos/extensions"}
{"Time":"2026-09-17T17:12:13.483565+08:00","Action":"output","Package":"github.com/TokenFlux/TokenRouter/internal/server/routes","Test":"TestProtocolRouteAliases/POST/videos/extensions","Output":"=== RUN   TestProtocolRouteAliases/POST/videos/extensions\n","OutputType":"frame"}
{"Time":"2026-09-17T17:12:13.483568+08:00","Action":"output","Package":"github.com/TokenFlux/TokenRouter/internal/server/routes","Test":"TestProtocolRouteAliases/POST/videos/extensions","Output":"--- PASS: TestProtocolRouteAliases/POST/videos/extensions (0.00s)\n","OutputType":"frame"}
{"Time":"2026-09-17T17:12:13.483571+08:00","Action":"pass","Package":"github.com/TokenFlux/TokenRouter/internal/server/routes","Test":"TestProtocolRouteAliases/POST/videos/extensions","Elapsed":0}
{"Time":"2026-09-17T17:12:13.483573+08:00","Action":"run","Package":"github.com/TokenFlux/TokenRouter/internal/server/routes","Test":"TestProtocolRouteAliases/POST/v1/videos/extensions"}
{"Time":"2026-09-17T17:12:13.483576+08:00","Action":"output","Package":"github.com/TokenFlux/TokenRouter/internal/server/routes","Test":"TestProtocolRouteAliases/POST/v1/videos/extensions","Output":"=== RUN   TestProtocolRouteAliases/POST/v1/videos/extensions\n","OutputType":"frame"}
{"Time":"2026-09-17T17:12:13.48358+08:00","Action":"output","Package":"github.com/TokenFlux/TokenRouter/internal/server/routes","Test":"TestProtocolRouteAliases/POST/v1/videos/extensions","Output":"--- PASS: TestProtocolRouteAliases/POST/v1/videos/extensions (0.00s)\n","OutputType":"frame"}
{"Time":"2026-09-17T17:12:13.483583+08:00","Action":"pass","Package":"github.com/TokenFlux/TokenRouter/internal/server/routes","Test":"TestProtocolRouteAliases/POST/v1/videos/extensions","Elapsed":0}
{"Time":"2026-09-17T17:12:13.483588+08:00","Action":"run","Package":"github.com/TokenFlux/TokenRouter/internal/server/routes","Test":"TestProtocolRouteAliases/POST/backend-api/codex/videos/extensions"}
{"Time":"2026-09-17T17:12:13.483591+08:00","Action":"output","Package":"github.com/TokenFlux/TokenRouter/internal/server/routes","Test":"TestProtocolRouteAliases/POST/backend-api/codex/videos/extensions","Output":"=== RUN   TestProtocolRouteAliases/POST/backend-api/codex/videos/extensions\n","OutputType":"frame"}
{"Time":"2026-09-17T17:12:13.483595+08:00","Action":"output","Package":"github.com/TokenFlux/TokenRouter/internal/server/routes","Test":"TestProtocolRouteAliases/POST/backend-api/codex/videos/extensions","Output":"--- PASS: TestProtocolRouteAliases/POST/backend-api/codex/videos/extensions (0.00s)\n","OutputType":"frame"}
{"Time":"2026-09-17T17:12:13.483598+08:00","Action":"pass","Package":"github.com/TokenFlux/TokenRouter/internal/server/routes","Test":"TestProtocolRouteAliases/POST/backend-api/codex/videos/extensions","Elapsed":0}
{"Time":"2026-09-17T17:12:13.483601+08:00","Action":"run","Package":"github.com/TokenFlux/TokenRouter/internal/server/routes","Test":"TestProtocolRouteAliases/POST/tts"}
{"Time":"2026-09-17T17:12:13.483603+08:00","Action":"output","Package":"github.com/TokenFlux/TokenRouter/internal/server/routes","Test":"TestProtocolRouteAliases/POST/tts","Output":"=== RUN   TestProtocolRouteAliases/POST/tts\n","OutputType":"frame"}
{"Time":"2026-09-17T17:12:13.483605+08:00","Action":"output","Package":"github.com/TokenFlux/TokenRouter/internal/server/routes","Test":"TestProtocolRouteAliases/POST/tts","Output":"--- PASS: TestProtocolRouteAliases/POST/tts (0.00s)\n","OutputType":"frame"}
{"Time":"2026-09-17T17:12:13.483607+08:00","Action":"pass","Package":"github.com/TokenFlux/TokenRouter/internal/server/routes","Test":"TestProtocolRouteAliases/POST/tts","Elapsed":0}
{"Time":"2026-09-17T17:12:13.483609+08:00","Action":"run","Package":"github.com/TokenFlux/TokenRouter/internal/server/routes","Test":"TestProtocolRouteAliases/POST/v1/tts"}
{"Time":"2026-09-17T17:12:13.483611+08:00","Action":"output","Package":"github.com/TokenFlux/TokenRouter/internal/server/routes","Test":"TestProtocolRouteAliases/POST/v1/tts","Output":"=== RUN   TestProtocolRouteAliases/POST/v1/tts\n","OutputType":"frame"}
{"Time":"2026-09-17T17:12:13.483615+08:00","Action":"output","Package":"github.com/TokenFlux/TokenRouter/internal/server/routes","Test":"TestProtocolRouteAliases/POST/v1/tts","Output":"--- PASS: TestProtocolRouteAliases/POST/v1/tts (0.00s)\n","OutputType":"frame"}
{"Time":"2026-09-17T17:12:13.483617+08:00","Action":"pass","Package":"github.com/TokenFlux/TokenRouter/internal/server/routes","Test":"TestProtocolRouteAliases/POST/v1/tts","Elapsed":0}
{"Time":"2026-09-17T17:12:13.48362+08:00","Action":"run","Package":"github.com/TokenFlux/TokenRouter/internal/server/routes","Test":"TestProtocolRouteAliases/POST/backend-api/codex/tts"}
{"Time":"2026-09-17T17:12:13.483622+08:00","Action":"output","Package":"github.com/TokenFlux/TokenRouter/internal/server/routes","Test":"TestProtocolRouteAliases/POST/backend-api/codex/tts","Output":"=== RUN   TestProtocolRouteAliases/POST/backend-api/codex/tts\n","OutputType":"frame"}
{"Time":"2026-09-17T17:12:13.483624+08:00","Action":"output","Package":"github.com/TokenFlux/TokenRouter/internal/server/routes","Test":"TestProtocolRouteAliases/POST/backend-api/codex/tts","Output":"--- PASS: TestProtocolRouteAliases/POST/backend-api/codex/tts (0.00s)\n","OutputType":"frame"}
{"Time":"2026-09-17T17:12:13.483627+08:00","Action":"pass","Package":"github.com/TokenFlux/TokenRouter/internal/server/routes","Test":"TestProtocolRouteAliases/POST/backend-api/codex/tts","Elapsed":0}
{"Time":"2026-09-17T17:12:13.483628+08:00","Action":"run","Package":"github.com/TokenFlux/TokenRouter/internal/server/routes","Test":"TestProtocolRouteAliases/POST/stt"}
{"Time":"2026-09-17T17:12:13.48363+08:00","Action":"output","Package":"github.com/TokenFlux/TokenRouter/internal/server/routes","Test":"TestProtocolRouteAliases/POST/stt","Output":"=== RUN   TestProtocolRouteAliases/POST/stt\n","OutputType":"frame"}
{"Time":"2026-09-17T17:12:13.483632+08:00","Action":"output","Package":"github.com/TokenFlux/TokenRouter/internal/server/routes","Test":"TestProtocolRouteAliases/POST/stt","Output":"--- PASS: TestProtocolRouteAliases/POST/stt (0.00s)\n","OutputType":"frame"}
{"Time":"2026-09-17T17:12:13.483634+08:00","Action":"pass","Package":"github.com/TokenFlux/TokenRouter/internal/server/routes","Test":"TestProtocolRouteAliases/POST/stt","Elapsed":0}
{"Time":"2026-09-17T17:12:13.483636+08:00","Action":"run","Package":"github.com/TokenFlux/TokenRouter/internal/server/routes","Test":"TestProtocolRouteAliases/POST/v1/stt"}
{"Time":"2026-09-17T17:12:13.483642+08:00","Action":"output","Package":"github.com/TokenFlux/TokenRouter/internal/server/routes","Test":"TestProtocolRouteAliases/POST/v1/stt","Output":"=== RUN   TestProtocolRouteAliases/POST/v1/stt\n","OutputType":"frame"}
{"Time":"2026-09-17T17:12:13.483646+08:00","Action":"output","Package":"github.com/TokenFlux/TokenRouter/internal/server/routes","Test":"TestProtocolRouteAliases/POST/v1/stt","Output":"--- PASS: TestProtocolRouteAliases/POST/v1/stt (0.00s)\n","OutputType":"frame"}
{"Time":"2026-09-17T17:12:13.483649+08:00","Action":"pass","Package":"github.com/TokenFlux/TokenRouter/internal/server/routes","Test":"TestProtocolRouteAliases/POST/v1/stt","Elapsed":0}
{"Time":"2026-09-17T17:12:13.483652+08:00","Action":"run","Package":"github.com/TokenFlux/TokenRouter/internal/server/routes","Test":"TestProtocolRouteAliases/POST/backend-api/codex/stt"}
{"Time":"2026-09-17T17:12:13.483654+08:00","Action":"output","Package":"github.com/TokenFlux/TokenRouter/internal/server/routes","Test":"TestProtocolRouteAliases/POST/backend-api/codex/stt","Output":"=== RUN   TestProtocolRouteAliases/POST/backend-api/codex/stt\n","OutputType":"frame"}
{"Time":"2026-09-17T17:12:13.483656+08:00","Action":"output","Package":"github.com/TokenFlux/TokenRouter/internal/server/routes","Test":"TestProtocolRouteAliases/POST/backend-api/codex/stt","Output":"--- PASS: TestProtocolRouteAliases/POST/backend-api/codex/stt (0.00s)\n","OutputType":"frame"}
{"Time":"2026-09-17T17:12:13.48366+08:00","Action":"pass","Package":"github.com/TokenFlux/TokenRouter/internal/server/routes","Test":"TestProtocolRouteAliases/POST/backend-api/codex/stt","Elapsed":0}
{"Time":"2026-09-17T17:12:13.483662+08:00","Action":"run","Package":"github.com/TokenFlux/TokenRouter/internal/server/routes","Test":"TestProtocolRouteAliases/POST/custom-voices"}
{"Time":"2026-09-17T17:12:13.483665+08:00","Action":"output","Package":"github.com/TokenFlux/TokenRouter/internal/server/routes","Test":"TestProtocolRouteAliases/POST/custom-voices","Output":"=== RUN   TestProtocolRouteAliases/POST/custom-voices\n","OutputType":"frame"}
{"Time":"2026-09-17T17:12:13.483669+08:00","Action":"output","Package":"github.com/TokenFlux/TokenRouter/internal/server/routes","Test":"TestProtocolRouteAliases/POST/custom-voices","Output":"--- PASS: TestProtocolRouteAliases/POST/custom-voices (0.00s)\n","OutputType":"frame"}
{"Time":"2026-09-17T17:12:13.483674+08:00","Action":"pass","Package":"github.com/TokenFlux/TokenRouter/internal/server/routes","Test":"TestProtocolRouteAliases/POST/custom-voices","Elapsed":0}
{"Time":"2026-09-17T17:12:13.48368+08:00","Action":"run","Package":"github.com/TokenFlux/TokenRouter/internal/server/routes","Test":"TestProtocolRouteAliases/POST/v1/custom-voices"}
{"Time":"2026-09-17T17:12:13.483683+08:00","Action":"output","Package":"github.com/TokenFlux/TokenRouter/internal/server/routes","Test":"TestProtocolRouteAliases/POST/v1/custom-voices","Output":"=== RUN   TestProtocolRouteAliases/POST/v1/custom-voices\n","OutputType":"frame"}
{"Time":"2026-09-17T17:12:13.483687+08:00","Action":"output","Package":"github.com/TokenFlux/TokenRouter/internal/server/routes","Test":"TestProtocolRouteAliases/POST/v1/custom-voices","Output":"--- PASS: TestProtocolRouteAliases/POST/v1/custom-voices (0.00s)\n","OutputType":"frame"}
{"Time":"2026-09-17T17:12:13.48369+08:00","Action":"pass","Package":"github.com/TokenFlux/TokenRouter/internal/server/routes","Test":"TestProtocolRouteAliases/POST/v1/custom-voices","Elapsed":0}
{"Time":"2026-09-17T17:12:13.483694+08:00","Action":"run","Package":"github.com/TokenFlux/TokenRouter/internal/server/routes","Test":"TestProtocolRouteAliases/POST/backend-api/codex/custom-voices"}
{"Time":"2026-09-17T17:12:13.483697+08:00","Action":"output","Package":"github.com/TokenFlux/TokenRouter/internal/server/routes","Test":"TestProtocolRouteAliases/POST/backend-api/codex/custom-voices","Output":"=== RUN   TestProtocolRouteAliases/POST/backend-api/codex/custom-voices\n","OutputType":"frame"}
{"Time":"2026-09-17T17:12:13.483702+08:00","Action":"output","Package":"github.com/TokenFlux/TokenRouter/internal/server/routes","Test":"TestProtocolRouteAliases/POST/backend-api/codex/custom-voices","Output":"--- PASS: TestProtocolRouteAliases/POST/backend-api/codex/custom-voices (0.00s)\n","OutputType":"frame"}
{"Time":"2026-09-17T17:12:13.483706+08:00","Action":"pass","Package":"github.com/TokenFlux/TokenRouter/internal/server/routes","Test":"TestProtocolRouteAliases/POST/backend-api/codex/custom-voices","Elapsed":0}
{"Time":"2026-09-17T17:12:13.483709+08:00","Action":"run","Package":"github.com/TokenFlux/TokenRouter/internal/server/routes","Test":"TestProtocolRouteAliases/GET/realtime"}
{"Time":"2026-09-17T17:12:13.483711+08:00","Action":"output","Package":"github.com/TokenFlux/TokenRouter/internal/server/routes","Test":"TestProtocolRouteAliases/GET/realtime","Output":"=== RUN   TestProtocolRouteAliases/GET/realtime\n","OutputType":"frame"}
{"Time":"2026-09-17T17:12:13.483714+08:00","Action":"output","Package":"github.com/TokenFlux/TokenRouter/internal/server/routes","Test":"TestProtocolRouteAliases/GET/realtime","Output":"--- PASS: TestProtocolRouteAliases/GET/realtime (0.00s)\n","OutputType":"frame"}
{"Time":"2026-09-17T17:12:13.483717+08:00","Action":"pass","Package":"github.com/TokenFlux/TokenRouter/internal/server/routes","Test":"TestProtocolRouteAliases/GET/realtime","Elapsed":0}
{"Time":"2026-09-17T17:12:13.48372+08:00","Action":"run","Package":"github.com/TokenFlux/TokenRouter/internal/server/routes","Test":"TestProtocolRouteAliases/GET/v1/realtime"}
{"Time":"2026-09-17T17:12:13.483723+08:00","Action":"output","Package":"github.com/TokenFlux/TokenRouter/internal/server/routes","Test":"TestProtocolRouteAliases/GET/v1/realtime","Output":"=== RUN   TestProtocolRouteAliases/GET/v1/realtime\n","OutputType":"frame"}
{"Time":"2026-09-17T17:12:13.483732+08:00","Action":"output","Package":"github.com/TokenFlux/TokenRouter/internal/server/routes","Test":"TestProtocolRouteAliases/GET/v1/realtime","Output":"--- PASS: TestProtocolRouteAliases/GET/v1/realtime (0.00s)\n","OutputType":"frame"}
{"Time":"2026-09-17T17:12:13.483737+08:00","Action":"pass","Package":"github.com/TokenFlux/TokenRouter/internal/server/routes","Test":"TestProtocolRouteAliases/GET/v1/realtime","Elapsed":0}
{"Time":"2026-09-17T17:12:13.48374+08:00","Action":"run","Package":"github.com/TokenFlux/TokenRouter/internal/server/routes","Test":"TestProtocolRouteAliases/GET/backend-api/codex/realtime"}
{"Time":"2026-09-17T17:12:13.483742+08:00","Action":"output","Package":"github.com/TokenFlux/TokenRouter/internal/server/routes","Test":"TestProtocolRouteAliases/GET/backend-api/codex/realtime","Output":"=== RUN   TestProtocolRouteAliases/GET/backend-api/codex/realtime\n","OutputType":"frame"}
{"Time":"2026-09-17T17:12:13.483745+08:00","Action":"output","Package":"github.com/TokenFlux/TokenRouter/internal/server/routes","Test":"TestProtocolRouteAliases/GET/backend-api/codex/realtime","Output":"--- PASS: TestProtocolRouteAliases/GET/backend-api/codex/realtime (0.00s)\n","OutputType":"frame"}
{"Time":"2026-09-17T17:12:13.483749+08:00","Action":"pass","Package":"github.com/TokenFlux/TokenRouter/internal/server/routes","Test":"TestProtocolRouteAliases/GET/backend-api/codex/realtime","Elapsed":0}
{"Time":"2026-09-17T17:12:13.483751+08:00","Action":"run","Package":"github.com/TokenFlux/TokenRouter/internal/server/routes","Test":"TestProtocolRouteAliases/GET/responses"}
{"Time":"2026-09-17T17:12:13.483754+08:00","Action":"output","Package":"github.com/TokenFlux/TokenRouter/internal/server/routes","Test":"TestProtocolRouteAliases/GET/responses","Output":"=== RUN   TestProtocolRouteAliases/GET/responses\n","OutputType":"frame"}
{"Time":"2026-09-17T17:12:13.483756+08:00","Action":"output","Package":"github.com/TokenFlux/TokenRouter/internal/server/routes","Test":"TestProtocolRouteAliases/GET/responses","Output":"--- PASS: TestProtocolRouteAliases/GET/responses (0.00s)\n","OutputType":"frame"}
{"Time":"2026-09-17T17:12:13.48376+08:00","Action":"pass","Package":"github.com/TokenFlux/TokenRouter/internal/server/routes","Test":"TestProtocolRouteAliases/GET/responses","Elapsed":0}
{"Time":"2026-09-17T17:12:13.483764+08:00","Action":"run","Package":"github.com/TokenFlux/TokenRouter/internal/server/routes","Test":"TestProtocolRouteAliases/GET/v1/responses"}
{"Time":"2026-09-17T17:12:13.483767+08:00","Action":"output","Package":"github.com/TokenFlux/TokenRouter/internal/server/routes","Test":"TestProtocolRouteAliases/GET/v1/responses","Output":"=== RUN   TestProtocolRouteAliases/GET/v1/responses\n","OutputType":"frame"}
{"Time":"2026-09-17T17:12:13.48377+08:00","Action":"output","Package":"github.com/TokenFlux/TokenRouter/internal/server/routes","Test":"TestProtocolRouteAliases/GET/v1/responses","Output":"--- PASS: TestProtocolRouteAliases/GET/v1/responses (0.00s)\n","OutputType":"frame"}
{"Time":"2026-09-17T17:12:13.483774+08:00","Action":"pass","Package":"github.com/TokenFlux/TokenRouter/internal/server/routes","Test":"TestProtocolRouteAliases/GET/v1/responses","Elapsed":0}
{"Time":"2026-09-17T17:12:13.483777+08:00","Action":"run","Package":"github.com/TokenFlux/TokenRouter/internal/server/routes","Test":"TestProtocolRouteAliases/GET/backend-api/codex/responses"}
{"Time":"2026-09-17T17:12:13.483779+08:00","Action":"output","Package":"github.com/TokenFlux/TokenRouter/internal/server/routes","Test":"TestProtocolRouteAliases/GET/backend-api/codex/responses","Output":"=== RUN   TestProtocolRouteAliases/GET/backend-api/codex/responses\n","OutputType":"frame"}
{"Time":"2026-09-17T17:12:13.483782+08:00","Action":"output","Package":"github.com/TokenFlux/TokenRouter/internal/server/routes","Test":"TestProtocolRouteAliases/GET/backend-api/codex/responses","Output":"--- PASS: TestProtocolRouteAliases/GET/backend-api/codex/responses (0.00s)\n","OutputType":"frame"}
{"Time":"2026-09-17T17:12:13.483785+08:00","Action":"pass","Package":"github.com/TokenFlux/TokenRouter/internal/server/routes","Test":"TestProtocolRouteAliases/GET/backend-api/codex/responses","Elapsed":0}
{"Time":"2026-09-17T17:12:13.483786+08:00","Action":"run","Package":"github.com/TokenFlux/TokenRouter/internal/server/routes","Test":"TestProtocolRouteAliases/POST/live"}
{"Time":"2026-09-17T17:12:13.483788+08:00","Action":"output","Package":"github.com/TokenFlux/TokenRouter/internal/server/routes","Test":"TestProtocolRouteAliases/POST/live","Output":"=== RUN   TestProtocolRouteAliases/POST/live\n","OutputType":"frame"}
{"Time":"2026-09-17T17:12:13.48379+08:00","Action":"output","Package":"github.com/TokenFlux/TokenRouter/internal/server/routes","Test":"TestProtocolRouteAliases/POST/live","Output":"--- PASS: TestProtocolRouteAliases/POST/live (0.00s)\n","OutputType":"frame"}
{"Time":"2026-09-17T17:12:13.483792+08:00","Action":"pass","Package":"github.com/TokenFlux/TokenRouter/internal/server/routes","Test":"TestProtocolRouteAliases/POST/live","Elapsed":0}
{"Time":"2026-09-17T17:12:13.483794+08:00","Action":"run","Package":"github.com/TokenFlux/TokenRouter/internal/server/routes","Test":"TestProtocolRouteAliases/POST/v1/live"}
{"Time":"2026-09-17T17:12:13.483795+08:00","Action":"output","Package":"github.com/TokenFlux/TokenRouter/internal/server/routes","Test":"TestProtocolRouteAliases/POST/v1/live","Output":"=== RUN   TestProtocolRouteAliases/POST/v1/live\n","OutputType":"frame"}
{"Time":"2026-09-17T17:12:13.4838+08:00","Action":"output","Package":"github.com/TokenFlux/TokenRouter/internal/server/routes","Test":"TestProtocolRouteAliases/POST/v1/live","Output":"--- PASS: TestProtocolRouteAliases/POST/v1/live (0.00s)\n","OutputType":"frame"}
{"Time":"2026-09-17T17:12:13.483802+08:00","Action":"pass","Package":"github.com/TokenFlux/TokenRouter/internal/server/routes","Test":"TestProtocolRouteAliases/POST/v1/live","Elapsed":0}
{"Time":"2026-09-17T17:12:13.483803+08:00","Action":"run","Package":"github.com/TokenFlux/TokenRouter/internal/server/routes","Test":"TestProtocolRouteAliases/POST/backend-api/codex/live"}
{"Time":"2026-09-17T17:12:13.483805+08:00","Action":"output","Package":"github.com/TokenFlux/TokenRouter/internal/server/routes","Test":"TestProtocolRouteAliases/POST/backend-api/codex/live","Output":"=== RUN   TestProtocolRouteAliases/POST/backend-api/codex/live\n","OutputType":"frame"}
{"Time":"2026-09-17T17:12:13.483807+08:00","Action":"output","Package":"github.com/TokenFlux/TokenRouter/internal/server/routes","Test":"TestProtocolRouteAliases/POST/backend-api/codex/live","Output":"--- PASS: TestProtocolRouteAliases/POST/backend-api/codex/live (0.00s)\n","OutputType":"frame"}
{"Time":"2026-09-17T17:12:13.483809+08:00","Action":"pass","Package":"github.com/TokenFlux/TokenRouter/internal/server/routes","Test":"TestProtocolRouteAliases/POST/backend-api/codex/live","Elapsed":0}
{"Time":"2026-09-17T17:12:13.48381+08:00","Action":"run","Package":"github.com/TokenFlux/TokenRouter/internal/server/routes","Test":"TestProtocolRouteAliases/POST/realtime/calls"}
{"Time":"2026-09-17T17:12:13.483812+08:00","Action":"output","Package":"github.com/TokenFlux/TokenRouter/internal/server/routes","Test":"TestProtocolRouteAliases/POST/realtime/calls","Output":"=== RUN   TestProtocolRouteAliases/POST/realtime/calls\n","OutputType":"frame"}
{"Time":"2026-09-17T17:12:13.483814+08:00","Action":"output","Package":"github.com/TokenFlux/TokenRouter/internal/server/routes","Test":"TestProtocolRouteAliases/POST/realtime/calls","Output":"--- PASS: TestProtocolRouteAliases/POST/realtime/calls (0.00s)\n","OutputType":"frame"}
{"Time":"2026-09-17T17:12:13.483816+08:00","Action":"pass","Package":"github.com/TokenFlux/TokenRouter/internal/server/routes","Test":"TestProtocolRouteAliases/POST/realtime/calls","Elapsed":0}
{"Time":"2026-09-17T17:12:13.483818+08:00","Action":"run","Package":"github.com/TokenFlux/TokenRouter/internal/server/routes","Test":"TestProtocolRouteAliases/POST/v1/realtime/calls"}
{"Time":"2026-09-17T17:12:13.483819+08:00","Action":"output","Package":"github.com/TokenFlux/TokenRouter/internal/server/routes","Test":"TestProtocolRouteAliases/POST/v1/realtime/calls","Output":"=== RUN   TestProtocolRouteAliases/POST/v1/realtime/calls\n","OutputType":"frame"}
{"Time":"2026-09-17T17:12:13.483821+08:00","Action":"output","Package":"github.com/TokenFlux/TokenRouter/internal/server/routes","Test":"TestProtocolRouteAliases/POST/v1/realtime/calls","Output":"--- PASS: TestProtocolRouteAliases/POST/v1/realtime/calls (0.00s)\n","OutputType":"frame"}
{"Time":"2026-09-17T17:12:13.483823+08:00","Action":"pass","Package":"github.com/TokenFlux/TokenRouter/internal/server/routes","Test":"TestProtocolRouteAliases/POST/v1/realtime/calls","Elapsed":0}
{"Time":"2026-09-17T17:12:13.483825+08:00","Action":"run","Package":"github.com/TokenFlux/TokenRouter/internal/server/routes","Test":"TestProtocolRouteAliases/POST/backend-api/codex/realtime/calls"}
{"Time":"2026-09-17T17:12:13.483826+08:00","Action":"output","Package":"github.com/TokenFlux/TokenRouter/internal/server/routes","Test":"TestProtocolRouteAliases/POST/backend-api/codex/realtime/calls","Output":"=== RUN   TestProtocolRouteAliases/POST/backend-api/codex/realtime/calls\n","OutputType":"frame"}
{"Time":"2026-09-17T17:12:13.483828+08:00","Action":"output","Package":"github.com/TokenFlux/TokenRouter/internal/server/routes","Test":"TestProtocolRouteAliases/POST/backend-api/codex/realtime/calls","Output":"--- PASS: TestProtocolRouteAliases/POST/backend-api/codex/realtime/calls (0.00s)\n","OutputType":"frame"}
{"Time":"2026-09-17T17:12:13.48383+08:00","Action":"pass","Package":"github.com/TokenFlux/TokenRouter/internal/server/routes","Test":"TestProtocolRouteAliases/POST/backend-api/codex/realtime/calls","Elapsed":0}
{"Time":"2026-09-17T17:12:13.483833+08:00","Action":"run","Package":"github.com/TokenFlux/TokenRouter/internal/server/routes","Test":"TestProtocolRouteAliases/POST/responses/compact"}
{"Time":"2026-09-17T17:12:13.483835+08:00","Action":"output","Package":"github.com/TokenFlux/TokenRouter/internal/server/routes","Test":"TestProtocolRouteAliases/POST/responses/compact","Output":"=== RUN   TestProtocolRouteAliases/POST/responses/compact\n","OutputType":"frame"}
{"Time":"2026-09-17T17:12:13.483838+08:00","Action":"output","Package":"github.com/TokenFlux/TokenRouter/internal/server/routes","Test":"TestProtocolRouteAliases/POST/responses/compact","Output":"--- PASS: TestProtocolRouteAliases/POST/responses/compact (0.00s)\n","OutputType":"frame"}
{"Time":"2026-09-17T17:12:13.48384+08:00","Action":"pass","Package":"github.com/TokenFlux/TokenRouter/internal/server/routes","Test":"TestProtocolRouteAliases/POST/responses/compact","Elapsed":0}
{"Time":"2026-09-17T17:12:13.483842+08:00","Action":"run","Package":"github.com/TokenFlux/TokenRouter/internal/server/routes","Test":"TestProtocolRouteAliases/POST/v1/responses/compact"}
{"Time":"2026-09-17T17:12:13.483843+08:00","Action":"output","Package":"github.com/TokenFlux/TokenRouter/internal/server/routes","Test":"TestProtocolRouteAliases/POST/v1/responses/compact","Output":"=== RUN   TestProtocolRouteAliases/POST/v1/responses/compact\n","OutputType":"frame"}
{"Time":"2026-09-17T17:12:13.483847+08:00","Action":"output","Package":"github.com/TokenFlux/TokenRouter/internal/server/routes","Test":"TestProtocolRouteAliases/POST/v1/responses/compact","Output":"--- PASS: TestProtocolRouteAliases/POST/v1/responses/compact (0.00s)\n","OutputType":"frame"}
{"Time":"2026-09-17T17:12:13.483851+08:00","Action":"pass","Package":"github.com/TokenFlux/TokenRouter/internal/server/routes","Test":"TestProtocolRouteAliases/POST/v1/responses/compact","Elapsed":0}
{"Time":"2026-09-17T17:12:13.483853+08:00","Action":"run","Package":"github.com/TokenFlux/TokenRouter/internal/server/routes","Test":"TestProtocolRouteAliases/POST/backend-api/codex/responses/compact"}
{"Time":"2026-09-17T17:12:13.483857+08:00","Action":"output","Package":"github.com/TokenFlux/TokenRouter/internal/server/routes","Test":"TestProtocolRouteAliases/POST/backend-api/codex/responses/compact","Output":"=== RUN   TestProtocolRouteAliases/POST/backend-api/codex/responses/compact\n","OutputType":"frame"}
{"Time":"2026-09-17T17:12:13.48386+08:00","Action":"output","Package":"github.com/TokenFlux/TokenRouter/internal/server/routes","Test":"TestProtocolRouteAliases/POST/backend-api/codex/responses/compact","Output":"--- PASS: TestProtocolRouteAliases/POST/backend-api/codex/responses/compact (0.00s)\n","OutputType":"frame"}
{"Time":"2026-09-17T17:12:13.483864+08:00","Action":"pass","Package":"github.com/TokenFlux/TokenRouter/internal/server/routes","Test":"TestProtocolRouteAliases/POST/backend-api/codex/responses/compact","Elapsed":0}
{"Time":"2026-09-17T17:12:13.483869+08:00","Action":"run","Package":"github.com/TokenFlux/TokenRouter/internal/server/routes","Test":"TestProtocolRouteAliases/POST/alpha/search"}
{"Time":"2026-09-17T17:12:13.483872+08:00","Action":"output","Package":"github.com/TokenFlux/TokenRouter/internal/server/routes","Test":"TestProtocolRouteAliases/POST/alpha/search","Output":"=== RUN   TestProtocolRouteAliases/POST/alpha/search\n","OutputType":"frame"}
{"Time":"2026-09-17T17:12:13.483874+08:00","Action":"output","Package":"github.com/TokenFlux/TokenRouter/internal/server/routes","Test":"TestProtocolRouteAliases/POST/alpha/search","Output":"--- PASS: TestProtocolRouteAliases/POST/alpha/search (0.00s)\n","OutputType":"frame"}
{"Time":"2026-09-17T17:12:13.483877+08:00","Action":"pass","Package":"github.com/TokenFlux/TokenRouter/internal/server/routes","Test":"TestProtocolRouteAliases/POST/alpha/search","Elapsed":0}
{"Time":"2026-09-17T17:12:13.48388+08:00","Action":"run","Package":"github.com/TokenFlux/TokenRouter/internal/server/routes","Test":"TestProtocolRouteAliases/POST/v1/alpha/search"}
{"Time":"2026-09-17T17:12:13.483882+08:00","Action":"output","Package":"github.com/TokenFlux/TokenRouter/internal/server/routes","Test":"TestProtocolRouteAliases/POST/v1/alpha/search","Output":"=== RUN   TestProtocolRouteAliases/POST/v1/alpha/search\n","OutputType":"frame"}
{"Time":"2026-09-17T17:12:13.483884+08:00","Action":"output","Package":"github.com/TokenFlux/TokenRouter/internal/server/routes","Test":"TestProtocolRouteAliases/POST/v1/alpha/search","Output":"--- PASS: TestProtocolRouteAliases/POST/v1/alpha/search (0.00s)\n","OutputType":"frame"}
{"Time":"2026-09-17T17:12:13.483886+08:00","Action":"pass","Package":"github.com/TokenFlux/TokenRouter/internal/server/routes","Test":"TestProtocolRouteAliases/POST/v1/alpha/search","Elapsed":0}
{"Time":"2026-09-17T17:12:13.483888+08:00","Action":"run","Package":"github.com/TokenFlux/TokenRouter/internal/server/routes","Test":"TestProtocolRouteAliases/POST/backend-api/codex/alpha/search"}
{"Time":"2026-09-17T17:12:13.483889+08:00","Action":"output","Package":"github.com/TokenFlux/TokenRouter/internal/server/routes","Test":"TestProtocolRouteAliases/POST/backend-api/codex/alpha/search","Output":"=== RUN   TestProtocolRouteAliases/POST/backend-api/codex/alpha/search\n","OutputType":"frame"}
{"Time":"2026-09-17T17:12:13.483891+08:00","Action":"output","Package":"github.com/TokenFlux/TokenRouter/internal/server/routes","Test":"TestProtocolRouteAliases/POST/backend-api/codex/alpha/search","Output":"--- PASS: TestProtocolRouteAliases/POST/backend-api/codex/alpha/search (0.00s)\n","OutputType":"frame"}
{"Time":"2026-09-17T17:12:13.483894+08:00","Action":"pass","Package":"github.com/TokenFlux/TokenRouter/internal/server/routes","Test":"TestProtocolRouteAliases/POST/backend-api/codex/alpha/search","Elapsed":0}
{"Time":"2026-09-17T17:12:13.483897+08:00","Action":"run","Package":"github.com/TokenFlux/TokenRouter/internal/server/routes","Test":"TestProtocolRouteAliases/POST/web_search"}
{"Time":"2026-09-17T17:12:13.483901+08:00","Action":"output","Package":"github.com/TokenFlux/TokenRouter/internal/server/routes","Test":"TestProtocolRouteAliases/POST/web_search","Output":"=== RUN   TestProtocolRouteAliases/POST/web_search\n","OutputType":"frame"}
{"Time":"2026-09-17T17:12:13.483903+08:00","Action":"output","Package":"github.com/TokenFlux/TokenRouter/internal/server/routes","Test":"TestProtocolRouteAliases/POST/web_search","Output":"--- PASS: TestProtocolRouteAliases/POST/web_search (0.00s)\n","OutputType":"frame"}
{"Time":"2026-09-17T17:12:13.483905+08:00","Action":"pass","Package":"github.com/TokenFlux/TokenRouter/internal/server/routes","Test":"TestProtocolRouteAliases/POST/web_search","Elapsed":0}
{"Time":"2026-09-17T17:12:13.483907+08:00","Action":"run","Package":"github.com/TokenFlux/TokenRouter/internal/server/routes","Test":"TestProtocolRouteAliases/POST/v1/web_search"}
{"Time":"2026-09-17T17:12:13.483909+08:00","Action":"output","Package":"github.com/TokenFlux/TokenRouter/internal/server/routes","Test":"TestProtocolRouteAliases/POST/v1/web_search","Output":"=== RUN   TestProtocolRouteAliases/POST/v1/web_search\n","OutputType":"frame"}
{"Time":"2026-09-17T17:12:13.483911+08:00","Action":"output","Package":"github.com/TokenFlux/TokenRouter/internal/server/routes","Test":"TestProtocolRouteAliases/POST/v1/web_search","Output":"--- PASS: TestProtocolRouteAliases/POST/v1/web_search (0.00s)\n","OutputType":"frame"}
{"Time":"2026-09-17T17:12:13.483913+08:00","Action":"pass","Package":"github.com/TokenFlux/TokenRouter/internal/server/routes","Test":"TestProtocolRouteAliases/POST/v1/web_search","Elapsed":0}
{"Time":"2026-09-17T17:12:13.483915+08:00","Action":"run","Package":"github.com/TokenFlux/TokenRouter/internal/server/routes","Test":"TestProtocolRouteAliases/POST/backend-api/codex/web_search"}
{"Time":"2026-09-17T17:12:13.483917+08:00","Action":"output","Package":"github.com/TokenFlux/TokenRouter/internal/server/routes","Test":"TestProtocolRouteAliases/POST/backend-api/codex/web_search","Output":"=== RUN   TestProtocolRouteAliases/POST/backend-api/codex/web_search\n","OutputType":"frame"}
{"Time":"2026-09-17T17:12:13.483919+08:00","Action":"output","Package":"github.com/TokenFlux/TokenRouter/internal/server/routes","Test":"TestProtocolRouteAliases/POST/backend-api/codex/web_search","Output":"--- PASS: TestProtocolRouteAliases/POST/backend-api/codex/web_search (0.00s)\n","OutputType":"frame"}
{"Time":"2026-09-17T17:12:13.483921+08:00","Action":"pass","Package":"github.com/TokenFlux/TokenRouter/internal/server/routes","Test":"TestProtocolRouteAliases/POST/backend-api/codex/web_search","Elapsed":0}
{"Time":"2026-09-17T17:12:13.483923+08:00","Action":"run","Package":"github.com/TokenFlux/TokenRouter/internal/server/routes","Test":"TestProtocolRouteAliases/POST/x_search"}
{"Time":"2026-09-17T17:12:13.483925+08:00","Action":"output","Package":"github.com/TokenFlux/TokenRouter/internal/server/routes","Test":"TestProtocolRouteAliases/POST/x_search","Output":"=== RUN   TestProtocolRouteAliases/POST/x_search\n","OutputType":"frame"}
{"Time":"2026-09-17T17:12:13.483927+08:00","Action":"output","Package":"github.com/TokenFlux/TokenRouter/internal/server/routes","Test":"TestProtocolRouteAliases/POST/x_search","Output":"--- PASS: TestProtocolRouteAliases/POST/x_search (0.00s)\n","OutputType":"frame"}
{"Time":"2026-09-17T17:12:13.483931+08:00","Action":"pass","Package":"github.com/TokenFlux/TokenRouter/internal/server/routes","Test":"TestProtocolRouteAliases/POST/x_search","Elapsed":0}
{"Time":"2026-09-17T17:12:13.483935+08:00","Action":"run","Package":"github.com/TokenFlux/TokenRouter/internal/server/routes","Test":"TestProtocolRouteAliases/POST/v1/x_search"}
{"Time":"2026-09-17T17:12:13.483942+08:00","Action":"output","Package":"github.com/TokenFlux/TokenRouter/internal/server/routes","Test":"TestProtocolRouteAliases/POST/v1/x_search","Output":"=== RUN   TestProtocolRouteAliases/POST/v1/x_search\n","OutputType":"frame"}
{"Time":"2026-09-17T17:12:13.483945+08:00","Action":"output","Package":"github.com/TokenFlux/TokenRouter/internal/server/routes","Test":"TestProtocolRouteAliases/POST/v1/x_search","Output":"--- PASS: TestProtocolRouteAliases/POST/v1/x_search (0.00s)\n","OutputType":"frame"}
{"Time":"2026-09-17T17:12:13.483949+08:00","Action":"pass","Package":"github.com/TokenFlux/TokenRouter/internal/server/routes","Test":"TestProtocolRouteAliases/POST/v1/x_search","Elapsed":0}
{"Time":"2026-09-17T17:12:13.483953+08:00","Action":"run","Package":"github.com/TokenFlux/TokenRouter/internal/server/routes","Test":"TestProtocolRouteAliases/POST/backend-api/codex/x_search"}
{"Time":"2026-09-17T17:12:13.483956+08:00","Action":"output","Package":"github.com/TokenFlux/TokenRouter/internal/server/routes","Test":"TestProtocolRouteAliases/POST/backend-api/codex/x_search","Output":"=== RUN   TestProtocolRouteAliases/POST/backend-api/codex/x_search\n","OutputType":"frame"}
{"Time":"2026-09-17T17:12:13.483959+08:00","Action":"output","Package":"github.com/TokenFlux/TokenRouter/internal/server/routes","Test":"TestProtocolRouteAliases/POST/backend-api/codex/x_search","Output":"--- PASS: TestProtocolRouteAliases/POST/backend-api/codex/x_search (0.00s)\n","OutputType":"frame"}
{"Time":"2026-09-17T17:12:13.483961+08:00","Action":"pass","Package":"github.com/TokenFlux/TokenRouter/internal/server/routes","Test":"TestProtocolRouteAliases/POST/backend-api/codex/x_search","Elapsed":0}
{"Time":"2026-09-17T17:12:13.483964+08:00","Action":"output","Package":"github.com/TokenFlux/TokenRouter/internal/server/routes","Test":"TestProtocolRouteAliases","Output":"--- PASS: TestProtocolRouteAliases (0.00s)\n","OutputType":"frame"}
{"Time":"2026-09-17T17:12:13.483967+08:00","Action":"pass","Package":"github.com/TokenFlux/TokenRouter/internal/server/routes","Test":"TestProtocolRouteAliases","Elapsed":0}
{"Time":"2026-09-17T17:12:13.483969+08:00","Action":"run","Package":"github.com/TokenFlux/TokenRouter/internal/server/routes","Test":"TestRemovedFeatureRoutesReturnNotFound"}
{"Time":"2026-09-17T17:12:13.483972+08:00","Action":"output","Package":"github.com/TokenFlux/TokenRouter/internal/server/routes","Test":"TestRemovedFeatureRoutesReturnNotFound","Output":"=== RUN   TestRemovedFeatureRoutesReturnNotFound\n","OutputType":"frame"}
{"Time":"2026-09-17T17:12:13.483978+08:00","Action":"output","Package":"github.com/TokenFlux/TokenRouter/internal/server/routes","Test":"TestRemovedFeatureRoutesReturnNotFound","Output":"--- PASS: TestRemovedFeatureRoutesReturnNotFound (0.00s)\n","OutputType":"frame"}
{"Time":"2026-09-17T17:12:13.48398+08:00","Action":"pass","Package":"github.com/TokenFlux/TokenRouter/internal/server/routes","Test":"TestRemovedFeatureRoutesReturnNotFound","Elapsed":0}
{"Time":"2026-09-17T17:12:13.483982+08:00","Action":"output","Package":"github.com/TokenFlux/TokenRouter/internal/server/routes","Output":"PASS\n","OutputType":"frame"}
{"Time":"2026-09-17T17:12:13.485336+08:00","Action":"output","Package":"github.com/TokenFlux/TokenRouter/internal/server/routes","Output":"ok  \tgithub.com/TokenFlux/TokenRouter/internal/server/routes\t4.713s\n"}
{"Time":"2026-09-17T17:12:13.485344+08:00","Action":"pass","Package":"github.com/TokenFlux/TokenRouter/internal/server/routes","Elapsed":4.713}
